OrderID,OrderDate,CustomerID,CustomerName,ProductID,ProductName,Category,Brand,Quantity,UnitPrice,Discount,Tax,ShippingCost,TotalAmount,PaymentMethod,OrderStatus,City,State,Country,SellerID
ORD0000001,31-01-2023,CUST001504,Vihaan Sharma,P00014,Drone Mini,Books,BrightLux,3,106.59,0,0,0.09,319.86,Debit Card,Delivered,Washington,DC,India,SELL01967
ORD0000002,30-12-2023,CUST000178,Pooja Kumar,P00040,Microphone,Home & Kitchen,UrbanStyle,1,251.37,0.05,19.1,1.74,259.64,Amazon Pay,Delivered,Fort Worth,TX,United States,SELL01298
ORD0000003,10-05-2022,CUST047516,Sneha Singh,P00044,Power Bank 20000mAh,Clothing,UrbanStyle,3,35.03,0.1,7.57,5.91,108.06,Debit Card,Delivered,Austin,TX,United States,SELL00908
ORD0000004,18-07-2023,CUST030059,Vihaan Reddy,P00041,Webcam Full HD,Home & Kitchen,Zenith,5,33.58,0.15,11.42,5.53,159.66,Cash on Delivery,Delivered,Charlotte,NC,India,SELL01164
ORD0000005,04-02-2023,CUST048677,Aditya Kapoor,P00029,T-Shirt,Clothing,KiddoFun,2,515.64,0.25,38.67,9.23,821.36,Credit Card,Cancelled,San Antonio,TX,Canada,SELL01411
ORD0000006,31-12-2022,CUST042705,Karan Sharma,P00023,Cookware Set,Books,ReadMore,4,449.73,0,215.87,2.74,2017.53,UPI,Delivered,Los Angeles,CA,United States,SELL01494
ORD0000007,20-09-2024,CUST037667,Aarav Verma,P00030,Dress Shirt,Clothing,UrbanStyle,2,219.81,0.2,28.14,14.97,394.81,UPI,Delivered,Chicago,IL,Australia,SELL01676
ORD0000008,10-11-2022,CUST031165,Rohit Kumar,P00028,Jeans,Toys & Games,KiddoFun,2,306.51,0.05,29.12,6.24,617.73,Debit Card,Pending,Denver,CO,India,SELL00510
ORD0000009,26-06-2024,CUST026965,Aman Kapoor,P00031,Kids Toy Car,Sports & Outdoors,Apex,4,146.09,0,46.75,7.03,638.14,Debit Card,Delivered,Washington,DC,United States,SELL01895
ORD0000010,01-05-2020,CUST029472,Aarav Reddy,P00001,Wireless Earbuds,Clothing,Apex,2,278.21,0.1,60.09,4.88,565.75,Credit Card,Delivered,Houston,TX,United States,SELL01584
ORD0000011,11-04-2021,CUST005346,Rohit Reddy,P00046,Car Charger,Books,HomeEase,1,141.42,0.05,6.72,9.7,150.77,Amazon Pay,Delivered,Jacksonville,FL,Australia,SELL01217
ORD0000012,23-05-2023,CUST046088,Karan Kumar,P00042,Projector Mini,Home & Kitchen,KiddoFun,5,346.56,0.05,131.69,13.38,1791.23,Credit Card,Shipped,Charlotte,NC,Australia,SELL01160
ORD0000013,26-11-2020,CUST026576,Simran Kapoor,P00018,Vacuum Cleaner,Home & Kitchen,Zenith,4,496.76,0.05,94.38,4.43,1986.5,UPI,Delivered,New York,NY,United States,SELL00719
ORD0000014,22-01-2024,CUST006051,Pooja Sharma,P00040,Microphone,Home & Kitchen,Apex,3,523.27,0,188.38,8.04,1766.23,Debit Card,Shipped,Seattle,WA,United States,SELL00672
ORD0000015,28-03-2020,CUST025111,Mohit Mehta,P00035,Desk Plant,Books,HomeEase,4,291.37,0.1,52.45,1.76,1103.14,Net Banking,Delivered,Indianapolis,IN,United States,SELL01541
ORD0000016,28-10-2023,CUST040957,Anjali Gupta,P00028,Jeans,Sports & Outdoors,HomeEase,4,533.12,0.25,79.97,2.58,1681.91,Amazon Pay,Delivered,Jacksonville,FL,United States,SELL00437
ORD0000017,28-01-2023,CUST000735,Arjun Kumar,P00025,Running Shoes,Home & Kitchen,Zenith,4,453.47,0.1,0,4.39,1636.88,Amazon Pay,Delivered,Philadelphia,PA,United States,SELL01971
ORD0000018,21-05-2022,CUST038237,Anjali Verma,P00039,Graphic Tablet,Toys & Games,KiddoFun,5,547.58,0,0,10.06,2747.96,Amazon Pay,Delivered,Seattle,WA,United States,SELL00132
ORD0000019,14-08-2024,CUST040211,Aditya Mehta,P00033,Puzzle 1000pc,Electronics,ReadMore,5,529.19,0,317.51,4.57,2968.03,Amazon Pay,Returned,Phoenix,AZ,United States,SELL01907
ORD0000020,10-05-2020,CUST046893,Vihaan Patel,P00040,Microphone,Sports & Outdoors,HomeEase,3,303.53,0,72.85,4.18,987.62,UPI,Delivered,San Diego,CA,United States,SELL00881
ORD0000021,12-08-2024,CUST041508,Vikas Kapoor,P00028,Jeans,Toys & Games,Apex,1,226.26,0,11.31,9.55,247.12,Credit Card,Delivered,Fort Worth,TX,United States,SELL01947
ORD0000022,25-08-2023,CUST048817,Pooja Sharma,P00010,Smartwatch,Books,ReadMore,4,493.47,0,98.69,11.8,2084.37,Credit Card,Delivered,Chicago,IL,Australia,SELL01672
ORD0000023,08-02-2022,CUST048828,Simran Reddy,P00003,Smartphone Case,Toys & Games,Apex,5,452.12,0,113.03,9.62,2383.25,Debit Card,Delivered,Phoenix,AZ,Canada,SELL01102
ORD0000024,09-12-2020,CUST033080,Vihaan Mehta,P00021,Backpack,Electronics,ReadMore,3,107.95,0.1,0,8.29,299.76,Net Banking,Delivered,Dallas,TX,United States,SELL01507
ORD0000025,24-02-2024,CUST041929,Aditya Reddy,P00008,4K Monitor,Toys & Games,KiddoFun,1,16.68,0.15,1.13,2.39,17.7,Credit Card,Delivered,Jacksonville,FL,United States,SELL01553
ORD0000026,08-12-2023,CUST035043,Priya Kapoor,P00030,Dress Shirt,Clothing,Apex,4,380.23,0.2,60.84,9.28,1286.86,Amazon Pay,Pending,Columbus,OH,Canada,SELL00342
ORD0000027,16-03-2022,CUST043777,Vikas Kapoor,P00036,Smart Light Bulb,Toys & Games,UrbanStyle,3,569.69,0.25,153.82,14.27,1449.89,Credit Card,Delivered,San Francisco,CA,United States,SELL01129
ORD0000028,20-01-2021,CUST037985,Rohit Verma,P00019,LED Desk Lamp,Books,HomeEase,3,138.33,0,49.8,3.37,468.16,Debit Card,Delivered,San Antonio,TX,United Kingdom,SELL01796
ORD0000029,30-04-2023,CUST000721,Vivaan Kumar,P00036,Smart Light Bulb,Electronics,Zenith,3,381.45,0,205.98,8.99,1359.32,Credit Card,Delivered,Denver,CO,United States,SELL01715
ORD0000030,13-08-2022,CUST008013,Priya Verma,P00045,Phone Tripod,Toys & Games,ReadMore,5,199.99,0,179.99,5.19,1185.13,UPI,Delivered,Phoenix,AZ,United States,SELL00874
ORD0000031,03-10-2020,CUST018693,Sneha Verma,P00046,Car Charger,Books,Apex,2,269.8,0,97.13,1.49,638.22,Debit Card,Delivered,Charlotte,NC,United Kingdom,SELL01318
ORD0000032,30-03-2023,CUST044089,Sunita Gupta,P00006,Gaming Mouse,Sports & Outdoors,FitLife,4,126.5,0.1,22.77,7.01,485.18,Credit Card,Shipped,Houston,TX,India,SELL00384
ORD0000033,04-04-2021,CUST011946,Simran Patel,P00047,Memory Card 128GB,Electronics,CoreTech,2,151.95,0.05,14.44,3.5,306.64,Credit Card,Delivered,Washington,DC,United States,SELL01798
ORD0000034,30-08-2023,CUST049225,Mohit Patel,P00046,Car Charger,Clothing,HomeEase,1,218.74,0,10.94,12.22,241.9,Credit Card,Delivered,Austin,TX,United States,SELL00219
ORD0000035,22-01-2020,CUST048518,Vikas Kumar,P00021,Backpack,Sports & Outdoors,BrightLux,5,294.8,0.1,159.19,4.08,1489.87,Credit Card,Shipped,Fort Worth,TX,United States,SELL01619
ORD0000036,09-09-2020,CUST047957,Pooja Verma,P00033,Puzzle 1000pc,Books,BrightLux,1,357.76,0.25,0,6.76,275.08,Amazon Pay,Delivered,Columbus,OH,United Kingdom,SELL01592
ORD0000037,17-01-2022,CUST043577,Kabir Singh,P00032,Board Game,Electronics,CoreTech,5,448.89,0,179.56,3.3,2427.31,Credit Card,Delivered,Phoenix,AZ,United States,SELL00755
ORD0000038,06-05-2022,CUST029566,Sahil Kumar,P00015,Instant Pot,Electronics,ReadMore,4,300.89,0,144.43,0.43,1348.42,Credit Card,Delivered,Fort Worth,TX,United States,SELL01262
ORD0000039,03-05-2024,CUST004199,Mohit Joshi,P00040,Microphone,Home & Kitchen,FitLife,5,512.88,0.25,96.17,11.33,2030.8,Amazon Pay,Delivered,San Antonio,TX,United Kingdom,SELL00566
ORD0000040,19-04-2021,CUST042096,Sunita Gupta,P00010,Smartwatch,Books,HomeEase,2,81.82,0.1,7.36,4.47,159.11,Credit Card,Delivered,Jacksonville,FL,United States,SELL01049
ORD0000041,18-12-2022,CUST017203,Sahil Kumar,P00035,Desk Plant,Sports & Outdoors,Zenith,3,215.9,0,77.72,8.45,733.87,UPI,Delivered,Chicago,IL,United States,SELL00369
ORD0000042,25-05-2021,CUST046853,Anjali Sharma,P00022,Water Bottle,Books,HomeEase,5,574.28,0.1,129.21,2.23,2715.7,Debit Card,Delivered,San Antonio,TX,United States,SELL01983
ORD0000043,01-09-2024,CUST020850,Sneha Sharma,P00031,Kids Toy Car,Home & Kitchen,FitLife,4,109.59,0,35.07,7.59,481.02,Amazon Pay,Delivered,San Diego,CA,India,SELL00959
ORD0000044,08-02-2024,CUST039744,Anjali Mehta,P00025,Running Shoes,Toys & Games,HomeEase,3,88.46,0.15,40.6,2.73,268.9,Credit Card,Cancelled,San Antonio,TX,United States,SELL00076
ORD0000045,30-11-2021,CUST017434,Pooja Verma,P00035,Desk Plant,Electronics,Apex,4,395.64,0.05,120.27,3.89,1627.59,Debit Card,Delivered,Houston,TX,United States,SELL00898
ORD0000046,02-09-2022,CUST045893,Rohit Kapoor,P00009,Portable SSD 1TB,Toys & Games,HomeEase,2,449.14,0.05,0,5.62,858.99,Debit Card,Delivered,New York,NY,United States,SELL00181
ORD0000047,11-12-2024,CUST033696,Anjali Kumar,P00039,Graphic Tablet,Electronics,CoreTech,4,121.45,0,0,3.75,489.55,UPI,Delivered,Austin,TX,United States,SELL01805
ORD0000048,08-07-2020,CUST032008,Neha Mehta,P00030,Dress Shirt,Toys & Games,FitLife,2,140.89,0.05,21.42,0.48,289.59,Debit Card,Delivered,San Diego,CA,Australia,SELL00438
ORD0000049,15-08-2022,CUST011785,Simran Singh,P00014,Drone Mini,Books,ReadMore,3,249.84,0.2,47.97,3.26,650.85,Debit Card,Delivered,San Antonio,TX,Australia,SELL01660
ORD0000050,17-11-2021,CUST001846,Pooja Singh,P00012,Noise Cancelling Headphones,Books,KiddoFun,3,482.37,0.15,61.5,8.73,1300.27,Net Banking,Delivered,San Jose,CA,India,SELL01908
ORD0000051,15-08-2022,CUST048348,Sneha Reddy,P00047,Memory Card 128GB,Books,FitLife,3,244.83,0.25,0,8.07,558.94,Cash on Delivery,Delivered,San Jose,CA,Australia,SELL00078
ORD0000052,16-07-2021,CUST027076,Sahil Gupta,P00039,Graphic Tablet,Electronics,UrbanStyle,4,353.85,0.05,67.23,6.09,1417.95,Debit Card,Delivered,Columbus,OH,United States,SELL00659
ORD0000053,09-05-2024,CUST012995,Ritika Mehta,P00050,Novel Bestseller,Electronics,NexPro,3,324.76,0.3,34.1,0.75,716.85,Debit Card,Shipped,Seattle,WA,United States,SELL00962
ORD0000054,21-06-2023,CUST030633,Ritika Mehta,P00049,Children's Book,Sports & Outdoors,FitLife,1,491.78,0.1,53.11,5.14,500.85,Amazon Pay,Delivered,Charlotte,NC,India,SELL01002
ORD0000055,11-04-2022,CUST013482,Vikas Kumar,P00044,Power Bank 20000mAh,Electronics,NexPro,4,549.22,0.05,104.35,8.22,2199.61,UPI,Delivered,Chicago,IL,United States,SELL01805
ORD0000056,08-03-2024,CUST030091,Arjun Reddy,P00044,Power Bank 20000mAh,Home & Kitchen,Apex,4,364.08,0.25,131.07,12.95,1236.26,Credit Card,Pending,Chicago,IL,United States,SELL01113
ORD0000057,28-02-2023,CUST031856,Neha Verma,P00022,Water Bottle,Sports & Outdoors,HomeEase,2,509.59,0,183.45,3.79,1206.42,Credit Card,Shipped,San Jose,CA,United States,SELL00723
ORD0000058,17-02-2024,CUST040925,Vivaan Verma,P00005,Laptop Sleeve,Clothing,UrbanStyle,5,182.55,0,45.64,12.08,970.47,UPI,Delivered,San Diego,CA,Canada,SELL01920
ORD0000059,08-10-2021,CUST031615,Arjun Singh,P00016,Air Fryer,Toys & Games,Apex,3,184.7,0.3,46.54,7.98,442.39,Debit Card,Delivered,Dallas,TX,United States,SELL00280
ORD0000060,21-01-2020,CUST018312,Karan Kapoor,P00027,Winter Jacket,Electronics,NexPro,2,439.8,0,43.98,7.55,931.13,Amazon Pay,Delivered,Jacksonville,FL,India,SELL00446
ORD0000061,20-04-2022,CUST017070,Aditya Mehta,P00037,Router,Books,BrightLux,4,593.02,0.05,405.63,9.18,2668.29,UPI,Shipped,Austin,TX,India,SELL00106
ORD0000062,15-06-2020,CUST026591,Sunita Kapoor,P00025,Running Shoes,Home & Kitchen,ReadMore,3,131.36,0,70.93,7.25,472.26,UPI,Delivered,Charlotte,NC,Canada,SELL00247
ORD0000063,21-07-2023,CUST006724,Simran Reddy,P00004,USB-C Charger,Toys & Games,HomeEase,3,71.26,0.1,23.09,11.28,226.77,Credit Card,Returned,Fort Worth,TX,United States,SELL00011
ORD0000064,22-01-2021,CUST026258,Pooja Reddy,P00037,Router,Books,CoreTech,5,107.11,0.05,25.44,12.92,547.13,UPI,Delivered,Chicago,IL,United States,SELL01006
ORD0000065,23-08-2021,CUST000139,Aarav Verma,P00039,Graphic Tablet,Toys & Games,Zenith,5,417.28,0.15,88.67,9.65,1871.76,Amazon Pay,Returned,Los Angeles,CA,India,SELL01242
ORD0000066,11-11-2020,CUST038107,Sahil Gupta,P00037,Router,Books,FitLife,2,559.03,0.1,50.31,11.62,1068.18,Amazon Pay,Delivered,Indianapolis,IN,United States,SELL01704
ORD0000067,14-01-2020,CUST015763,Anjali Verma,P00046,Car Charger,Home & Kitchen,BrightLux,4,203.84,0.1,36.69,13.68,784.19,Net Banking,Delivered,Charlotte,NC,India,SELL01548
ORD0000068,29-08-2020,CUST041458,Priya Mehta,P00008,4K Monitor,Clothing,Zenith,4,129.9,0.05,59.23,9.13,561.98,Net Banking,Delivered,Indianapolis,IN,United States,SELL00532
ORD0000069,15-02-2022,CUST033817,Mohit Joshi,P00050,Novel Bestseller,Books,NexPro,5,105.16,0,26.29,13.29,565.38,UPI,Delivered,Columbus,OH,United States,SELL01811
ORD0000070,01-10-2023,CUST041366,Aarav Gupta,P00041,Webcam Full HD,Electronics,BrightLux,1,82.79,0,6.62,8.76,98.17,Debit Card,Delivered,Denver,CO,United States,SELL01501
ORD0000071,18-07-2021,CUST005372,Aman Singh,P00022,Water Bottle,Sports & Outdoors,Zenith,4,433.7,0.15,176.95,10.58,1662.11,Debit Card,Delivered,San Jose,CA,United States,SELL01168
ORD0000072,16-06-2022,CUST018135,Aman Verma,P00011,Fitness Band,Home & Kitchen,Zenith,3,137.1,0,32.9,12.88,457.08,Amazon Pay,Shipped,Jacksonville,FL,United States,SELL01780
ORD0000073,25-09-2023,CUST043454,Priya Reddy,P00027,Winter Jacket,Toys & Games,CoreTech,5,582.66,0,233.06,14.07,3160.43,UPI,Shipped,Dallas,TX,United States,SELL00749
ORD0000074,01-04-2020,CUST007050,Kabir Kumar,P00039,Graphic Tablet,Home & Kitchen,CoreTech,2,522.56,0,83.61,0.43,1129.16,Credit Card,Shipped,Indianapolis,IN,United States,SELL00221
ORD0000075,22-10-2023,CUST027444,Arjun Patel,P00010,Smartwatch,Sports & Outdoors,NexPro,2,354.18,0.05,80.75,2.49,756.18,Credit Card,Shipped,Houston,TX,United States,SELL01964
ORD0000076,13-08-2022,CUST042061,Mohit Reddy,P00010,Smartwatch,Clothing,CoreTech,4,437.47,0,314.98,8.82,2073.68,Credit Card,Shipped,Philadelphia,PA,Canada,SELL01119
ORD0000077,18-01-2024,CUST016864,Aman Sharma,P00026,Sunglasses,Toys & Games,NexPro,1,392.71,0.1,42.41,7.82,403.67,Debit Card,Delivered,San Jose,CA,United States,SELL00376
ORD0000078,22-12-2023,CUST028956,Kabir Patel,P00011,Fitness Band,Electronics,ReadMore,1,592.91,0.05,28.16,6.83,598.25,Cash on Delivery,Delivered,Dallas,TX,United States,SELL00112
ORD0000079,23-05-2021,CUST001710,Neha Sharma,P00009,Portable SSD 1TB,Home & Kitchen,CoreTech,2,76.97,0,7.7,4.91,166.55,Debit Card,Delivered,Chicago,IL,Australia,SELL00917
ORD0000080,14-02-2022,CUST023701,Vihaan Patel,P00007,Mechanical Keyboard,Electronics,CoreTech,1,534.31,0.1,57.71,14.47,553.06,Amazon Pay,Shipped,San Francisco,CA,India,SELL01174
ORD0000081,04-02-2020,CUST005263,Priya Kumar,P00010,Smartwatch,Toys & Games,BrightLux,2,402.77,0.05,38.26,13.08,816.6,UPI,Delivered,Austin,TX,India,SELL00371
ORD0000082,24-07-2020,CUST014979,Vivaan Kumar,P00030,Dress Shirt,Home & Kitchen,ReadMore,3,335.1,0.1,72.38,4.24,981.39,Amazon Pay,Shipped,Chicago,IL,United States,SELL00077
ORD0000083,09-01-2023,CUST038225,Ritika Verma,P00016,Air Fryer,Books,UrbanStyle,3,258.13,0.05,132.42,7.69,875.78,UPI,Delivered,Austin,TX,United States,SELL01872
ORD0000084,04-05-2024,CUST028769,Aditya Joshi,P00040,Microphone,Sports & Outdoors,KiddoFun,1,594.67,0.15,40.44,7.22,553.13,Debit Card,Delivered,Fort Worth,TX,United States,SELL00198
ORD0000085,12-11-2023,CUST049605,Aditya Reddy,P00036,Smart Light Bulb,Electronics,HomeEase,4,494.13,0.05,225.32,7.18,2110.19,Credit Card,Delivered,Austin,TX,United States,SELL00087
ORD0000086,22-10-2022,CUST015624,Arjun Singh,P00017,Electric Kettle,Sports & Outdoors,KiddoFun,4,15.47,0.05,10.58,3.91,73.28,Credit Card,Shipped,Houston,TX,United States,SELL01618
ORD0000087,18-10-2022,CUST026490,Neha Reddy,P00017,Electric Kettle,Sports & Outdoors,UrbanStyle,4,28.59,0,20.58,13.02,147.96,Credit Card,Delivered,Los Angeles,CA,United States,SELL01735
ORD0000088,14-11-2023,CUST001370,Mohit Gupta,P00023,Cookware Set,Electronics,HomeEase,5,456.58,0.15,155.24,7.48,2103.18,Amazon Pay,Delivered,Philadelphia,PA,Canada,SELL01951
ORD0000089,19-07-2021,CUST043394,Aman Kapoor,P00029,T-Shirt,Books,Zenith,3,324.31,0.2,62.27,4.63,845.24,Debit Card,Delivered,Denver,CO,United States,SELL00041
ORD0000090,03-02-2023,CUST039077,Karan Kumar,P00015,Instant Pot,Books,ReadMore,5,342.26,0.2,109.52,7.29,1485.85,Credit Card,Pending,Fort Worth,TX,United States,SELL00271
ORD0000091,30-11-2024,CUST007564,Sahil Kumar,P00016,Air Fryer,Clothing,NexPro,5,201.16,0.2,64.37,9.38,878.39,UPI,Delivered,Denver,CO,United States,SELL00155
ORD0000092,09-02-2024,CUST033299,Priya Mehta,P00045,Phone Tripod,Sports & Outdoors,ReadMore,4,555.99,0.05,253.53,1.26,2367.55,Net Banking,Cancelled,Dallas,TX,United States,SELL01704
ORD0000093,03-12-2021,CUST039707,Vikas Joshi,P00022,Water Bottle,Home & Kitchen,UrbanStyle,5,138.56,0.2,27.71,7.71,589.66,UPI,Shipped,San Francisco,CA,United States,SELL00861
ORD0000094,05-02-2021,CUST043458,Aman Joshi,P00048,Wireless Charger,Clothing,HomeEase,4,409.78,0,295.04,14.29,1948.45,UPI,Shipped,Dallas,TX,United States,SELL00572
ORD0000095,30-12-2021,CUST001552,Vihaan Kumar,P00045,Phone Tripod,Electronics,KiddoFun,4,42.31,0.1,12.19,1.28,165.79,Amazon Pay,Delivered,Chicago,IL,United States,SELL01732
ORD0000096,28-04-2024,CUST039426,Sneha Verma,P00043,HDMI Cable 2m,Electronics,NexPro,1,170.88,0.2,16.4,7.6,160.7,Credit Card,Delivered,Charlotte,NC,United States,SELL01461
ORD0000097,10-06-2020,CUST049557,Anjali Sharma,P00048,Wireless Charger,Books,NexPro,3,548.17,0.05,0,2.63,1564.91,UPI,Delivered,Fort Worth,TX,United States,SELL00108
ORD0000098,20-07-2020,CUST033386,Ritika Reddy,P00036,Smart Light Bulb,Electronics,CoreTech,4,260.91,0,83.49,2.86,1129.99,UPI,Returned,San Francisco,CA,United States,SELL01544
ORD0000099,22-09-2022,CUST018449,Sneha Kapoor,P00028,Jeans,Books,CoreTech,5,384.56,0.15,130.75,12.62,1777.75,UPI,Delivered,Chicago,IL,United States,SELL00992
ORD0000100,26-09-2020,CUST012492,Sneha Sharma,P00023,Cookware Set,Electronics,Apex,1,206.2,0,16.5,9.08,231.78,Credit Card,Delivered,Phoenix,AZ,India,SELL00337
ORD0000101,26-03-2022,CUST015367,Aditya Sharma,P00018,Vacuum Cleaner,Sports & Outdoors,ReadMore,4,369.47,0.25,199.51,4.56,1312.48,Credit Card,Delivered,Philadelphia,PA,United States,SELL01672
ORD0000102,18-07-2023,CUST009929,Sneha Verma,P00014,Drone Mini,Books,FitLife,1,29.37,0,1.47,5.45,36.29,Credit Card,Delivered,New York,NY,United States,SELL00848
ORD0000103,31-03-2021,CUST030254,Vivaan Patel,P00045,Phone Tripod,Home & Kitchen,Apex,2,159.82,0.05,15.18,2.55,321.39,Debit Card,Delivered,San Diego,CA,United States,SELL00127
ORD0000104,25-01-2024,CUST041994,Aditya Reddy,P00031,Kids Toy Car,Toys & Games,CoreTech,4,548.39,0,109.68,12.26,2315.5,UPI,Delivered,Indianapolis,IN,United States,SELL00607
ORD0000105,16-10-2024,CUST034561,Sneha Gupta,P00033,Puzzle 1000pc,Electronics,HomeEase,3,99.05,0.05,33.88,0.71,316.88,Credit Card,Delivered,Austin,TX,United States,SELL01742
ORD0000106,29-06-2023,CUST028297,Neha Kumar,P00017,Electric Kettle,Toys & Games,BrightLux,1,113.27,0.05,5.38,0.22,113.21,UPI,Delivered,Austin,TX,United States,SELL00553
ORD0000107,13-10-2022,CUST002237,Sahil Singh,P00036,Smart Light Bulb,Sports & Outdoors,UrbanStyle,3,297.26,0.05,101.66,5.24,954.09,Credit Card,Pending,Indianapolis,IN,United States,SELL00371
ORD0000108,21-09-2024,CUST007600,Ritika Kapoor,P00034,Desk Organizer,Clothing,HomeEase,1,483.5,0,38.68,4.62,526.8,Debit Card,Delivered,Los Angeles,CA,United States,SELL01189
ORD0000109,22-10-2020,CUST010526,Neha Kumar,P00005,Laptop Sleeve,Sports & Outdoors,HomeEase,3,127.42,0.15,16.25,1.88,343.05,Debit Card,Delivered,Dallas,TX,United States,SELL01545
ORD0000110,14-10-2024,CUST024904,Neha Mehta,P00023,Cookware Set,Sports & Outdoors,HomeEase,5,520.69,0,130.17,9.98,2743.6,Net Banking,Delivered,Phoenix,AZ,India,SELL00617
ORD0000111,20-12-2021,CUST033463,Rohit Verma,P00029,T-Shirt,Clothing,BrightLux,5,61.48,0,55.33,2.64,365.37,Amazon Pay,Delivered,San Antonio,TX,United States,SELL01848
ORD0000112,07-11-2024,CUST015883,Vihaan Mehta,P00022,Water Bottle,Books,KiddoFun,5,314,0,282.6,8.14,1860.74,Debit Card,Delivered,San Francisco,CA,United States,SELL01322
ORD0000113,03-12-2020,CUST035697,Vikas Mehta,P00024,Yoga Mat,Sports & Outdoors,UrbanStyle,4,189.7,0.25,28.46,13.2,610.76,Amazon Pay,Cancelled,Austin,TX,United States,SELL00915
ORD0000114,28-05-2022,CUST010676,Karan Joshi,P00036,Smart Light Bulb,Clothing,HomeEase,2,103.29,0.2,0,0.55,165.81,Amazon Pay,Shipped,San Antonio,TX,United States,SELL01203
ORD0000115,12-12-2022,CUST037855,Vivaan Verma,P00012,Noise Cancelling Headphones,Home & Kitchen,UrbanStyle,3,167.08,0,40.1,7.29,548.63,Amazon Pay,Delivered,Los Angeles,CA,United States,SELL01649
ORD0000116,02-03-2022,CUST013803,Vivaan Mehta,P00021,Backpack,Sports & Outdoors,KiddoFun,4,468.57,0.25,70.29,14.63,1490.63,Debit Card,Shipped,Los Angeles,CA,United States,SELL01188
ORD0000117,04-08-2020,CUST041291,Anjali Verma,P00042,Projector Mini,Clothing,HomeEase,2,25.31,0,0,14.69,65.31,Debit Card,Shipped,Fort Worth,TX,United States,SELL01963
ORD0000118,02-02-2022,CUST025351,Sneha Kumar,P00006,Gaming Mouse,Sports & Outdoors,KiddoFun,2,590.96,0.05,134.74,5.5,1263.06,Credit Card,Delivered,Denver,CO,United States,SELL00011
ORD0000119,06-07-2020,CUST023478,Rohit Reddy,P00009,Portable SSD 1TB,Home & Kitchen,FitLife,2,433.24,0.05,98.78,10.23,932.17,Cash on Delivery,Shipped,Philadelphia,PA,United States,SELL01044
ORD0000120,14-01-2021,CUST029783,Simran Singh,P00050,Novel Bestseller,Books,CoreTech,4,187.75,0.05,128.42,9.52,851.39,Credit Card,Delivered,San Francisco,CA,United States,SELL01527
ORD0000121,07-05-2021,CUST001056,Karan Singh,P00017,Electric Kettle,Toys & Games,Zenith,5,230.99,0.15,117.8,10.69,1110.2,UPI,Delivered,Columbus,OH,United States,SELL01639
ORD0000122,30-11-2022,CUST026942,Pooja Joshi,P00008,4K Monitor,Sports & Outdoors,Zenith,5,246.13,0.1,0,9.69,1117.28,Amazon Pay,Shipped,Austin,TX,Canada,SELL00632
ORD0000123,26-03-2023,CUST027791,Sneha Verma,P00050,Novel Bestseller,Home & Kitchen,ReadMore,1,18.66,0,0.93,5.03,24.62,Amazon Pay,Delivered,San Francisco,CA,United States,SELL00745
ORD0000124,15-01-2020,CUST019410,Simran Reddy,P00043,HDMI Cable 2m,Clothing,HomeEase,2,48.99,0.25,3.67,1.59,78.74,Amazon Pay,Delivered,San Jose,CA,United States,SELL00146
ORD0000125,05-03-2020,CUST009308,Vihaan Sharma,P00021,Backpack,Sports & Outdoors,HomeEase,5,200.05,0.05,114.03,2.34,1066.61,Credit Card,Delivered,Houston,TX,United Kingdom,SELL00770
ORD0000126,04-06-2021,CUST004285,Sahil Sharma,P00008,4K Monitor,Electronics,Apex,4,149.47,0,71.75,10.48,680.11,UPI,Delivered,Houston,TX,United States,SELL01530
ORD0000127,29-09-2023,CUST037966,Aditya Kumar,P00027,Winter Jacket,Sports & Outdoors,CoreTech,3,460.51,0.05,157.49,3.17,1473.11,Credit Card,Delivered,Charlotte,NC,United States,SELL01372
ORD0000128,26-02-2023,CUST025421,Mohit Mehta,P00050,Novel Bestseller,Home & Kitchen,Zenith,5,141.31,0.15,72.07,14.56,687.2,Debit Card,Delivered,Denver,CO,United States,SELL01574
ORD0000129,09-10-2021,CUST039352,Neha Joshi,P00010,Smartwatch,Books,Apex,3,204.15,0.1,66.14,10.09,627.44,Credit Card,Delivered,Dallas,TX,United States,SELL00583
ORD0000130,04-02-2024,CUST032886,Rohit Mehta,P00015,Instant Pot,Books,BrightLux,4,577.36,0.2,92.38,4.08,1944.01,Debit Card,Delivered,Houston,TX,United States,SELL00736
ORD0000131,22-12-2022,CUST014360,Vivaan Singh,P00050,Novel Bestseller,Electronics,ReadMore,2,509.27,0,0,6.71,1025.25,Net Banking,Shipped,Los Angeles,CA,United States,SELL01332
ORD0000132,08-03-2023,CUST007708,Sunita Sharma,P00028,Jeans,Clothing,Zenith,3,496.12,0,74.42,5.91,1568.69,Net Banking,Returned,Charlotte,NC,Australia,SELL00248
ORD0000133,02-03-2024,CUST013067,Sunita Gupta,P00026,Sunglasses,Clothing,KiddoFun,3,497.74,0,179.19,7.58,1679.99,Credit Card,Delivered,Seattle,WA,United States,SELL01907
ORD0000134,15-08-2021,CUST046835,Simran Gupta,P00043,HDMI Cable 2m,Books,UrbanStyle,4,384.81,0,184.71,13.11,1737.06,Credit Card,Cancelled,San Diego,CA,United States,SELL01180
ORD0000135,26-01-2021,CUST011228,Karan Reddy,P00003,Smartphone Case,Toys & Games,HomeEase,2,321.46,0.1,69.44,5.41,653.48,Cash on Delivery,Delivered,Los Angeles,CA,India,SELL00715
ORD0000136,25-08-2024,CUST046806,Neha Singh,P00013,Action Camera,Toys & Games,ReadMore,5,498.26,0.05,189.34,3.64,2559.72,UPI,Shipped,Washington,DC,United Kingdom,SELL00709
ORD0000137,22-02-2021,CUST014033,Rohit Gupta,P00049,Children's Book,Books,FitLife,5,211.88,0.1,76.28,9.75,1039.49,UPI,Delivered,Philadelphia,PA,United States,SELL00278
ORD0000138,15-10-2020,CUST040569,Rohit Sharma,P00030,Dress Shirt,Clothing,ReadMore,2,333.88,0.05,0,10.61,644.98,Credit Card,Shipped,Jacksonville,FL,India,SELL01341
ORD0000139,13-01-2021,CUST041172,Ritika Reddy,P00015,Instant Pot,Electronics,HomeEase,2,522.65,0.05,79.44,13.86,1086.33,Credit Card,Delivered,Fort Worth,TX,United States,SELL00699
ORD0000140,01-12-2024,CUST001601,Vivaan Patel,P00005,Laptop Sleeve,Toys & Games,UrbanStyle,4,67.78,0.05,20.61,11.17,289.34,Cash on Delivery,Delivered,Columbus,OH,United States,SELL01558
ORD0000141,22-02-2024,CUST046508,Vivaan Sharma,P00032,Board Game,Books,Zenith,5,22.67,0,0,13.16,126.51,Debit Card,Delivered,Seattle,WA,United States,SELL00940
ORD0000142,18-08-2020,CUST027712,Ritika Joshi,P00017,Electric Kettle,Home & Kitchen,UrbanStyle,5,544.52,0.25,245.03,2.79,2289.77,Cash on Delivery,Pending,San Antonio,TX,United States,SELL00796
ORD0000143,14-10-2022,CUST029705,Aman Reddy,P00046,Car Charger,Electronics,CoreTech,1,431.01,0,0,2.23,433.24,Amazon Pay,Shipped,Houston,TX,United States,SELL00143
ORD0000144,10-02-2020,CUST008224,Mohit Sharma,P00049,Children's Book,Books,NexPro,3,346.56,0.15,44.19,1.85,929.77,Credit Card,Delivered,Philadelphia,PA,United States,SELL01971
ORD0000145,17-11-2022,CUST046362,Aman Verma,P00039,Graphic Tablet,Books,BrightLux,1,87.79,0,15.8,10.92,114.51,Credit Card,Delivered,New York,NY,United Kingdom,SELL00338
ORD0000146,14-05-2020,CUST005950,Mohit Verma,P00015,Instant Pot,Home & Kitchen,HomeEase,4,596.8,0.05,272.14,2.1,2542.08,Credit Card,Delivered,Washington,DC,India,SELL00864
ORD0000147,19-07-2020,CUST037485,Kabir Verma,P00015,Instant Pot,Electronics,KiddoFun,1,194.17,0,9.71,5.33,209.21,Credit Card,Delivered,San Francisco,CA,India,SELL01097
ORD0000148,18-02-2022,CUST027818,Sneha Mehta,P00027,Winter Jacket,Clothing,CoreTech,2,42.52,0.05,4.04,11.11,95.94,Credit Card,Delivered,Chicago,IL,United States,SELL00776
ORD0000149,18-07-2022,CUST048304,Vihaan Kapoor,P00032,Board Game,Toys & Games,Apex,3,262.02,0.15,120.27,7.09,795.51,Credit Card,Returned,Chicago,IL,United States,SELL00433
ORD0000150,22-11-2022,CUST033670,Sneha Kapoor,P00009,Portable SSD 1TB,Toys & Games,NexPro,3,43.8,0,10.51,6.23,148.14,Cash on Delivery,Shipped,Columbus,OH,United States,SELL00027
ORD0000151,07-12-2022,CUST038774,Kabir Sharma,P00015,Instant Pot,Clothing,ReadMore,4,306.01,0.3,42.84,9.24,908.91,Debit Card,Delivered,Austin,TX,United Kingdom,SELL00672
ORD0000152,17-05-2021,CUST026880,Kabir Verma,P00029,T-Shirt,Sports & Outdoors,Zenith,4,251.6,0.1,108.69,13.75,1028.2,Net Banking,Delivered,New York,NY,United Kingdom,SELL00229
ORD0000153,10-02-2021,CUST044830,Karan Kapoor,P00003,Smartphone Case,Electronics,ReadMore,3,431.79,0,64.77,11.24,1371.38,Credit Card,Delivered,Columbus,OH,United States,SELL01889
ORD0000154,16-05-2024,CUST040087,Ritika Reddy,P00023,Cookware Set,Books,Apex,4,291.13,0.15,49.49,2.52,1041.85,Debit Card,Delivered,Phoenix,AZ,United Kingdom,SELL01455
ORD0000155,17-10-2024,CUST026727,Anjali Gupta,P00025,Running Shoes,Clothing,Apex,3,414.46,0.25,111.9,4.69,1049.12,Amazon Pay,Delivered,Philadelphia,PA,United States,SELL00945
ORD0000156,15-03-2022,CUST011225,Rohit Patel,P00026,Sunglasses,Electronics,BrightLux,3,180.87,0,27.13,2.04,571.78,Debit Card,Delivered,Seattle,WA,United States,SELL00850
ORD0000157,08-04-2020,CUST031885,Sneha Gupta,P00047,Memory Card 128GB,Sports & Outdoors,NexPro,5,104.18,0.1,0,8.69,477.5,Credit Card,Shipped,Phoenix,AZ,United Kingdom,SELL01363
ORD0000158,14-11-2021,CUST016025,Sunita Singh,P00045,Phone Tripod,Books,NexPro,2,400.69,0.1,57.7,10.68,789.62,Credit Card,Pending,Houston,TX,Canada,SELL01573
ORD0000159,26-12-2021,CUST036113,Priya Joshi,P00007,Mechanical Keyboard,Home & Kitchen,FitLife,3,479.99,0.25,129.6,8.69,1218.27,UPI,Delivered,Austin,TX,United States,SELL01598
ORD0000160,19-04-2024,CUST043628,Anjali Verma,P00008,4K Monitor,Sports & Outdoors,CoreTech,1,247.54,0.05,28.22,2.07,265.45,Amazon Pay,Delivered,Chicago,IL,United States,SELL00412
ORD0000161,18-08-2022,CUST020507,Aarav Joshi,P00026,Sunglasses,Toys & Games,FitLife,3,14.51,0.05,4.96,0.82,47.13,Credit Card,Delivered,Seattle,WA,United States,SELL00708
ORD0000162,28-10-2024,CUST012422,Kabir Kapoor,P00018,Vacuum Cleaner,Electronics,NexPro,5,216.33,0.2,0,9.73,875.05,Credit Card,Delivered,San Antonio,TX,United States,SELL01169
ORD0000163,04-09-2021,CUST009807,Vihaan Verma,P00039,Graphic Tablet,Home & Kitchen,ReadMore,3,38.53,0,5.78,8.4,129.77,Debit Card,Delivered,San Antonio,TX,United States,SELL00551
ORD0000164,25-01-2024,CUST048496,Sahil Kumar,P00016,Air Fryer,Electronics,NexPro,3,465.66,0.1,62.86,0.89,1321.03,Amazon Pay,Returned,Dallas,TX,United States,SELL00141
ORD0000165,04-10-2021,CUST029400,Aman Gupta,P00015,Instant Pot,Electronics,BrightLux,5,35.27,0,21.16,12.99,210.5,Debit Card,Delivered,Philadelphia,PA,United States,SELL01482
ORD0000166,27-11-2024,CUST004811,Arjun Patel,P00038,External HDD 2TB,Home & Kitchen,UrbanStyle,2,82.5,0.05,18.81,13.79,189.35,Credit Card,Delivered,San Francisco,CA,United States,SELL00910
ORD0000167,25-10-2022,CUST008669,Aditya Kumar,P00035,Desk Plant,Home & Kitchen,KiddoFun,4,298.96,0.1,86.1,3.63,1165.99,Amazon Pay,Delivered,Jacksonville,FL,United States,SELL00243
ORD0000168,26-05-2023,CUST035784,Vikas Gupta,P00015,Instant Pot,Toys & Games,NexPro,5,232.62,0.05,88.4,9.35,1202.7,Credit Card,Shipped,Austin,TX,United States,SELL01837
ORD0000169,17-05-2021,CUST027512,Mohit Joshi,P00011,Fitness Band,Books,Apex,4,493.2,0.2,189.39,3.74,1771.37,Net Banking,Delivered,Dallas,TX,Canada,SELL00878
ORD0000170,05-02-2022,CUST023754,Sahil Gupta,P00043,HDMI Cable 2m,Clothing,BrightLux,4,497.42,0.05,226.82,12.34,2129.36,Debit Card,Delivered,Jacksonville,FL,Canada,SELL01838
ORD0000171,01-02-2021,CUST011579,Kabir Reddy,P00050,Novel Bestseller,Clothing,KiddoFun,1,154.24,0.05,17.58,9.86,173.97,UPI,Delivered,Denver,CO,United States,SELL01005
ORD0000172,20-05-2022,CUST003082,Aarav Reddy,P00024,Yoga Mat,Sports & Outdoors,UrbanStyle,3,497.52,0.15,228.36,0.91,1497.95,Credit Card,Delivered,Austin,TX,United States,SELL00319
ORD0000173,05-03-2022,CUST040193,Priya Verma,P00025,Running Shoes,Books,UrbanStyle,4,64.53,0,0,13.67,271.79,Amazon Pay,Delivered,New York,NY,United States,SELL00210
ORD0000174,27-01-2021,CUST014061,Arjun Gupta,P00020,Office Chair,Electronics,FitLife,4,331.21,0,66.24,5.9,1396.98,Net Banking,Delivered,San Jose,CA,United States,SELL00101
ORD0000175,25-07-2020,CUST028212,Vihaan Verma,P00015,Instant Pot,Clothing,NexPro,4,155.87,0.1,28.06,7.79,596.98,Credit Card,Delivered,Los Angeles,CA,United States,SELL01555
ORD0000176,04-11-2022,CUST010967,Sahil Singh,P00004,USB-C Charger,Clothing,CoreTech,1,598.75,0.1,26.94,3.35,569.17,Credit Card,Returned,Denver,CO,United Kingdom,SELL00727
ORD0000177,26-04-2024,CUST022674,Pooja Gupta,P00036,Smart Light Bulb,Electronics,HomeEase,5,489.41,0.05,278.96,7.24,2610.9,Amazon Pay,Delivered,Chicago,IL,United States,SELL00062
ORD0000178,10-06-2022,CUST048983,Kabir Kumar,P00006,Gaming Mouse,Toys & Games,Zenith,4,131.22,0.1,0,14.12,486.51,Debit Card,Delivered,Charlotte,NC,India,SELL00530
ORD0000179,24-01-2024,CUST016133,Anjali Kumar,P00014,Drone Mini,Toys & Games,HomeEase,2,176.38,0.05,26.81,11.05,372.98,Net Banking,Delivered,Los Angeles,CA,United States,SELL00395
ORD0000180,10-09-2024,CUST044928,Pooja Reddy,P00001,Wireless Earbuds,Sports & Outdoors,CoreTech,1,418.7,0.3,23.45,4.48,321.02,UPI,Delivered,Jacksonville,FL,United States,SELL00811
ORD0000181,17-05-2024,CUST024560,Neha Gupta,P00010,Smartwatch,Home & Kitchen,ReadMore,2,531.4,0,127.54,4.49,1194.83,Cash on Delivery,Delivered,Dallas,TX,United States,SELL00296
ORD0000182,13-05-2022,CUST019814,Vivaan Verma,P00050,Novel Bestseller,Books,CoreTech,5,341.7,0.1,276.78,1.7,1816.13,Amazon Pay,Delivered,New York,NY,United States,SELL01602
ORD0000183,12-01-2022,CUST015222,Karan Gupta,P00016,Air Fryer,Electronics,ReadMore,2,375.82,0.05,35.7,13.55,763.31,Amazon Pay,Returned,Houston,TX,Australia,SELL00166
ORD0000184,18-06-2023,CUST015733,Vivaan Sharma,P00025,Running Shoes,Home & Kitchen,FitLife,3,99.26,0,23.82,5.19,326.79,UPI,Shipped,Fort Worth,TX,United States,SELL00041
ORD0000185,17-07-2021,CUST023655,Anjali Singh,P00026,Sunglasses,Home & Kitchen,Zenith,2,572.09,0,91.53,2.64,1238.35,Credit Card,Shipped,Chicago,IL,United States,SELL00773
ORD0000186,17-10-2022,CUST021204,Pooja Singh,P00042,Projector Mini,Toys & Games,UrbanStyle,2,495.32,0,49.53,10.01,1050.18,Credit Card,Pending,Phoenix,AZ,United States,SELL01469
ORD0000187,05-04-2020,CUST016221,Simran Reddy,P00049,Children's Book,Sports & Outdoors,Zenith,2,190.82,0.2,15.27,7.58,328.16,Debit Card,Delivered,San Diego,CA,Canada,SELL00701
ORD0000188,23-10-2024,CUST036912,Karan Reddy,P00004,USB-C Charger,Home & Kitchen,BrightLux,1,50.92,0.2,3.26,1.3,45.3,Net Banking,Delivered,Philadelphia,PA,United States,SELL01658
ORD0000189,29-04-2021,CUST043111,Aarav Verma,P00033,Puzzle 1000pc,Toys & Games,FitLife,5,129.25,0.15,43.94,6.24,599.49,Credit Card,Shipped,Charlotte,NC,United States,SELL00429
ORD0000190,01-12-2023,CUST034016,Aditya Singh,P00046,Car Charger,Sports & Outdoors,Zenith,3,416.84,0.15,85.04,14.4,1162.38,Debit Card,Delivered,Phoenix,AZ,United States,SELL01532
ORD0000191,18-08-2020,CUST040748,Sahil Sharma,P00030,Dress Shirt,Sports & Outdoors,KiddoFun,5,319.28,0.05,75.83,12.39,1604.8,Amazon Pay,Delivered,San Diego,CA,United States,SELL00430
ORD0000192,18-01-2022,CUST004207,Vikas Kapoor,P00040,Microphone,Books,Zenith,2,67.54,0.05,10.27,1.64,140.24,Amazon Pay,Delivered,San Antonio,TX,Canada,SELL00302
ORD0000193,05-08-2024,CUST041282,Sahil Singh,P00012,Noise Cancelling Headphones,Toys & Games,ReadMore,2,289.23,0.1,0,13.08,533.69,Amazon Pay,Delivered,Indianapolis,IN,United States,SELL00733
ORD0000194,09-04-2023,CUST044672,Karan Singh,P00019,LED Desk Lamp,Home & Kitchen,ReadMore,2,373.58,0.2,47.82,8.74,654.29,Credit Card,Delivered,San Jose,CA,United States,SELL00785
ORD0000195,24-06-2021,CUST004859,Vivaan Gupta,P00009,Portable SSD 1TB,Sports & Outdoors,Zenith,4,359.89,0.05,68.38,13.15,1449.11,Credit Card,Delivered,Washington,DC,United States,SELL00999
ORD0000196,25-11-2022,CUST007154,Vikas Sharma,P00026,Sunglasses,Toys & Games,NexPro,5,449.1,0.1,101.05,7.48,2129.48,Net Banking,Delivered,San Diego,CA,United States,SELL01298
ORD0000197,08-06-2021,CUST035993,Vikas Kumar,P00015,Instant Pot,Electronics,ReadMore,3,270.41,0.1,36.51,3.91,770.53,Amazon Pay,Delivered,Houston,TX,United States,SELL00557
ORD0000198,29-03-2023,CUST027565,Sneha Verma,P00019,LED Desk Lamp,Home & Kitchen,CoreTech,2,387.31,0,92.95,7.12,874.69,Debit Card,Delivered,San Francisco,CA,United States,SELL01488
ORD0000199,18-09-2024,CUST010007,Vikas Reddy,P00048,Wireless Charger,Books,Apex,3,272.14,0,97.97,11.16,925.55,UPI,Delivered,San Jose,CA,Canada,SELL00096
ORD0000200,20-06-2023,CUST022505,Karan Kapoor,P00034,Desk Organizer,Home & Kitchen,FitLife,1,420.62,0,21.03,5.69,447.34,Amazon Pay,Shipped,Dallas,TX,United States,SELL01489
ORD0000201,14-01-2023,CUST007081,Arjun Kumar,P00031,Kids Toy Car,Clothing,HomeEase,4,575.93,0,0,14.5,2318.22,Credit Card,Delivered,Dallas,TX,India,SELL00230
ORD0000202,24-12-2024,CUST042401,Mohit Singh,P00019,LED Desk Lamp,Toys & Games,BrightLux,5,167.97,0,0,8.35,848.2,UPI,Delivered,Dallas,TX,United States,SELL00039
ORD0000203,31-07-2021,CUST040825,Karan Sharma,P00008,4K Monitor,Toys & Games,UrbanStyle,5,471.14,0,188.46,4.18,2548.34,Amazon Pay,Delivered,Denver,CO,Canada,SELL00154
ORD0000204,12-11-2021,CUST022812,Mohit Patel,P00041,Webcam Full HD,Toys & Games,UrbanStyle,3,461.7,0.05,65.79,13.58,1395.21,Credit Card,Returned,Fort Worth,TX,India,SELL01177
ORD0000205,10-07-2021,CUST029448,Karan Kumar,P00036,Smart Light Bulb,Sports & Outdoors,FitLife,2,303.77,0.25,22.78,11.47,489.9,UPI,Delivered,Columbus,OH,Australia,SELL00122
ORD0000206,16-05-2024,CUST025313,Pooja Singh,P00017,Electric Kettle,Electronics,NexPro,4,312.36,0.1,0,2.52,1127.02,Credit Card,Delivered,Columbus,OH,United States,SELL01958
ORD0000207,09-10-2022,CUST029438,Vihaan Mehta,P00046,Car Charger,Books,Zenith,3,59.09,0.15,0,14.12,164.8,Net Banking,Delivered,Chicago,IL,India,SELL00705
ORD0000208,07-10-2021,CUST001181,Vivaan Joshi,P00022,Water Bottle,Books,ReadMore,1,266.91,0.05,20.29,7.33,281.18,Amazon Pay,Delivered,Phoenix,AZ,India,SELL01609
ORD0000209,06-03-2022,CUST017264,Sneha Kumar,P00031,Kids Toy Car,Electronics,KiddoFun,3,568.01,0,0,12.94,1716.97,Credit Card,Delivered,San Jose,CA,United Kingdom,SELL01838
ORD0000210,17-11-2022,CUST039608,Simran Patel,P00049,Children's Book,Books,UrbanStyle,2,454.72,0.05,69.12,0.31,933.4,Net Banking,Shipped,Los Angeles,CA,India,SELL01140
ORD0000211,01-07-2024,CUST019237,Priya Kumar,P00035,Desk Plant,Books,BrightLux,3,189.12,0.2,36.31,3.6,493.8,Debit Card,Delivered,New York,NY,United Kingdom,SELL00479
ORD0000212,28-04-2024,CUST035731,Sneha Sharma,P00032,Board Game,Home & Kitchen,BrightLux,5,104.68,0.15,35.59,2.38,482.86,UPI,Delivered,Washington,DC,United States,SELL00157
ORD0000213,25-09-2023,CUST012280,Rohit Mehta,P00049,Children's Book,Sports & Outdoors,BrightLux,2,116.03,0.2,14.85,5.54,206.04,Cash on Delivery,Delivered,Columbus,OH,India,SELL01375
ORD0000214,26-12-2024,CUST003507,Anjali Gupta,P00017,Electric Kettle,Clothing,Apex,3,83.31,0,19.99,3.48,273.4,UPI,Delivered,Fort Worth,TX,United States,SELL00159
ORD0000215,16-09-2023,CUST023893,Aditya Gupta,P00002,Bluetooth Speaker,Electronics,KiddoFun,3,556.68,0,83.5,1.06,1754.6,Debit Card,Delivered,Fort Worth,TX,Canada,SELL01801
ORD0000216,21-07-2024,CUST008440,Vikas Reddy,P00016,Air Fryer,Home & Kitchen,HomeEase,3,404.76,0,218.57,10.5,1443.35,Debit Card,Delivered,Jacksonville,FL,United States,SELL00813
ORD0000217,09-03-2024,CUST019363,Sunita Reddy,P00005,Laptop Sleeve,Toys & Games,FitLife,5,470.82,0.1,169.5,12.39,2300.58,Debit Card,Delivered,Denver,CO,United States,SELL01565
ORD0000218,03-10-2023,CUST034266,Anjali Sharma,P00003,Smartphone Case,Home & Kitchen,Zenith,5,88.24,0,35.3,13.44,489.94,Debit Card,Delivered,Houston,TX,India,SELL01516
ORD0000219,05-02-2024,CUST026742,Vihaan Gupta,P00021,Backpack,Home & Kitchen,Apex,3,410.9,0,98.62,0.57,1331.89,Credit Card,Delivered,San Diego,CA,India,SELL01863
ORD0000220,08-06-2023,CUST020572,Mohit Kapoor,P00025,Running Shoes,Clothing,NexPro,4,485.32,0.15,132.01,8.34,1790.44,Amazon Pay,Delivered,Dallas,TX,United States,SELL01791
ORD0000221,08-07-2020,CUST012246,Pooja Sharma,P00028,Jeans,Clothing,Apex,1,49.31,0,2.47,0.69,52.47,Debit Card,Delivered,Charlotte,NC,United States,SELL00297
ORD0000222,02-06-2023,CUST021328,Vihaan Kapoor,P00017,Electric Kettle,Sports & Outdoors,CoreTech,4,389.67,0.05,118.46,3.29,1602.5,Credit Card,Delivered,San Diego,CA,United States,SELL00328
ORD0000223,09-11-2023,CUST017932,Karan Patel,P00037,Router,Home & Kitchen,FitLife,1,450.05,0,22.5,1.2,473.75,Net Banking,Shipped,Austin,TX,United States,SELL00753
ORD0000224,01-11-2023,CUST030236,Anjali Mehta,P00018,Vacuum Cleaner,Home & Kitchen,ReadMore,3,137.33,0.1,29.66,13.56,414.01,Credit Card,Delivered,San Antonio,TX,India,SELL00080
ORD0000225,30-07-2023,CUST018375,Kabir Reddy,P00048,Wireless Charger,Home & Kitchen,BrightLux,2,114.61,0,18.34,0.91,248.47,Net Banking,Delivered,Phoenix,AZ,United States,SELL01913
ORD0000226,24-09-2021,CUST031704,Vihaan Mehta,P00026,Sunglasses,Electronics,CoreTech,5,303.23,0,181.94,9.58,1707.67,Credit Card,Delivered,San Francisco,CA,United States,SELL00376
ORD0000227,19-09-2021,CUST003147,Ritika Kumar,P00023,Cookware Set,Toys & Games,HomeEase,4,377.77,0.1,163.2,11.35,1534.52,Amazon Pay,Delivered,Washington,DC,United States,SELL00628
ORD0000228,30-08-2022,CUST014415,Pooja Sharma,P00020,Office Chair,Electronics,BrightLux,5,165.72,0.05,62.97,4.46,854.6,Credit Card,Delivered,Chicago,IL,India,SELL01713
ORD0000229,03-11-2024,CUST001747,Karan Sharma,P00048,Wireless Charger,Electronics,Apex,5,404.33,0,161.73,4.75,2188.13,Credit Card,Shipped,Denver,CO,United Kingdom,SELL00704
ORD0000230,06-07-2023,CUST031415,Aman Reddy,P00033,Puzzle 1000pc,Toys & Games,UrbanStyle,5,493.81,0.3,138.27,14.7,1881.3,Amazon Pay,Pending,Denver,CO,United States,SELL00905
ORD0000231,14-10-2023,CUST048207,Rohit Patel,P00010,Smartwatch,Home & Kitchen,CoreTech,1,590.17,0.15,25.08,3.79,530.51,Credit Card,Shipped,Denver,CO,United States,SELL01023
ORD0000232,10-12-2021,CUST019145,Karan Verma,P00026,Sunglasses,Toys & Games,FitLife,2,426.66,0.15,87.04,11.68,824.04,Amazon Pay,Delivered,Jacksonville,FL,United States,SELL00212
ORD0000233,19-01-2024,CUST028877,Anjali Kapoor,P00005,Laptop Sleeve,Home & Kitchen,UrbanStyle,3,512.13,0,122.91,14.93,1674.23,Net Banking,Delivered,Chicago,IL,United States,SELL00809
ORD0000234,05-12-2023,CUST006962,Anjali Verma,P00012,Noise Cancelling Headphones,Toys & Games,FitLife,4,139.59,0.05,26.52,0.4,557.36,Debit Card,Shipped,Fort Worth,TX,United States,SELL00871
ORD0000235,10-10-2021,CUST037405,Priya Reddy,P00034,Desk Organizer,Clothing,Zenith,2,130.46,0.1,18.79,0.38,254,Debit Card,Delivered,Denver,CO,United States,SELL00685
ORD0000236,13-11-2020,CUST025402,Priya Mehta,P00030,Dress Shirt,Electronics,Apex,5,574.24,0,143.56,13.09,3027.85,Credit Card,Shipped,Chicago,IL,United States,SELL00618
ORD0000237,27-08-2024,CUST029978,Anjali Mehta,P00047,Memory Card 128GB,Clothing,KiddoFun,1,432.72,0.2,62.31,14.85,423.34,Cash on Delivery,Delivered,Los Angeles,CA,India,SELL00273
ORD0000238,02-06-2023,CUST049175,Priya Reddy,P00021,Backpack,Electronics,CoreTech,5,73.55,0.15,0,9.03,321.62,Debit Card,Delivered,Indianapolis,IN,United States,SELL00238
ORD0000239,11-06-2023,CUST028805,Arjun Kumar,P00022,Water Bottle,Electronics,KiddoFun,1,257.51,0.1,41.72,5.25,278.73,Credit Card,Delivered,Los Angeles,CA,United States,SELL01434
ORD0000240,14-11-2021,CUST024635,Karan Mehta,P00050,Novel Bestseller,Clothing,FitLife,5,338.76,0.05,193.09,12.46,1814.66,UPI,Delivered,Fort Worth,TX,India,SELL00311
ORD0000241,25-10-2021,CUST034448,Mohit Kapoor,P00035,Desk Plant,Electronics,CoreTech,2,139.97,0,22.4,14.9,317.24,UPI,Delivered,New York,NY,Australia,SELL00709
ORD0000242,29-10-2023,CUST040551,Ritika Gupta,P00028,Jeans,Electronics,KiddoFun,4,202.98,0.1,58.46,0.09,789.28,Cash on Delivery,Delivered,Seattle,WA,Canada,SELL01881
ORD0000243,22-08-2024,CUST034398,Sunita Reddy,P00040,Microphone,Home & Kitchen,KiddoFun,4,319.11,0,63.82,4.15,1344.41,Cash on Delivery,Delivered,San Antonio,TX,United States,SELL01539
ORD0000244,19-06-2024,CUST042901,Aarav Gupta,P00014,Drone Mini,Home & Kitchen,Zenith,1,370.47,0.15,37.79,0.89,353.58,Amazon Pay,Delivered,Columbus,OH,United States,SELL01937
ORD0000245,04-02-2024,CUST029445,Priya Kumar,P00004,USB-C Charger,Clothing,BrightLux,5,45.49,0.2,32.75,0.02,214.73,Debit Card,Delivered,Seattle,WA,India,SELL00878
ORD0000246,10-06-2023,CUST039354,Karan Kapoor,P00014,Drone Mini,Clothing,Apex,3,116.12,0,62.7,5.45,416.51,Credit Card,Delivered,Seattle,WA,India,SELL01817
ORD0000247,11-09-2024,CUST047386,Kabir Patel,P00013,Action Camera,Electronics,BrightLux,3,297.86,0.2,85.78,7.14,807.78,Credit Card,Shipped,Phoenix,AZ,United States,SELL01554
ORD0000248,10-02-2023,CUST014192,Simran Joshi,P00014,Drone Mini,Toys & Games,FitLife,5,89.26,0,35.7,2.92,484.92,Debit Card,Delivered,San Francisco,CA,United States,SELL01901
ORD0000249,29-02-2024,CUST027774,Simran Kumar,P00011,Fitness Band,Electronics,FitLife,4,73.54,0.2,18.83,11.23,265.39,Debit Card,Delivered,Charlotte,NC,United States,SELL01387
ORD0000250,17-03-2021,CUST045022,Aman Joshi,P00036,Smart Light Bulb,Home & Kitchen,CoreTech,4,214.42,0,102.92,9.31,969.91,Credit Card,Delivered,Philadelphia,PA,United States,SELL00871
ORD0000251,17-07-2021,CUST015291,Mohit Verma,P00039,Graphic Tablet,Home & Kitchen,CoreTech,4,234.78,0.1,101.42,0.79,947.42,Credit Card,Delivered,Chicago,IL,United States,SELL00536
ORD0000252,15-07-2023,CUST019542,Priya Reddy,P00014,Drone Mini,Clothing,Apex,5,274.55,0.3,48.05,5.27,1014.24,Debit Card,Pending,Washington,DC,United States,SELL00946
ORD0000253,13-03-2024,CUST005818,Kabir Patel,P00002,Bluetooth Speaker,Electronics,Apex,5,187.41,0.25,35.14,13.38,751.31,Net Banking,Shipped,Austin,TX,Canada,SELL00810
ORD0000254,10-11-2023,CUST017005,Aditya Kumar,P00031,Kids Toy Car,Books,BrightLux,4,230.36,0.15,39.16,2,824.38,Amazon Pay,Delivered,Chicago,IL,India,SELL01760
ORD0000255,11-11-2023,CUST004652,Priya Kumar,P00028,Jeans,Electronics,ReadMore,5,259.57,0.05,0,7.79,1240.75,UPI,Pending,Dallas,TX,United States,SELL00205
ORD0000256,10-02-2023,CUST000716,Rohit Singh,P00025,Running Shoes,Electronics,Zenith,4,428.27,0.25,154.18,12.7,1451.69,Cash on Delivery,Delivered,Washington,DC,India,SELL00035
ORD0000257,24-06-2024,CUST008298,Aarav Sharma,P00011,Fitness Band,Books,CoreTech,5,428.5,0,171.4,0.81,2314.71,Amazon Pay,Delivered,Charlotte,NC,United States,SELL00561
ORD0000258,06-07-2024,CUST047323,Sneha Joshi,P00023,Cookware Set,Clothing,Zenith,5,101.42,0,60.85,0.03,567.98,Debit Card,Delivered,San Jose,CA,India,SELL00073
ORD0000259,09-08-2022,CUST024173,Kabir Verma,P00046,Car Charger,Sports & Outdoors,UrbanStyle,2,177.35,0.05,26.96,14.57,378.49,Debit Card,Delivered,San Francisco,CA,United States,SELL01449
ORD0000260,09-01-2023,CUST039468,Simran Mehta,P00002,Bluetooth Speaker,Sports & Outdoors,Apex,5,276.27,0,110.51,9.92,1501.78,Net Banking,Delivered,Phoenix,AZ,United States,SELL00800
ORD0000261,29-11-2021,CUST017113,Ritika Kumar,P00006,Gaming Mouse,Electronics,CoreTech,2,220.49,0.25,39.69,11.42,381.84,Debit Card,Delivered,Houston,TX,United States,SELL00589
ORD0000262,22-04-2020,CUST012593,Sunita Joshi,P00015,Instant Pot,Books,NexPro,5,55.8,0.15,11.86,1.6,250.61,Credit Card,Delivered,Philadelphia,PA,United States,SELL00414
ORD0000263,02-01-2020,CUST043099,Sunita Kumar,P00009,Portable SSD 1TB,Home & Kitchen,Zenith,3,520.47,0.05,267,0.93,1751.27,Debit Card,Delivered,Phoenix,AZ,India,SELL01206
ORD0000264,03-10-2021,CUST002544,Arjun Sharma,P00050,Novel Bestseller,Home & Kitchen,Zenith,5,567.72,0.05,323.6,10.53,3030.8,Credit Card,Delivered,Fort Worth,TX,United States,SELL00789
ORD0000265,07-08-2020,CUST003153,Vihaan Mehta,P00041,Webcam Full HD,Toys & Games,Zenith,3,451.53,0.1,146.3,14.32,1379.75,Amazon Pay,Delivered,Columbus,OH,United States,SELL01729
ORD0000266,08-05-2024,CUST049849,Sneha Singh,P00036,Smart Light Bulb,Electronics,BrightLux,5,594.86,0,237.94,2.37,3214.61,Debit Card,Delivered,Seattle,WA,United States,SELL00669
ORD0000267,04-05-2022,CUST020614,Aman Joshi,P00010,Smartwatch,Toys & Games,Apex,2,349.96,0,35,6.25,741.17,Cash on Delivery,Delivered,Jacksonville,FL,United States,SELL01843
ORD0000268,25-10-2024,CUST008599,Vivaan Reddy,P00018,Vacuum Cleaner,Home & Kitchen,Zenith,5,492.27,0.1,110.76,7.62,2333.6,UPI,Delivered,San Antonio,TX,Australia,SELL01396
ORD0000269,02-06-2023,CUST031058,Sneha Verma,P00039,Graphic Tablet,Sports & Outdoors,Apex,1,94.16,0.05,7.16,0.9,97.51,Credit Card,Delivered,Jacksonville,FL,United States,SELL01933
ORD0000270,19-01-2021,CUST032555,Simran Singh,P00035,Desk Plant,Books,FitLife,1,348.88,0.1,37.68,5.52,357.19,Credit Card,Delivered,Houston,TX,United States,SELL01560
ORD0000271,27-11-2023,CUST023550,Simran Reddy,P00032,Board Game,Sports & Outdoors,UrbanStyle,1,85.61,0,6.85,10.64,103.1,UPI,Delivered,Seattle,WA,United States,SELL01202
ORD0000272,19-07-2024,CUST042540,Sahil Kapoor,P00010,Smartwatch,Home & Kitchen,CoreTech,3,476.94,0.15,60.81,5.78,1282.79,UPI,Shipped,Columbus,OH,India,SELL01156
ORD0000273,27-02-2023,CUST044529,Anjali Joshi,P00007,Mechanical Keyboard,Clothing,CoreTech,3,85.54,0,12.83,13.79,283.24,Cash on Delivery,Delivered,Philadelphia,PA,United States,SELL00976
ORD0000274,12-12-2022,CUST037954,Kabir Reddy,P00007,Mechanical Keyboard,Home & Kitchen,UrbanStyle,4,312.92,0.15,127.67,6.21,1197.81,Credit Card,Delivered,Washington,DC,India,SELL00910
ORD0000275,03-09-2024,CUST035117,Karan Reddy,P00049,Children's Book,Electronics,FitLife,2,493.21,0.1,44.39,14.27,946.44,Net Banking,Delivered,Los Angeles,CA,United States,SELL00331
ORD0000276,30-12-2021,CUST046611,Simran Singh,P00030,Dress Shirt,Toys & Games,BrightLux,5,486.32,0,121.58,10.96,2564.14,Debit Card,Delivered,Phoenix,AZ,United States,SELL00032
ORD0000277,22-08-2024,CUST044280,Neha Joshi,P00026,Sunglasses,Electronics,BrightLux,1,232.43,0.15,9.88,10.44,217.89,Credit Card,Delivered,Columbus,OH,United States,SELL01776
ORD0000278,29-09-2024,CUST033284,Pooja Kumar,P00037,Router,Sports & Outdoors,HomeEase,3,171.64,0,41.19,1.74,557.85,Debit Card,Delivered,Philadelphia,PA,United States,SELL00284
ORD0000279,10-12-2023,CUST036194,Pooja Reddy,P00028,Jeans,Electronics,ReadMore,5,436.76,0,174.7,4.11,2362.61,Cash on Delivery,Delivered,Dallas,TX,India,SELL01659
ORD0000280,03-09-2020,CUST023648,Neha Kumar,P00044,Power Bank 20000mAh,Books,HomeEase,5,152.56,0,61.02,10.29,834.11,Credit Card,Shipped,Fort Worth,TX,Canada,SELL01792
ORD0000281,15-04-2022,CUST001746,Pooja Joshi,P00009,Portable SSD 1TB,Books,NexPro,2,217.88,0.25,26.15,3.94,356.91,Net Banking,Delivered,San Francisco,CA,India,SELL00187
ORD0000282,02-01-2024,CUST034953,Aditya Gupta,P00015,Instant Pot,Sports & Outdoors,KiddoFun,3,349.83,0,52.47,9.06,1111.02,Amazon Pay,Delivered,Indianapolis,IN,India,SELL01522
ORD0000283,21-07-2020,CUST036197,Sneha Gupta,P00026,Sunglasses,Sports & Outdoors,HomeEase,1,25.8,0.15,1.75,2.16,25.84,UPI,Shipped,Chicago,IL,United Kingdom,SELL00883
ORD0000284,22-04-2023,CUST001072,Anjali Patel,P00028,Jeans,Toys & Games,FitLife,4,235.08,0.05,71.46,13.48,978.24,Amazon Pay,Delivered,San Jose,CA,United States,SELL00294
ORD0000285,02-05-2020,CUST001188,Sahil Verma,P00049,Children's Book,Toys & Games,ReadMore,1,485.49,0,58.26,13.38,557.13,Credit Card,Delivered,San Diego,CA,Canada,SELL01442
ORD0000286,04-02-2021,CUST016884,Arjun Singh,P00038,External HDD 2TB,Books,Zenith,5,126.21,0.2,40.39,11.32,556.55,Credit Card,Delivered,Chicago,IL,United States,SELL00054
ORD0000287,05-02-2022,CUST043203,Sneha Mehta,P00001,Wireless Earbuds,Toys & Games,UrbanStyle,3,436.44,0.1,94.27,14.18,1286.84,Cash on Delivery,Delivered,Washington,DC,United States,SELL00326
ORD0000288,20-10-2020,CUST012562,Arjun Kumar,P00007,Mechanical Keyboard,Toys & Games,KiddoFun,1,465.84,0.05,22.13,2.26,466.94,Debit Card,Delivered,Dallas,TX,United States,SELL01435
ORD0000289,06-10-2020,CUST030504,Aditya Mehta,P00035,Desk Plant,Books,Apex,4,41.51,0,19.92,5.9,191.86,UPI,Shipped,Jacksonville,FL,United States,SELL00977
ORD0000290,02-06-2022,CUST002550,Karan Patel,P00024,Yoga Mat,Sports & Outdoors,Zenith,2,57.26,0.2,10.99,1.11,103.72,Credit Card,Delivered,Washington,DC,United States,SELL00039
ORD0000291,21-06-2024,CUST006082,Sahil Joshi,P00048,Wireless Charger,Home & Kitchen,NexPro,3,432.19,0.05,98.54,1.14,1331.42,Net Banking,Returned,Columbus,OH,United States,SELL01802
ORD0000292,16-07-2020,CUST007148,Karan Sharma,P00010,Smartwatch,Electronics,FitLife,1,402.92,0.15,27.4,11.53,381.41,Net Banking,Pending,Columbus,OH,United States,SELL00782
ORD0000293,08-09-2022,CUST014657,Rohit Mehta,P00014,Drone Mini,Home & Kitchen,KiddoFun,5,541.68,0,135.42,13.07,2856.89,UPI,Delivered,New York,NY,India,SELL01904
ORD0000294,14-03-2024,CUST049112,Sunita Kapoor,P00029,T-Shirt,Electronics,Apex,5,276.6,0.15,94.04,10.28,1279.87,Amazon Pay,Delivered,Denver,CO,India,SELL01356
ORD0000295,21-01-2022,CUST029592,Aarav Kapoor,P00019,LED Desk Lamp,Books,Apex,3,466.02,0,69.9,12.53,1480.49,Debit Card,Delivered,Philadelphia,PA,Canada,SELL01890
ORD0000296,23-05-2020,CUST014517,Sunita Joshi,P00032,Board Game,Toys & Games,Apex,2,464.46,0.05,105.9,13.46,1001.83,UPI,Delivered,San Diego,CA,United States,SELL00338
ORD0000297,31-08-2021,CUST005746,Aarav Patel,P00002,Bluetooth Speaker,Electronics,CoreTech,3,331.2,0.05,47.2,0.11,991.23,Debit Card,Delivered,San Diego,CA,United States,SELL00199
ORD0000298,09-05-2023,CUST027050,Priya Mehta,P00002,Bluetooth Speaker,Clothing,Zenith,4,97.45,0.1,17.54,0.02,368.38,Amazon Pay,Delivered,Columbus,OH,United States,SELL01301
ORD0000299,21-02-2023,CUST017205,Karan Reddy,P00035,Desk Plant,Electronics,UrbanStyle,1,540.72,0.05,25.68,7.52,546.88,Amazon Pay,Delivered,New York,NY,India,SELL01985
ORD0000300,05-07-2020,CUST009192,Sahil Kapoor,P00001,Wireless Earbuds,Books,ReadMore,2,308.26,0.15,94.33,9.57,627.94,Amazon Pay,Delivered,Charlotte,NC,United States,SELL01005
ORD0000301,11-09-2023,CUST008766,Sneha Joshi,P00041,Webcam Full HD,Sports & Outdoors,Apex,2,41.57,0.25,7.48,12.91,82.74,Amazon Pay,Delivered,New York,NY,United States,SELL01248
ORD0000302,08-04-2021,CUST001699,Sneha Gupta,P00003,Smartphone Case,Electronics,CoreTech,3,213.75,0.05,48.74,2.76,660.69,UPI,Delivered,Washington,DC,United States,SELL01222
ORD0000303,04-10-2023,CUST019427,Karan Joshi,P00030,Dress Shirt,Electronics,BrightLux,5,113.48,0,28.37,0.78,596.55,Debit Card,Cancelled,Chicago,IL,United States,SELL00138
ORD0000304,29-11-2024,CUST003257,Aarav Mehta,P00050,Novel Bestseller,Toys & Games,BrightLux,2,518.09,0,0,4.03,1040.21,Amazon Pay,Shipped,Chicago,IL,United States,SELL00084
ORD0000305,21-10-2021,CUST002188,Anjali Mehta,P00022,Water Bottle,Electronics,KiddoFun,1,169.12,0,8.46,13.27,190.85,Credit Card,Shipped,Charlotte,NC,United Kingdom,SELL01336
ORD0000306,02-02-2022,CUST001779,Mohit Joshi,P00010,Smartwatch,Home & Kitchen,Apex,4,476.83,0.1,85.83,8.41,1810.83,Cash on Delivery,Delivered,New York,NY,Australia,SELL01798
ORD0000307,12-08-2022,CUST032817,Arjun Kapoor,P00030,Dress Shirt,Clothing,Apex,1,560.82,0.05,63.93,1.48,598.19,Net Banking,Delivered,New York,NY,United States,SELL01401
ORD0000308,06-02-2021,CUST034263,Sahil Sharma,P00031,Kids Toy Car,Toys & Games,UrbanStyle,2,573.93,0.1,185.95,2.97,1221.99,Amazon Pay,Cancelled,Denver,CO,United States,SELL01501
ORD0000309,01-10-2023,CUST047601,Sunita Kapoor,P00049,Children's Book,Toys & Games,Apex,4,179.25,0.1,32.27,0.94,678.51,UPI,Returned,Houston,TX,United States,SELL01467
ORD0000310,14-03-2024,CUST042134,Ritika Sharma,P00004,USB-C Charger,Electronics,Zenith,5,400.83,0,100.21,0.32,2104.68,UPI,Shipped,San Jose,CA,United States,SELL01253
ORD0000311,26-05-2020,CUST013914,Aditya Mehta,P00002,Bluetooth Speaker,Toys & Games,ReadMore,3,319.07,0.25,57.43,2.13,777.47,Credit Card,Delivered,Denver,CO,United States,SELL00458
ORD0000312,17-03-2023,CUST039236,Arjun Joshi,P00042,Projector Mini,Books,BrightLux,3,582.15,0,87.32,6.71,1840.48,Debit Card,Pending,Washington,DC,India,SELL01738
ORD0000313,13-05-2022,CUST025927,Mohit Sharma,P00026,Sunglasses,Books,BrightLux,4,458.05,0.1,82.45,10.2,1741.63,UPI,Shipped,Indianapolis,IN,India,SELL01590
ORD0000314,30-09-2024,CUST000351,Pooja Mehta,P00049,Children's Book,Toys & Games,NexPro,3,33.87,0.1,10.97,1.29,103.71,Amazon Pay,Cancelled,Los Angeles,CA,India,SELL01318
ORD0000315,03-05-2021,CUST034695,Anjali Kumar,P00035,Desk Plant,Sports & Outdoors,NexPro,1,528.48,0,0,8.79,537.27,Credit Card,Delivered,Indianapolis,IN,United States,SELL00205
ORD0000316,17-07-2022,CUST034686,Simran Patel,P00005,Laptop Sleeve,Electronics,CoreTech,4,539.52,0,172.65,6.53,2337.26,Amazon Pay,Delivered,Fort Worth,TX,United States,SELL00156
ORD0000317,21-07-2024,CUST028950,Anjali Mehta,P00023,Cookware Set,Clothing,ReadMore,4,155.41,0,31.08,6.79,659.51,Debit Card,Shipped,Phoenix,AZ,United States,SELL00695
ORD0000318,04-07-2021,CUST012442,Pooja Mehta,P00002,Bluetooth Speaker,Toys & Games,CoreTech,2,487.41,0,48.74,7.26,1030.82,Amazon Pay,Delivered,Austin,TX,United States,SELL01588
ORD0000319,03-12-2020,CUST038779,Pooja Verma,P00017,Electric Kettle,Books,Apex,1,595.34,0,47.63,12.41,655.38,Amazon Pay,Delivered,Dallas,TX,United States,SELL00807
ORD0000320,21-05-2022,CUST012713,Neha Sharma,P00012,Noise Cancelling Headphones,Home & Kitchen,ReadMore,2,274.82,0.05,26.11,11.71,559.98,UPI,Delivered,San Francisco,CA,United States,SELL00400
ORD0000321,02-10-2021,CUST020344,Sahil Sharma,P00031,Kids Toy Car,Toys & Games,Apex,4,426.38,0.05,81.01,9.49,1710.74,Cash on Delivery,Delivered,Columbus,OH,United States,SELL00463
ORD0000322,07-12-2024,CUST005270,Vikas Kumar,P00020,Office Chair,Home & Kitchen,Zenith,1,412.78,0,0,13.23,426.01,Net Banking,Delivered,Seattle,WA,United States,SELL01391
ORD0000323,17-04-2021,CUST023625,Aditya Sharma,P00020,Office Chair,Toys & Games,BrightLux,4,153.06,0,48.98,4.38,665.6,Net Banking,Shipped,Charlotte,NC,United States,SELL01411
ORD0000324,30-05-2020,CUST010542,Aarav Kumar,P00047,Memory Card 128GB,Home & Kitchen,FitLife,5,234.78,0.1,126.78,13.1,1196.39,Debit Card,Delivered,Columbus,OH,United States,SELL01480
ORD0000325,09-12-2023,CUST021562,Rohit Sharma,P00019,LED Desk Lamp,Sports & Outdoors,NexPro,3,120.94,0.2,14.51,5.34,310.11,Amazon Pay,Delivered,San Jose,CA,United States,SELL00844
ORD0000326,14-08-2023,CUST031261,Kabir Singh,P00049,Children's Book,Toys & Games,UrbanStyle,2,161.85,0.1,52.44,14.19,357.96,UPI,Delivered,Indianapolis,IN,United States,SELL01839
ORD0000327,22-06-2024,CUST024288,Sneha Singh,P00043,HDMI Cable 2m,Sports & Outdoors,Apex,5,246.53,0,61.63,14.46,1308.74,UPI,Delivered,San Antonio,TX,United States,SELL01954
ORD0000328,19-09-2020,CUST015925,Neha Verma,P00038,External HDD 2TB,Toys & Games,CoreTech,1,152.22,0.05,11.57,13.19,169.37,Credit Card,Delivered,Dallas,TX,India,SELL01021
ORD0000329,22-11-2024,CUST011154,Ritika Kumar,P00033,Puzzle 1000pc,Books,HomeEase,4,489.79,0.2,282.12,9.88,1859.33,Debit Card,Delivered,Chicago,IL,India,SELL01122
ORD0000330,23-05-2020,CUST023840,Simran Gupta,P00018,Vacuum Cleaner,Home & Kitchen,FitLife,3,94.03,0.05,13.4,8.62,290.01,Credit Card,Delivered,Columbus,OH,United States,SELL01015
ORD0000331,11-12-2020,CUST004105,Vikas Singh,P00026,Sunglasses,Toys & Games,Zenith,1,295.94,0.05,33.74,5.01,319.89,Amazon Pay,Delivered,Chicago,IL,United States,SELL00422
ORD0000332,15-09-2021,CUST034270,Kabir Kapoor,P00016,Air Fryer,Sports & Outdoors,HomeEase,1,352.82,0,28.23,6.11,387.16,Amazon Pay,Delivered,Philadelphia,PA,United States,SELL00066
ORD0000333,13-10-2022,CUST031200,Vihaan Singh,P00020,Office Chair,Toys & Games,HomeEase,1,240.55,0.1,10.82,14.14,241.46,Credit Card,Cancelled,Indianapolis,IN,United States,SELL01126
ORD0000334,14-05-2024,CUST002824,Priya Verma,P00026,Sunglasses,Toys & Games,CoreTech,3,389.23,0,140.12,7.57,1315.38,Credit Card,Delivered,Indianapolis,IN,United States,SELL01273
ORD0000335,30-05-2022,CUST046488,Ritika Sharma,P00001,Wireless Earbuds,Home & Kitchen,KiddoFun,3,400.38,0,216.21,8.35,1425.7,UPI,Delivered,Indianapolis,IN,India,SELL00834
ORD0000336,02-01-2020,CUST000068,Priya Kapoor,P00013,Action Camera,Electronics,ReadMore,1,501.07,0,25.05,1.54,527.66,Amazon Pay,Delivered,San Francisco,CA,United States,SELL01958
ORD0000337,15-06-2022,CUST025908,Sunita Mehta,P00025,Running Shoes,Clothing,UrbanStyle,1,296.93,0.05,33.85,5.35,321.28,Amazon Pay,Delivered,Houston,TX,United States,SELL01382
ORD0000338,20-08-2023,CUST012590,Rohit Verma,P00007,Mechanical Keyboard,Home & Kitchen,CoreTech,2,30.67,0.05,2.91,6.88,68.06,Credit Card,Shipped,Fort Worth,TX,United States,SELL01384
ORD0000339,10-09-2020,CUST043281,Ritika Kumar,P00007,Mechanical Keyboard,Books,UrbanStyle,2,559.24,0,134.22,11.03,1263.73,Debit Card,Delivered,Denver,CO,United States,SELL01472
ORD0000340,02-08-2024,CUST023061,Vihaan Gupta,P00003,Smartphone Case,Toys & Games,KiddoFun,3,72.83,0.1,15.73,0.49,212.86,Credit Card,Delivered,New York,NY,United States,SELL00011
ORD0000341,28-03-2021,CUST024329,Kabir Verma,P00035,Desk Plant,Toys & Games,KiddoFun,3,94.51,0.2,11.34,5.78,243.94,Debit Card,Delivered,Phoenix,AZ,United States,SELL00335
ORD0000342,26-11-2022,CUST049916,Ritika Sharma,P00014,Drone Mini,Books,HomeEase,2,487.8,0.05,74.15,14.57,1015.54,Amazon Pay,Delivered,Chicago,IL,United States,SELL01794
ORD0000343,29-03-2023,CUST005573,Vikas Reddy,P00040,Microphone,Toys & Games,KiddoFun,3,203.88,0,48.93,1.71,662.28,UPI,Delivered,Indianapolis,IN,United States,SELL00906
ORD0000344,11-10-2022,CUST041438,Karan Patel,P00025,Running Shoes,Books,Zenith,5,39.9,0.1,8.98,9.41,197.94,Amazon Pay,Pending,Seattle,WA,United States,SELL01014
ORD0000345,09-01-2020,CUST027366,Aditya Reddy,P00014,Drone Mini,Books,HomeEase,1,56.87,0.1,4.09,3.54,58.81,Net Banking,Delivered,Philadelphia,PA,Australia,SELL00220
ORD0000346,10-06-2023,CUST013256,Anjali Sharma,P00037,Router,Sports & Outdoors,Apex,1,369.08,0,18.45,1.59,389.12,UPI,Delivered,San Jose,CA,United States,SELL00751
ORD0000347,27-01-2023,CUST037808,Karan Joshi,P00001,Wireless Earbuds,Home & Kitchen,NexPro,5,410.33,0,164.13,4.18,2219.96,Debit Card,Delivered,Philadelphia,PA,United States,SELL00465
ORD0000348,09-08-2024,CUST012334,Vihaan Mehta,P00020,Office Chair,Home & Kitchen,Apex,2,29.1,0.2,2.33,3.83,52.72,Amazon Pay,Delivered,San Francisco,CA,United States,SELL00357
ORD0000349,26-03-2022,CUST046689,Vikas Joshi,P00037,Router,Books,FitLife,2,116.97,0,18.72,8.01,260.67,UPI,Delivered,Denver,CO,India,SELL00183
ORD0000350,26-07-2020,CUST017408,Arjun Mehta,P00009,Portable SSD 1TB,Sports & Outdoors,Apex,5,548.98,0,219.59,11.56,2976.05,Amazon Pay,Delivered,Fort Worth,TX,United States,SELL00578
ORD0000351,28-02-2023,CUST014960,Mohit Reddy,P00045,Phone Tripod,Books,BrightLux,5,578.85,0,144.71,12.07,3051.03,Credit Card,Delivered,Chicago,IL,United States,SELL00605
ORD0000352,07-02-2021,CUST010085,Pooja Kapoor,P00040,Microphone,Toys & Games,ReadMore,3,366.04,0,87.85,4.55,1190.52,Debit Card,Shipped,San Jose,CA,United Kingdom,SELL01785
ORD0000353,31-05-2020,CUST021961,Sahil Joshi,P00018,Vacuum Cleaner,Electronics,HomeEase,4,400.22,0,0,5.53,1606.41,UPI,Shipped,Dallas,TX,United States,SELL01168
ORD0000354,23-02-2020,CUST029119,Simran Mehta,P00040,Microphone,Toys & Games,Apex,2,597.49,0.25,0,3.29,899.52,UPI,Delivered,San Francisco,CA,India,SELL01630
ORD0000355,17-02-2023,CUST037507,Ritika Gupta,P00001,Wireless Earbuds,Sports & Outdoors,HomeEase,2,57.37,0,5.74,0.48,120.96,Cash on Delivery,Shipped,Indianapolis,IN,United States,SELL01227
ORD0000356,23-08-2024,CUST006815,Anjali Kumar,P00007,Mechanical Keyboard,Home & Kitchen,BrightLux,2,327.8,0.1,70.8,13.68,674.52,UPI,Delivered,New York,NY,United Kingdom,SELL00898
ORD0000357,19-09-2021,CUST039527,Aditya Gupta,P00048,Wireless Charger,Clothing,UrbanStyle,5,453.11,0.15,96.29,14.15,2036.16,Debit Card,Delivered,New York,NY,United States,SELL01918
ORD0000358,09-08-2021,CUST021127,Simran Kumar,P00012,Noise Cancelling Headphones,Electronics,BrightLux,2,138.19,0.1,29.85,3.32,281.91,Amazon Pay,Delivered,San Diego,CA,United States,SELL01633
ORD0000359,06-07-2024,CUST034300,Simran Kapoor,P00038,External HDD 2TB,Books,FitLife,2,569.77,0.05,86.61,9.56,1178.73,Debit Card,Pending,Washington,DC,United States,SELL00010
ORD0000360,14-12-2023,CUST021084,Kabir Mehta,P00031,Kids Toy Car,Home & Kitchen,FitLife,3,392.25,0.15,80.02,5.31,1085.57,Credit Card,Delivered,Phoenix,AZ,United States,SELL01248
ORD0000361,16-12-2023,CUST005859,Anjali Sharma,P00048,Wireless Charger,Toys & Games,ReadMore,5,131.34,0.05,49.91,1.64,675.42,Amazon Pay,Pending,Fort Worth,TX,United States,SELL01019
ORD0000362,13-04-2020,CUST049807,Neha Patel,P00012,Noise Cancelling Headphones,Clothing,BrightLux,5,530.31,0,212.12,14.86,2878.53,Credit Card,Cancelled,San Francisco,CA,Australia,SELL01330
ORD0000363,10-09-2020,CUST041735,Mohit Joshi,P00034,Desk Organizer,Home & Kitchen,KiddoFun,3,62.04,0,22.33,4.36,212.81,UPI,Cancelled,San Jose,CA,Canada,SELL00059
ORD0000364,04-06-2023,CUST014691,Rohit Patel,P00047,Memory Card 128GB,Books,HomeEase,4,591.4,0,283.87,6.44,2655.91,Credit Card,Delivered,Phoenix,AZ,United States,SELL00599
ORD0000365,09-02-2023,CUST028272,Pooja Patel,P00019,LED Desk Lamp,Sports & Outdoors,CoreTech,5,104.87,0.05,39.85,10.01,547.99,Debit Card,Cancelled,Fort Worth,TX,India,SELL00617
ORD0000366,24-05-2021,CUST006623,Pooja Kapoor,P00048,Wireless Charger,Books,HomeEase,3,436.37,0.05,99.49,0.63,1343.77,Debit Card,Shipped,Los Angeles,CA,United Kingdom,SELL01655
ORD0000367,05-02-2024,CUST038822,Pooja Reddy,P00013,Action Camera,Electronics,UrbanStyle,1,172.84,0,13.83,1.67,188.34,Credit Card,Shipped,Phoenix,AZ,United States,SELL01044
ORD0000368,08-04-2020,CUST005512,Aarav Reddy,P00016,Air Fryer,Sports & Outdoors,Zenith,3,43.51,0,15.66,12.06,158.25,Credit Card,Delivered,Columbus,OH,United States,SELL00448
ORD0000369,01-06-2020,CUST011448,Rohit Verma,P00025,Running Shoes,Electronics,NexPro,1,275.24,0.25,10.32,11.03,227.78,Credit Card,Shipped,Washington,DC,United States,SELL01856
ORD0000370,02-07-2022,CUST045030,Sneha Mehta,P00034,Desk Organizer,Sports & Outdoors,ReadMore,4,575.93,0.15,97.91,14.12,2070.19,Cash on Delivery,Returned,Dallas,TX,United States,SELL01711
ORD0000371,27-05-2022,CUST040400,Neha Reddy,P00017,Electric Kettle,Clothing,UrbanStyle,3,156.92,0.15,20.01,10.53,430.69,Debit Card,Delivered,Jacksonville,FL,United States,SELL01563
ORD0000372,03-12-2020,CUST008802,Sneha Joshi,P00040,Microphone,Electronics,Zenith,5,210.04,0,126.02,0.49,1176.71,Amazon Pay,Shipped,Austin,TX,United States,SELL00818
ORD0000373,25-09-2024,CUST049537,Neha Joshi,P00030,Dress Shirt,Toys & Games,UrbanStyle,5,591.47,0,0,9.52,2966.87,Debit Card,Delivered,Los Angeles,CA,United States,SELL00883
ORD0000374,01-04-2022,CUST047635,Aarav Verma,P00027,Winter Jacket,Toys & Games,BrightLux,1,345.41,0.05,16.41,2.03,346.58,Net Banking,Shipped,San Francisco,CA,India,SELL01324
ORD0000375,01-04-2023,CUST014084,Priya Kumar,P00032,Board Game,Clothing,KiddoFun,3,426.35,0.25,47.96,2.41,1009.66,UPI,Delivered,Washington,DC,United States,SELL00456
ORD0000376,09-10-2024,CUST000192,Sunita Kumar,P00049,Children's Book,Home & Kitchen,NexPro,4,100.2,0.2,38.48,12.41,371.53,Debit Card,Returned,San Diego,CA,United States,SELL01651
ORD0000377,14-08-2022,CUST040930,Priya Kapoor,P00042,Projector Mini,Sports & Outdoors,HomeEase,2,317.21,0.2,25.38,2.14,535.06,Amazon Pay,Delivered,San Diego,CA,United States,SELL01183
ORD0000378,31-08-2024,CUST006786,Vikas Joshi,P00031,Kids Toy Car,Sports & Outdoors,UrbanStyle,3,430.49,0,64.57,7.48,1363.52,Amazon Pay,Delivered,Jacksonville,FL,India,SELL01483
ORD0000379,09-06-2020,CUST044236,Sahil Reddy,P00013,Action Camera,Toys & Games,Zenith,3,47.17,0.3,7.92,0.96,107.94,Debit Card,Delivered,San Francisco,CA,United Kingdom,SELL01385
ORD0000380,22-05-2024,CUST035512,Vikas Mehta,P00014,Drone Mini,Electronics,Zenith,2,427.06,0.15,0,2.99,728.99,UPI,Shipped,Houston,TX,India,SELL01500
ORD0000381,11-03-2022,CUST044533,Sahil Patel,P00013,Action Camera,Home & Kitchen,Zenith,4,40.92,0.15,11.13,3.59,153.85,Cash on Delivery,Delivered,Phoenix,AZ,United States,SELL00759
ORD0000382,01-02-2021,CUST015840,Vikas Joshi,P00019,LED Desk Lamp,Toys & Games,ReadMore,3,106.51,0,38.34,12.83,370.7,Cash on Delivery,Delivered,Charlotte,NC,United States,SELL01631
ORD0000383,24-07-2023,CUST012211,Pooja Gupta,P00012,Noise Cancelling Headphones,Clothing,NexPro,2,281.89,0,28.19,7.13,599.1,Cash on Delivery,Returned,Phoenix,AZ,India,SELL01115
ORD0000384,26-03-2022,CUST041119,Pooja Kumar,P00033,Puzzle 1000pc,Books,HomeEase,2,413.76,0.05,39.31,12.8,838.25,Credit Card,Delivered,Philadelphia,PA,India,SELL01804
ORD0000385,07-03-2024,CUST019770,Vihaan Kumar,P00036,Smart Light Bulb,Home & Kitchen,UrbanStyle,2,175.99,0.05,16.72,3.99,355.09,Credit Card,Shipped,Washington,DC,Australia,SELL00409
ORD0000386,16-11-2023,CUST014244,Anjali Verma,P00008,4K Monitor,Toys & Games,Apex,4,13.87,0.15,3.77,0.21,51.14,Debit Card,Delivered,Washington,DC,India,SELL00575
ORD0000387,04-03-2023,CUST039927,Sahil Singh,P00033,Puzzle 1000pc,Home & Kitchen,KiddoFun,3,555.21,0.2,106.6,5.69,1444.79,Net Banking,Delivered,Seattle,WA,Canada,SELL01900
ORD0000388,03-05-2023,CUST018394,Rohit Kumar,P00042,Projector Mini,Toys & Games,Apex,4,172.46,0.25,41.39,8.42,567.19,Amazon Pay,Delivered,San Diego,CA,United States,SELL01626
ORD0000389,04-02-2021,CUST030988,Neha Gupta,P00049,Children's Book,Home & Kitchen,HomeEase,4,291.26,0,93.2,3.56,1261.8,Credit Card,Delivered,Chicago,IL,United States,SELL01240
ORD0000390,01-10-2021,CUST019107,Ritika Reddy,P00023,Cookware Set,Toys & Games,CoreTech,5,44.09,0,26.45,5.14,252.04,Amazon Pay,Delivered,Charlotte,NC,India,SELL01610
ORD0000391,22-11-2022,CUST037892,Kabir Gupta,P00039,Graphic Tablet,Books,Apex,3,412.81,0.3,69.35,6.62,942.87,Debit Card,Delivered,Denver,CO,United States,SELL00120
ORD0000392,18-11-2021,CUST023324,Vihaan Kumar,P00037,Router,Electronics,KiddoFun,5,477.24,0,286.34,10.06,2682.6,Amazon Pay,Delivered,Charlotte,NC,United Kingdom,SELL01083
ORD0000393,04-04-2021,CUST030181,Priya Kumar,P00016,Air Fryer,Toys & Games,UrbanStyle,3,278.87,0,66.93,9.79,913.33,Net Banking,Delivered,Indianapolis,IN,United States,SELL00224
ORD0000394,12-08-2022,CUST013642,Vikas Singh,P00041,Webcam Full HD,Electronics,NexPro,1,99.56,0.05,7.57,7.42,109.57,Debit Card,Delivered,Philadelphia,PA,India,SELL00724
ORD0000395,14-04-2021,CUST009422,Priya Sharma,P00050,Novel Bestseller,Books,BrightLux,3,77.65,0.25,8.74,9.43,192.88,Amazon Pay,Delivered,Chicago,IL,India,SELL00544
ORD0000396,30-10-2023,CUST048133,Sahil Singh,P00043,HDMI Cable 2m,Home & Kitchen,BrightLux,3,567.89,0,85.18,13.57,1802.42,Debit Card,Delivered,Fort Worth,TX,United States,SELL00733
ORD0000397,11-11-2022,CUST036618,Pooja Sharma,P00018,Vacuum Cleaner,Home & Kitchen,Zenith,2,436.96,0.25,52.44,9.28,717.16,Credit Card,Delivered,Indianapolis,IN,United States,SELL00841
ORD0000398,19-01-2022,CUST011417,Vivaan Reddy,P00041,Webcam Full HD,Clothing,Zenith,3,236.65,0,56.8,3.2,769.95,Net Banking,Delivered,Houston,TX,India,SELL00871
ORD0000399,20-08-2024,CUST034217,Priya Singh,P00010,Smartwatch,Electronics,UrbanStyle,4,124.35,0,24.87,12.79,535.06,Debit Card,Shipped,Los Angeles,CA,Canada,SELL01965
ORD0000400,07-02-2020,CUST033773,Neha Verma,P00049,Children's Book,Sports & Outdoors,CoreTech,4,388.55,0,77.71,1.15,1633.06,Cash on Delivery,Shipped,Philadelphia,PA,United States,SELL00957
ORD0000401,17-08-2020,CUST009971,Aarav Kapoor,P00033,Puzzle 1000pc,Books,Apex,2,409.25,0.05,0,13.68,791.25,Credit Card,Delivered,Washington,DC,United States,SELL00494
ORD0000402,20-10-2023,CUST016596,Priya Joshi,P00017,Electric Kettle,Home & Kitchen,HomeEase,2,466.29,0.3,52.22,7.92,712.95,Debit Card,Shipped,San Antonio,TX,United Kingdom,SELL01723
ORD0000403,16-07-2021,CUST022332,Neha Joshi,P00050,Novel Bestseller,Home & Kitchen,FitLife,3,321.01,0,115.56,9.72,1088.31,Amazon Pay,Delivered,Seattle,WA,Australia,SELL00972
ORD0000404,13-03-2021,CUST027937,Anjali Singh,P00025,Running Shoes,Toys & Games,Apex,4,145.75,0.15,59.47,9.78,564.8,Credit Card,Delivered,Houston,TX,India,SELL01794
ORD0000405,04-12-2024,CUST030345,Vivaan Gupta,P00020,Office Chair,Books,Apex,3,557.97,0.05,190.83,13.16,1794.2,Debit Card,Delivered,Los Angeles,CA,India,SELL01607
ORD0000406,30-07-2023,CUST008370,Neha Verma,P00036,Smart Light Bulb,Electronics,HomeEase,2,353.9,0,56.62,6.24,770.66,Credit Card,Delivered,Denver,CO,United States,SELL00321
ORD0000407,27-01-2020,CUST044703,Aditya Mehta,P00026,Sunglasses,Sports & Outdoors,FitLife,5,7.14,0.1,0,4.57,36.7,Net Banking,Delivered,San Francisco,CA,United States,SELL00965
ORD0000408,13-08-2020,CUST030597,Neha Verma,P00039,Graphic Tablet,Books,Apex,5,237.5,0,95,7.08,1289.58,Debit Card,Delivered,Austin,TX,United States,SELL00578
ORD0000409,24-07-2023,CUST045230,Ritika Sharma,P00026,Sunglasses,Sports & Outdoors,FitLife,4,133.39,0,96.04,5.4,635,Cash on Delivery,Returned,San Jose,CA,United States,SELL00469
ORD0000410,08-03-2022,CUST022493,Arjun Singh,P00003,Smartphone Case,Sports & Outdoors,KiddoFun,5,262.9,0,65.73,12.41,1392.64,Credit Card,Delivered,Charlotte,NC,India,SELL01115
ORD0000411,20-06-2024,CUST045811,Ritika Gupta,P00019,LED Desk Lamp,Home & Kitchen,FitLife,3,446.18,0,160.62,0.96,1500.12,Amazon Pay,Delivered,Houston,TX,United States,SELL00918
ORD0000412,10-10-2020,CUST041583,Aditya Kumar,P00016,Air Fryer,Clothing,NexPro,5,187.2,0.25,35.1,9.87,746.97,Credit Card,Delivered,San Antonio,TX,United States,SELL01411
ORD0000413,28-05-2022,CUST049796,Vihaan Reddy,P00041,Webcam Full HD,Clothing,CoreTech,1,52.83,0,2.64,5.48,60.95,Credit Card,Delivered,Jacksonville,FL,India,SELL01914
ORD0000414,17-08-2022,CUST000031,Karan Kapoor,P00005,Laptop Sleeve,Electronics,Apex,3,451.4,0.25,121.88,3.69,1141.22,Debit Card,Shipped,Seattle,WA,United States,SELL00299
ORD0000415,13-02-2024,CUST008196,Kabir Kapoor,P00024,Yoga Mat,Home & Kitchen,UrbanStyle,3,532.69,0,287.65,10.38,1896.1,Amazon Pay,Cancelled,Washington,DC,India,SELL00087
ORD0000416,28-03-2021,CUST013179,Sneha Reddy,P00015,Instant Pot,Clothing,UrbanStyle,1,52.02,0,9.36,11.07,72.45,Debit Card,Delivered,San Francisco,CA,United States,SELL01252
ORD0000417,16-10-2022,CUST000018,Sunita Joshi,P00021,Backpack,Books,KiddoFun,4,514.98,0.05,0,3.55,1960.47,Credit Card,Delivered,Philadelphia,PA,United States,SELL01599
ORD0000418,26-03-2022,CUST025938,Simran Gupta,P00030,Dress Shirt,Electronics,ReadMore,4,557.57,0.15,151.66,11.32,2058.72,Credit Card,Delivered,Washington,DC,United States,SELL01174
ORD0000419,20-10-2021,CUST037096,Ritika Mehta,P00013,Action Camera,Home & Kitchen,Zenith,3,495.51,0.3,124.87,4.78,1170.22,Net Banking,Pending,San Diego,CA,United States,SELL01193
ORD0000420,19-03-2024,CUST001826,Priya Kapoor,P00036,Smart Light Bulb,Home & Kitchen,Zenith,4,26.26,0.1,4.73,4.14,103.41,Amazon Pay,Shipped,Denver,CO,United States,SELL00616
ORD0000421,30-06-2021,CUST024624,Kabir Sharma,P00006,Gaming Mouse,Electronics,CoreTech,3,177.18,0,63.78,9.18,604.5,Cash on Delivery,Delivered,Dallas,TX,United States,SELL01136
ORD0000422,30-04-2023,CUST006207,Kabir Verma,P00038,External HDD 2TB,Books,NexPro,3,168.62,0.05,24.03,14.43,519.03,UPI,Delivered,San Antonio,TX,United States,SELL01523
ORD0000423,08-12-2022,CUST019546,Rohit Kumar,P00035,Desk Plant,Home & Kitchen,KiddoFun,2,254.34,0,40.69,2.34,551.71,Net Banking,Shipped,Austin,TX,United States,SELL01974
ORD0000424,15-03-2024,CUST034816,Pooja Verma,P00006,Gaming Mouse,Sports & Outdoors,Apex,5,125.23,0.15,26.61,2.11,560.95,UPI,Delivered,Los Angeles,CA,United Kingdom,SELL00307
ORD0000425,17-01-2020,CUST007767,Mohit Kumar,P00049,Children's Book,Home & Kitchen,CoreTech,5,556.34,0,333.8,5.55,3121.05,Debit Card,Shipped,San Francisco,CA,India,SELL01588
ORD0000426,10-04-2023,CUST024865,Mohit Reddy,P00040,Microphone,Electronics,BrightLux,1,124.17,0.25,4.66,3.04,100.83,Credit Card,Delivered,Chicago,IL,United States,SELL00168
ORD0000427,28-05-2023,CUST007249,Aditya Singh,P00023,Cookware Set,Sports & Outdoors,BrightLux,3,234.48,0,35.17,4.31,742.92,Net Banking,Delivered,Denver,CO,United States,SELL00806
ORD0000428,06-06-2020,CUST024746,Aarav Mehta,P00022,Water Bottle,Sports & Outdoors,FitLife,5,326.46,0,293.81,6.8,1932.91,Debit Card,Delivered,Fort Worth,TX,United States,SELL01990
ORD0000429,21-04-2021,CUST016032,Simran Kapoor,P00014,Drone Mini,Toys & Games,NexPro,4,147,0.05,27.93,7.9,594.43,Credit Card,Delivered,San Francisco,CA,United States,SELL01534
ORD0000430,05-12-2022,CUST028771,Neha Gupta,P00040,Microphone,Toys & Games,FitLife,4,238.49,0,114.48,3.1,1071.54,Amazon Pay,Shipped,Washington,DC,United States,SELL01343
ORD0000431,28-10-2023,CUST023411,Vivaan Kumar,P00004,USB-C Charger,Toys & Games,HomeEase,5,464.26,0.25,87.05,4.41,1832.44,Credit Card,Delivered,San Jose,CA,United States,SELL00997
ORD0000432,01-06-2021,CUST040414,Priya Gupta,P00021,Backpack,Electronics,CoreTech,3,162.19,0,38.93,13.08,538.58,Net Banking,Delivered,Columbus,OH,Australia,SELL00468
ORD0000433,08-04-2020,CUST018575,Simran Verma,P00004,USB-C Charger,Sports & Outdoors,Zenith,4,416.04,0,0,3.76,1667.92,Credit Card,Shipped,Los Angeles,CA,United States,SELL01204
ORD0000434,03-11-2024,CUST039284,Sneha Gupta,P00050,Novel Bestseller,Electronics,KiddoFun,5,446.28,0,178.51,14.42,2424.33,UPI,Shipped,San Jose,CA,United States,SELL01676
ORD0000435,26-11-2022,CUST044787,Ritika Kumar,P00050,Novel Bestseller,Home & Kitchen,FitLife,1,34.57,0,1.73,5.7,42,Cash on Delivery,Delivered,Denver,CO,United States,SELL01254
ORD0000436,06-10-2020,CUST013895,Karan Verma,P00037,Router,Toys & Games,CoreTech,2,281.76,0.15,57.48,6.97,543.44,Net Banking,Delivered,Austin,TX,United States,SELL01934
ORD0000437,04-10-2023,CUST047497,Sahil Kumar,P00033,Puzzle 1000pc,Home & Kitchen,Zenith,5,36.14,0.05,8.58,11.65,191.9,Debit Card,Shipped,Indianapolis,IN,United Kingdom,SELL00556
ORD0000438,11-05-2021,CUST032397,Arjun Gupta,P00004,USB-C Charger,Clothing,ReadMore,5,589.23,0.15,0,0.03,2504.26,UPI,Delivered,Phoenix,AZ,United Kingdom,SELL01389
ORD0000439,28-10-2020,CUST021608,Arjun Verma,P00034,Desk Organizer,Sports & Outdoors,NexPro,3,108.48,0.05,37.1,14.17,360.44,Debit Card,Delivered,Phoenix,AZ,United States,SELL01204
ORD0000440,29-06-2020,CUST042130,Vivaan Singh,P00031,Kids Toy Car,Toys & Games,UrbanStyle,5,446.24,0,111.56,9.36,2352.12,Credit Card,Delivered,Phoenix,AZ,United States,SELL00946
ORD0000441,29-08-2021,CUST011939,Priya Kapoor,P00031,Kids Toy Car,Electronics,NexPro,5,439.14,0.2,140.52,3.78,1900.86,Credit Card,Delivered,Columbus,OH,United States,SELL01341
ORD0000442,27-01-2023,CUST032769,Ritika Gupta,P00034,Desk Organizer,Clothing,ReadMore,4,225.16,0,72.05,0.92,973.61,Credit Card,Delivered,Columbus,OH,United States,SELL00758
ORD0000443,30-11-2021,CUST039640,Simran Verma,P00007,Mechanical Keyboard,Home & Kitchen,ReadMore,2,430.44,0.15,87.81,0.26,819.82,Debit Card,Delivered,Philadelphia,PA,United States,SELL00760
ORD0000444,19-09-2022,CUST005245,Simran Gupta,P00048,Wireless Charger,Toys & Games,CoreTech,4,197.15,0.05,134.85,3.07,887.09,Net Banking,Returned,San Jose,CA,United Kingdom,SELL01934
ORD0000445,13-02-2023,CUST029042,Sunita Gupta,P00046,Car Charger,Home & Kitchen,NexPro,1,68.55,0,3.43,1.06,73.04,Amazon Pay,Delivered,San Diego,CA,United States,SELL01192
ORD0000446,09-07-2020,CUST007204,Aman Reddy,P00017,Electric Kettle,Books,Zenith,1,565.14,0.2,22.61,14.44,489.16,Net Banking,Delivered,Chicago,IL,Canada,SELL00183
ORD0000447,09-09-2020,CUST049394,Neha Joshi,P00031,Kids Toy Car,Home & Kitchen,UrbanStyle,4,380.51,0,76.1,6.78,1604.92,Amazon Pay,Delivered,New York,NY,United States,SELL01066
ORD0000448,07-09-2022,CUST032464,Aditya Kapoor,P00034,Desk Organizer,Sports & Outdoors,Apex,5,73.63,0.2,14.73,1.28,310.53,UPI,Delivered,Phoenix,AZ,United States,SELL00260
ORD0000449,16-07-2022,CUST021458,Vivaan Mehta,P00014,Drone Mini,Home & Kitchen,FitLife,5,126.64,0.25,0,7.13,482.03,Debit Card,Delivered,Houston,TX,India,SELL00313
ORD0000450,30-03-2023,CUST044799,Anjali Kapoor,P00012,Noise Cancelling Headphones,Electronics,FitLife,1,81.66,0.1,5.88,0.62,79.99,Credit Card,Delivered,Fort Worth,TX,India,SELL01112
ORD0000451,03-07-2023,CUST011203,Pooja Sharma,P00018,Vacuum Cleaner,Home & Kitchen,CoreTech,3,32.95,0.1,10.68,10.47,110.12,Net Banking,Shipped,Fort Worth,TX,United Kingdom,SELL01508
ORD0000452,08-09-2023,CUST048942,Aditya Kumar,P00023,Cookware Set,Toys & Games,HomeEase,1,481.52,0.1,0,5.9,439.27,Credit Card,Delivered,San Antonio,TX,United States,SELL00159
ORD0000453,07-05-2020,CUST021245,Ritika Kapoor,P00014,Drone Mini,Sports & Outdoors,ReadMore,1,30.73,0.05,1.46,2.3,32.95,UPI,Delivered,Denver,CO,United States,SELL00733
ORD0000454,18-01-2020,CUST021669,Aarav Gupta,P00044,Power Bank 20000mAh,Books,CoreTech,1,425.5,0.05,20.21,9.18,433.61,Credit Card,Shipped,Fort Worth,TX,United States,SELL01851
ORD0000455,21-12-2024,CUST012286,Ritika Sharma,P00039,Graphic Tablet,Sports & Outdoors,NexPro,4,456.47,0.15,77.6,0.88,1630.48,Credit Card,Delivered,Charlotte,NC,United States,SELL00729
ORD0000456,24-10-2024,CUST027621,Mohit Joshi,P00038,External HDD 2TB,Home & Kitchen,KiddoFun,3,129.68,0.05,29.57,10.42,409.58,Cash on Delivery,Delivered,Fort Worth,TX,India,SELL01448
ORD0000457,19-07-2021,CUST049115,Aman Joshi,P00013,Action Camera,Clothing,BrightLux,4,436.19,0.2,111.66,9.43,1516.9,Credit Card,Delivered,Fort Worth,TX,Australia,SELL00636
ORD0000458,23-07-2021,CUST018220,Pooja Singh,P00026,Sunglasses,Sports & Outdoors,CoreTech,4,406.52,0.2,65.04,5.64,1371.54,Amazon Pay,Delivered,Indianapolis,IN,United States,SELL00343
ORD0000459,08-09-2023,CUST016196,Ritika Mehta,P00017,Electric Kettle,Home & Kitchen,CoreTech,4,533.72,0.05,0,0.17,2028.31,UPI,Delivered,Indianapolis,IN,United States,SELL01522
ORD0000460,16-11-2021,CUST005196,Neha Verma,P00039,Graphic Tablet,Electronics,FitLife,1,93.25,0,7.46,3.43,104.14,Credit Card,Delivered,San Antonio,TX,United States,SELL01025
ORD0000461,20-12-2024,CUST020302,Neha Patel,P00020,Office Chair,Books,CoreTech,3,445.46,0.1,96.22,12.49,1311.45,Net Banking,Delivered,San Diego,CA,India,SELL01247
ORD0000462,17-09-2021,CUST003763,Karan Patel,P00036,Smart Light Bulb,Books,NexPro,2,197.42,0,47.38,5.37,447.59,UPI,Delivered,San Antonio,TX,Canada,SELL01046
ORD0000463,04-08-2023,CUST015050,Anjali Verma,P00028,Jeans,Home & Kitchen,Zenith,3,15.36,0,3.69,7.65,57.42,UPI,Delivered,Columbus,OH,United States,SELL00465
ORD0000464,03-05-2022,CUST041737,Mohit Patel,P00009,Portable SSD 1TB,Sports & Outdoors,BrightLux,3,204.5,0.05,29.14,13.05,625.01,Cash on Delivery,Delivered,Indianapolis,IN,United States,SELL00265
ORD0000465,13-08-2024,CUST026072,Karan Joshi,P00040,Microphone,Clothing,Apex,4,220.98,0,44.2,9.39,937.51,Amazon Pay,Delivered,Seattle,WA,United States,SELL01574
ORD0000466,19-08-2022,CUST049522,Priya Mehta,P00020,Office Chair,Home & Kitchen,FitLife,3,336,0,50.4,5.81,1064.21,Net Banking,Delivered,Washington,DC,India,SELL01951
ORD0000467,20-07-2024,CUST022865,Sahil Sharma,P00010,Smartwatch,Sports & Outdoors,BrightLux,3,533.12,0,79.97,6.18,1685.51,Credit Card,Shipped,Seattle,WA,India,SELL00105
ORD0000468,03-06-2020,CUST049733,Simran Verma,P00026,Sunglasses,Home & Kitchen,BrightLux,4,346.72,0,69.34,12.25,1468.47,Net Banking,Delivered,Fort Worth,TX,United States,SELL01903
ORD0000469,04-05-2021,CUST031650,Anjali Gupta,P00039,Graphic Tablet,Toys & Games,BrightLux,2,54.96,0,19.79,5.73,135.44,Debit Card,Delivered,Chicago,IL,United States,SELL01195
ORD0000470,10-11-2023,CUST013377,Anjali Verma,P00026,Sunglasses,Toys & Games,Apex,3,398.54,0.05,204.45,9.05,1349.34,Debit Card,Delivered,Los Angeles,CA,United States,SELL00539
ORD0000471,23-02-2022,CUST034331,Sunita Reddy,P00006,Gaming Mouse,Sports & Outdoors,UrbanStyle,4,237.92,0.15,64.71,13.11,886.75,Debit Card,Delivered,Austin,TX,United States,SELL00307
ORD0000472,01-02-2023,CUST013224,Aarav Reddy,P00011,Fitness Band,Electronics,ReadMore,1,197.91,0.1,32.06,13.59,223.77,UPI,Delivered,San Francisco,CA,Australia,SELL01725
ORD0000473,17-11-2023,CUST034822,Simran Mehta,P00012,Noise Cancelling Headphones,Home & Kitchen,FitLife,5,132.25,0.1,47.61,10.62,653.36,Amazon Pay,Shipped,Los Angeles,CA,United Kingdom,SELL00322
ORD0000474,02-09-2020,CUST042805,Vivaan Kumar,P00028,Jeans,Sports & Outdoors,FitLife,5,361.27,0.1,195.09,7.04,1827.84,Credit Card,Delivered,Seattle,WA,United States,SELL01951
ORD0000475,14-04-2023,CUST008630,Aman Patel,P00005,Laptop Sleeve,Home & Kitchen,FitLife,1,225.88,0,18.07,8.59,252.54,UPI,Delivered,Denver,CO,India,SELL01622
ORD0000476,28-11-2022,CUST034759,Kabir Joshi,P00013,Action Camera,Clothing,KiddoFun,2,595.48,0.2,47.64,5.69,1006.1,UPI,Delivered,Denver,CO,United States,SELL01801
ORD0000477,09-02-2024,CUST036736,Simran Sharma,P00019,LED Desk Lamp,Sports & Outdoors,NexPro,1,443.67,0.2,17.75,13.76,386.45,Net Banking,Shipped,Fort Worth,TX,United Kingdom,SELL00951
ORD0000478,01-09-2024,CUST036150,Rohit Gupta,P00037,Router,Toys & Games,KiddoFun,5,71.95,0.3,20.15,6.15,278.12,UPI,Delivered,Chicago,IL,United States,SELL00218
ORD0000479,28-01-2022,CUST039074,Sahil Singh,P00040,Microphone,Home & Kitchen,FitLife,3,132.25,0,0,12.37,409.12,Credit Card,Delivered,San Antonio,TX,United States,SELL00312
ORD0000480,21-06-2021,CUST007456,Priya Joshi,P00043,HDMI Cable 2m,Home & Kitchen,HomeEase,1,196.79,0,9.84,12.51,219.14,Amazon Pay,Delivered,Philadelphia,PA,United States,SELL01508
ORD0000481,09-07-2022,CUST016193,Neha Verma,P00036,Smart Light Bulb,Books,BrightLux,1,521.7,0.1,0,7.95,477.48,UPI,Delivered,San Francisco,CA,India,SELL00703
ORD0000482,11-02-2021,CUST022270,Aarav Kapoor,P00022,Water Bottle,Toys & Games,UrbanStyle,1,19.59,0.1,0.88,1.9,20.41,Credit Card,Returned,Jacksonville,FL,Canada,SELL01593
ORD0000483,08-06-2021,CUST023893,Sneha Singh,P00030,Dress Shirt,Home & Kitchen,Zenith,3,570.89,0.05,81.35,8.56,1716.95,Net Banking,Delivered,Charlotte,NC,United States,SELL01227
ORD0000484,07-04-2022,CUST013837,Priya Reddy,P00027,Winter Jacket,Sports & Outdoors,Apex,2,173.59,0,27.77,5.12,380.07,Credit Card,Delivered,San Francisco,CA,United States,SELL01161
ORD0000485,09-03-2024,CUST045576,Aarav Reddy,P00012,Noise Cancelling Headphones,Books,FitLife,2,421.75,0.05,64.11,12.2,877.64,Net Banking,Delivered,San Francisco,CA,United States,SELL01225
ORD0000486,21-06-2022,CUST027038,Karan Verma,P00020,Office Chair,Books,Apex,2,167.15,0,26.74,1.77,362.81,Credit Card,Delivered,San Antonio,TX,United Kingdom,SELL01987
ORD0000487,05-02-2020,CUST005384,Sneha Verma,P00018,Vacuum Cleaner,Home & Kitchen,CoreTech,1,88.21,0.2,3.53,10.93,85.03,Debit Card,Delivered,New York,NY,United States,SELL01458
ORD0000488,15-11-2021,CUST049978,Simran Verma,P00047,Memory Card 128GB,Sports & Outdoors,HomeEase,4,178.94,0,128.84,10.83,855.43,Credit Card,Delivered,Washington,DC,United States,SELL01238
ORD0000489,20-01-2020,CUST017276,Arjun Joshi,P00031,Kids Toy Car,Electronics,NexPro,3,12.33,0,0,4.63,41.62,Credit Card,Delivered,Chicago,IL,United States,SELL00043
ORD0000490,16-11-2020,CUST036187,Priya Reddy,P00038,External HDD 2TB,Books,CoreTech,3,381.52,0,57.23,4.19,1205.98,Credit Card,Cancelled,Columbus,OH,United States,SELL00066
ORD0000491,04-12-2024,CUST028007,Pooja Mehta,P00019,LED Desk Lamp,Clothing,FitLife,5,475.22,0.1,256.62,11.58,2406.69,Credit Card,Shipped,Philadelphia,PA,Australia,SELL01557
ORD0000492,26-05-2021,CUST032599,Neha Joshi,P00041,Webcam Full HD,Books,NexPro,3,5.3,0.05,0.76,4.61,20.47,Debit Card,Delivered,Chicago,IL,United States,SELL00958
ORD0000493,03-02-2021,CUST013448,Sneha Joshi,P00039,Graphic Tablet,Toys & Games,NexPro,2,348.26,0.2,66.87,1.02,625.11,Debit Card,Delivered,Washington,DC,United States,SELL01062
ORD0000494,15-10-2021,CUST033085,Sahil Singh,P00035,Desk Plant,Electronics,CoreTech,2,247.81,0.15,21.06,1.38,443.72,Debit Card,Delivered,Seattle,WA,United States,SELL00380
ORD0000495,29-08-2022,CUST014799,Sunita Kumar,P00042,Projector Mini,Home & Kitchen,NexPro,2,442.68,0,0,8.41,893.77,Credit Card,Delivered,Indianapolis,IN,United States,SELL01930
ORD0000496,15-04-2021,CUST041982,Kabir Reddy,P00011,Fitness Band,Home & Kitchen,FitLife,4,99.57,0.1,28.68,0.28,387.41,Credit Card,Delivered,Houston,TX,India,SELL01491
ORD0000497,12-03-2023,CUST017484,Arjun Verma,P00007,Mechanical Keyboard,Books,CoreTech,4,231.07,0,73.94,4.72,1002.94,Debit Card,Delivered,Denver,CO,United States,SELL00099
ORD0000498,20-01-2023,CUST018852,Pooja Mehta,P00040,Microphone,Books,NexPro,3,514.01,0.05,117.19,5.06,1587.18,Net Banking,Delivered,Charlotte,NC,United States,SELL00305
ORD0000499,09-10-2023,CUST023915,Anjali Reddy,P00049,Children's Book,Electronics,UrbanStyle,5,181.03,0.05,68.79,8.75,937.43,Net Banking,Delivered,Jacksonville,FL,United States,SELL00071
ORD0000500,13-04-2022,CUST011710,Pooja Sharma,P00020,Office Chair,Sports & Outdoors,UrbanStyle,5,214.2,0.2,154.22,8.69,1019.71,Credit Card,Delivered,Washington,DC,United States,SELL00956
ORD0000501,28-12-2024,CUST042668,Priya Gupta,P00003,Smartphone Case,Sports & Outdoors,HomeEase,2,512.68,0,123.04,2.95,1151.35,Debit Card,Delivered,New York,NY,India,SELL00030
ORD0000502,27-12-2021,CUST010609,Ritika Kapoor,P00008,4K Monitor,Electronics,FitLife,5,385.04,0,96.26,1.42,2022.88,Debit Card,Shipped,New York,NY,United States,SELL00746
ORD0000503,03-05-2022,CUST035476,Neha Singh,P00033,Puzzle 1000pc,Toys & Games,KiddoFun,2,342.87,0.05,52.12,1.57,705.14,Net Banking,Delivered,Dallas,TX,United States,SELL01140
ORD0000504,20-02-2020,CUST000030,Simran Reddy,P00028,Jeans,Sports & Outdoors,FitLife,2,14.71,0,2.35,4.47,36.24,UPI,Delivered,Washington,DC,United States,SELL00281
ORD0000505,15-08-2024,CUST000435,Neha Patel,P00008,4K Monitor,Clothing,HomeEase,4,95.35,0,19.07,9.8,410.27,Debit Card,Delivered,Seattle,WA,Australia,SELL01910
ORD0000506,17-09-2024,CUST025772,Anjali Reddy,P00012,Noise Cancelling Headphones,Home & Kitchen,ReadMore,4,128.54,0,25.71,7.28,547.15,Cash on Delivery,Delivered,Austin,TX,United States,SELL01458
ORD0000507,28-07-2021,CUST044282,Sahil Mehta,P00039,Graphic Tablet,Toys & Games,ReadMore,1,345.37,0.05,26.25,7.68,362.03,Debit Card,Pending,New York,NY,India,SELL01902
ORD0000508,28-04-2023,CUST013803,Simran Patel,P00033,Puzzle 1000pc,Clothing,HomeEase,1,478.42,0,57.41,3.92,539.75,Amazon Pay,Delivered,Austin,TX,United States,SELL01312
ORD0000509,22-02-2023,CUST049199,Rohit Kumar,P00024,Yoga Mat,Toys & Games,NexPro,1,127.81,0,10.22,4.11,142.14,Amazon Pay,Delivered,Houston,TX,United States,SELL01373
ORD0000510,29-05-2020,CUST042507,Ritika Mehta,P00025,Running Shoes,Home & Kitchen,UrbanStyle,3,86.48,0.05,12.32,3.55,262.34,Net Banking,Delivered,San Jose,CA,United States,SELL01094
ORD0000511,09-11-2020,CUST019926,Sneha Mehta,P00010,Smartwatch,Toys & Games,ReadMore,5,96.58,0,38.63,6.68,528.21,Debit Card,Delivered,San Antonio,TX,Australia,SELL01280
ORD0000512,23-07-2021,CUST026026,Vivaan Patel,P00025,Running Shoes,Sports & Outdoors,BrightLux,1,169.23,0.05,8.04,2.9,171.71,Credit Card,Shipped,Los Angeles,CA,United States,SELL00212
ORD0000513,27-09-2023,CUST020867,Neha Mehta,P00034,Desk Organizer,Electronics,KiddoFun,2,145.09,0.3,16.25,9.67,229.05,Debit Card,Delivered,Fort Worth,TX,United States,SELL00895
ORD0000514,31-10-2020,CUST013828,Sunita Singh,P00025,Running Shoes,Clothing,NexPro,3,313.08,0,46.96,2.29,988.49,UPI,Shipped,Los Angeles,CA,United States,SELL01084
ORD0000515,11-09-2024,CUST003555,Neha Sharma,P00050,Novel Bestseller,Sports & Outdoors,BrightLux,5,210.72,0.05,180.17,2.68,1183.77,Amazon Pay,Delivered,Columbus,OH,United States,SELL00903
ORD0000516,12-11-2021,CUST023407,Arjun Reddy,P00049,Children's Book,Electronics,CoreTech,1,147.57,0.1,6.64,1.35,140.8,Debit Card,Delivered,Washington,DC,United States,SELL00855
ORD0000517,17-04-2022,CUST010953,Ritika Patel,P00027,Winter Jacket,Sports & Outdoors,NexPro,5,77.32,0.05,18.36,14.21,399.84,Credit Card,Delivered,Columbus,OH,India,SELL00619
ORD0000518,11-12-2024,CUST010696,Vihaan Joshi,P00018,Vacuum Cleaner,Home & Kitchen,KiddoFun,1,379.07,0,0,10.43,389.5,Debit Card,Delivered,Philadelphia,PA,United States,SELL00692
ORD0000519,13-12-2022,CUST004258,Vihaan Reddy,P00050,Novel Bestseller,Books,Apex,2,232.39,0.1,75.29,11.76,505.35,Debit Card,Delivered,Jacksonville,FL,India,SELL00812
ORD0000520,29-09-2022,CUST019763,Simran Sharma,P00033,Puzzle 1000pc,Clothing,KiddoFun,4,452.96,0.3,63.41,7.04,1338.74,Debit Card,Delivered,Columbus,OH,United States,SELL01554
ORD0000521,19-03-2021,CUST027375,Arjun Mehta,P00016,Air Fryer,Toys & Games,FitLife,5,550.04,0.25,0,8.27,2070.92,Amazon Pay,Shipped,Jacksonville,FL,United States,SELL01747
ORD0000522,04-09-2021,CUST026015,Arjun Verma,P00018,Vacuum Cleaner,Home & Kitchen,Apex,4,222.81,0.1,64.17,7.89,874.18,Credit Card,Delivered,Chicago,IL,Canada,SELL00915
ORD0000523,19-09-2022,CUST029288,Neha Gupta,P00010,Smartwatch,Electronics,BrightLux,4,463.05,0,0,14.83,1867.03,Amazon Pay,Shipped,Seattle,WA,India,SELL00904
ORD0000524,20-09-2020,CUST033107,Anjali Kapoor,P00040,Microphone,Clothing,CoreTech,2,226.3,0,36.21,14.7,503.51,Amazon Pay,Returned,San Francisco,CA,United States,SELL00843
ORD0000525,12-12-2022,CUST046117,Sunita Verma,P00009,Portable SSD 1TB,Sports & Outdoors,HomeEase,4,562.49,0.05,106.87,10.79,2255.12,Debit Card,Pending,Phoenix,AZ,United States,SELL00235
ORD0000526,14-05-2024,CUST038971,Anjali Reddy,P00033,Puzzle 1000pc,Electronics,CoreTech,5,176.63,0.1,95.38,14.05,904.26,Credit Card,Delivered,San Diego,CA,Australia,SELL00649
ORD0000527,30-09-2022,CUST011116,Sunita Patel,P00043,HDMI Cable 2m,Sports & Outdoors,Apex,3,300.62,0,72.15,5.26,979.27,Credit Card,Delivered,Fort Worth,TX,United States,SELL01125
ORD0000528,01-07-2024,CUST005340,Neha Reddy,P00035,Desk Plant,Clothing,NexPro,5,9.07,0.1,4.9,2.42,48.14,Amazon Pay,Shipped,Fort Worth,TX,United States,SELL01413
ORD0000529,05-01-2020,CUST002409,Vivaan Kapoor,P00038,External HDD 2TB,Toys & Games,HomeEase,1,148.64,0.25,8.92,6.7,127.1,Credit Card,Delivered,Indianapolis,IN,Canada,SELL01155
ORD0000530,31-01-2023,CUST011026,Aditya Kumar,P00002,Bluetooth Speaker,Toys & Games,Zenith,1,95.29,0,4.76,10.99,111.04,Credit Card,Delivered,Charlotte,NC,United States,SELL00291
ORD0000531,04-05-2023,CUST006169,Priya Kumar,P00043,HDMI Cable 2m,Clothing,HomeEase,1,430.27,0.2,27.54,3.66,375.42,UPI,Shipped,San Jose,CA,United States,SELL01257
ORD0000532,12-02-2022,CUST018314,Aditya Mehta,P00007,Mechanical Keyboard,Books,Apex,5,46.86,0.05,0,13.63,236.22,Debit Card,Shipped,San Antonio,TX,United States,SELL01101
ORD0000533,26-05-2022,CUST018885,Vihaan Verma,P00026,Sunglasses,Toys & Games,BrightLux,5,362.31,0,90.58,3.51,1905.64,UPI,Cancelled,Jacksonville,FL,United States,SELL00811
ORD0000534,18-09-2022,CUST023759,Simran Singh,P00018,Vacuum Cleaner,Toys & Games,Zenith,4,117.96,0.05,22.41,12.41,483.07,Debit Card,Pending,Jacksonville,FL,United States,SELL00013
ORD0000535,02-06-2022,CUST026649,Priya Sharma,P00003,Smartphone Case,Home & Kitchen,HomeEase,4,469.66,0,0,7.48,1886.12,Cash on Delivery,Delivered,Denver,CO,India,SELL01223
ORD0000536,05-10-2023,CUST009300,Vivaan Patel,P00028,Jeans,Books,BrightLux,5,397.96,0,159.18,6.39,2155.37,Credit Card,Delivered,New York,NY,United States,SELL01994
ORD0000537,16-02-2020,CUST018680,Vivaan Gupta,P00009,Portable SSD 1TB,Home & Kitchen,HomeEase,3,476.51,0,114.36,13.08,1556.97,Credit Card,Delivered,San Jose,CA,United States,SELL00863
ORD0000538,16-05-2022,CUST007416,Vikas Patel,P00021,Backpack,Home & Kitchen,BrightLux,2,67.33,0.05,6.4,3.61,137.94,Credit Card,Delivered,Jacksonville,FL,United States,SELL01750
ORD0000539,02-04-2022,CUST007219,Karan Singh,P00041,Webcam Full HD,Toys & Games,HomeEase,4,446.49,0,142.88,9.22,1938.06,UPI,Delivered,Los Angeles,CA,Canada,SELL00358
ORD0000540,24-07-2022,CUST007093,Sneha Reddy,P00042,Projector Mini,Home & Kitchen,HomeEase,4,238.18,0.05,0,0.62,905.7,Credit Card,Delivered,Chicago,IL,Canada,SELL01375
ORD0000541,17-10-2021,CUST042506,Karan Kapoor,P00044,Power Bank 20000mAh,Electronics,BrightLux,5,351.03,0.3,98.29,6.7,1333.59,Debit Card,Delivered,Washington,DC,United States,SELL00085
ORD0000542,25-09-2020,CUST018609,Mohit Singh,P00029,T-Shirt,Toys & Games,FitLife,3,40.4,0.1,8.73,2.81,120.62,Amazon Pay,Delivered,Phoenix,AZ,United States,SELL00225
ORD0000543,04-01-2021,CUST006269,Mohit Verma,P00006,Gaming Mouse,Toys & Games,CoreTech,4,346.01,0.2,55.36,2.74,1165.33,UPI,Delivered,Los Angeles,CA,Canada,SELL01241
ORD0000544,27-09-2021,CUST024742,Kabir Mehta,P00002,Bluetooth Speaker,Home & Kitchen,Apex,1,404.79,0,20.24,12.05,437.08,Credit Card,Delivered,New York,NY,United States,SELL00752
ORD0000545,03-02-2023,CUST011612,Kabir Kumar,P00031,Kids Toy Car,Clothing,KiddoFun,1,597.54,0.25,35.85,9.35,493.36,Debit Card,Delivered,Austin,TX,United States,SELL00147
ORD0000546,20-08-2024,CUST036209,Neha Kapoor,P00009,Portable SSD 1TB,Home & Kitchen,CoreTech,4,538.96,0,0,2.7,2158.54,UPI,Delivered,Chicago,IL,India,SELL01336
ORD0000547,09-08-2024,CUST017266,Arjun Kumar,P00015,Instant Pot,Books,HomeEase,5,291.5,0.05,166.16,5.25,1556.04,Credit Card,Delivered,Jacksonville,FL,United States,SELL00313
ORD0000548,18-10-2021,CUST005934,Simran Gupta,P00037,Router,Toys & Games,Zenith,5,166.38,0,41.6,6.6,880.1,Cash on Delivery,Delivered,New York,NY,India,SELL01984
ORD0000549,29-04-2020,CUST007415,Simran Gupta,P00037,Router,Toys & Games,Apex,5,91.91,0.25,41.36,0.29,386.31,Credit Card,Delivered,Austin,TX,United States,SELL00775
ORD0000550,10-04-2022,CUST004166,Aarav Joshi,P00024,Yoga Mat,Books,FitLife,3,344.01,0.05,78.43,13.55,1072.41,Amazon Pay,Delivered,San Francisco,CA,United States,SELL00587
ORD0000551,15-12-2024,CUST006138,Priya Reddy,P00011,Fitness Band,Books,FitLife,1,278.84,0.05,13.24,3.53,281.67,Debit Card,Delivered,Washington,DC,United States,SELL01757
ORD0000552,15-06-2024,CUST033291,Mohit Verma,P00033,Puzzle 1000pc,Books,KiddoFun,2,331.31,0.15,45.06,13.05,621.34,Debit Card,Shipped,Phoenix,AZ,United States,SELL01600
ORD0000553,17-12-2022,CUST031827,Simran Patel,P00036,Smart Light Bulb,Toys & Games,NexPro,4,290.45,0,139.42,13.2,1314.42,Net Banking,Pending,Chicago,IL,Australia,SELL00965
ORD0000554,01-10-2023,CUST042384,Ritika Gupta,P00003,Smartphone Case,Toys & Games,Apex,3,542.15,0.15,0,8.03,1390.51,Amazon Pay,Delivered,Phoenix,AZ,India,SELL01738
ORD0000555,10-01-2022,CUST043680,Karan Gupta,P00046,Car Charger,Electronics,BrightLux,3,446.2,0,0,13.33,1351.93,Credit Card,Delivered,Columbus,OH,United States,SELL01749
ORD0000556,06-02-2024,CUST042370,Simran Gupta,P00032,Board Game,Toys & Games,FitLife,5,129.53,0.2,25.91,8.12,552.15,Amazon Pay,Cancelled,Jacksonville,FL,United States,SELL00934
ORD0000557,26-04-2020,CUST014311,Rohit Mehta,P00012,Noise Cancelling Headphones,Electronics,KiddoFun,4,379.2,0,75.84,11.32,1603.96,Amazon Pay,Delivered,Charlotte,NC,United States,SELL00739
ORD0000558,01-03-2022,CUST003130,Neha Verma,P00034,Desk Organizer,Toys & Games,BrightLux,3,287.91,0.2,55.28,6.11,752.37,Debit Card,Shipped,San Diego,CA,United Kingdom,SELL00297
ORD0000559,24-02-2023,CUST019366,Sneha Mehta,P00031,Kids Toy Car,Clothing,BrightLux,1,486.08,0.05,36.94,3.69,502.41,Amazon Pay,Cancelled,Chicago,IL,United States,SELL01664
ORD0000560,17-11-2023,CUST035919,Ritika Patel,P00042,Projector Mini,Toys & Games,ReadMore,2,488,0,117.12,10.06,1103.18,Credit Card,Delivered,Columbus,OH,Canada,SELL01179
ORD0000561,09-10-2022,CUST022713,Ritika Gupta,P00002,Bluetooth Speaker,Clothing,UrbanStyle,4,134.34,0.15,36.54,14.11,507.41,Debit Card,Delivered,San Jose,CA,United States,SELL00067
ORD0000562,22-07-2024,CUST013389,Priya Sharma,P00018,Vacuum Cleaner,Electronics,CoreTech,3,301.47,0,162.79,1.01,1068.21,Credit Card,Delivered,Los Angeles,CA,India,SELL01668
ORD0000563,17-12-2022,CUST033863,Sunita Gupta,P00001,Wireless Earbuds,Clothing,ReadMore,3,326.22,0.3,0,12.96,698.02,UPI,Shipped,New York,NY,United States,SELL01889
ORD0000564,25-09-2021,CUST017524,Aarav Kapoor,P00016,Air Fryer,Toys & Games,UrbanStyle,1,209.89,0.25,28.34,5.39,191.15,UPI,Delivered,Los Angeles,CA,United States,SELL01317
ORD0000565,27-05-2021,CUST027833,Vivaan Kapoor,P00040,Microphone,Books,CoreTech,4,8.39,0,2.68,4.6,40.84,UPI,Delivered,Jacksonville,FL,India,SELL00969
ORD0000566,09-11-2024,CUST006467,Neha Gupta,P00021,Backpack,Books,BrightLux,3,596.75,0.05,0,11.38,1712.12,Debit Card,Delivered,Houston,TX,India,SELL00820
ORD0000567,12-03-2022,CUST008207,Sneha Kapoor,P00035,Desk Plant,Sports & Outdoors,FitLife,2,165.15,0,16.52,10.49,357.31,Credit Card,Delivered,Chicago,IL,United States,SELL00168
ORD0000568,24-01-2023,CUST015188,Vikas Kumar,P00001,Wireless Earbuds,Electronics,ReadMore,2,427.79,0,154,0.21,1009.79,Amazon Pay,Delivered,San Antonio,TX,United States,SELL01397
ORD0000569,19-07-2024,CUST039354,Rohit Kapoor,P00007,Mechanical Keyboard,Sports & Outdoors,ReadMore,2,532.98,0.3,59.69,3.77,809.63,Debit Card,Delivered,Philadelphia,PA,United States,SELL00936
ORD0000570,15-02-2023,CUST034307,Pooja Singh,P00031,Kids Toy Car,Home & Kitchen,Zenith,4,158.42,0.05,48.16,12.19,662.35,Cash on Delivery,Delivered,San Francisco,CA,United States,SELL01756
ORD0000571,13-07-2021,CUST037946,Vihaan Sharma,P00024,Yoga Mat,Home & Kitchen,Zenith,2,501.89,0,120.45,5.94,1130.17,Amazon Pay,Shipped,Fort Worth,TX,United States,SELL01533
ORD0000572,12-06-2024,CUST006543,Priya Joshi,P00050,Novel Bestseller,Electronics,ReadMore,5,45.87,0,27.52,13.66,270.53,Debit Card,Cancelled,New York,NY,United States,SELL01280
ORD0000573,02-05-2021,CUST045827,Vivaan Kapoor,P00046,Car Charger,Electronics,ReadMore,2,393.45,0,62.95,0.82,850.67,Amazon Pay,Delivered,San Jose,CA,India,SELL00196
ORD0000574,14-06-2023,CUST007580,Vikas Singh,P00011,Fitness Band,Sports & Outdoors,UrbanStyle,4,194.44,0.05,59.11,5.87,803.85,Credit Card,Delivered,Jacksonville,FL,United States,SELL00136
ORD0000575,15-06-2022,CUST026287,Aditya Gupta,P00004,USB-C Charger,Electronics,ReadMore,1,301.99,0.15,12.83,3.11,272.63,Net Banking,Delivered,Philadelphia,PA,United States,SELL00087
ORD0000576,19-07-2023,CUST043585,Anjali Mehta,P00016,Air Fryer,Sports & Outdoors,FitLife,5,584.19,0.1,131.44,5.65,2765.95,Credit Card,Delivered,Dallas,TX,United States,SELL01018
ORD0000577,27-04-2023,CUST042421,Mohit Kumar,P00009,Portable SSD 1TB,Clothing,UrbanStyle,3,326.84,0.05,46.57,8.47,986.53,Debit Card,Delivered,Houston,TX,United States,SELL00379
ORD0000578,04-12-2021,CUST005012,Arjun Reddy,P00003,Smartphone Case,Books,ReadMore,2,417.98,0.05,95.3,8.52,897.98,Debit Card,Delivered,Phoenix,AZ,India,SELL00793
ORD0000579,10-01-2024,CUST013323,Vikas Reddy,P00022,Water Bottle,Toys & Games,ReadMore,1,517.9,0.05,59.04,10.5,561.54,Credit Card,Delivered,San Diego,CA,United States,SELL01593
ORD0000580,03-08-2021,CUST034585,Aman Gupta,P00002,Bluetooth Speaker,Sports & Outdoors,NexPro,5,29.2,0.05,0,11.99,150.69,Cash on Delivery,Shipped,San Jose,CA,United Kingdom,SELL00748
ORD0000581,28-02-2022,CUST026815,Mohit Gupta,P00028,Jeans,Electronics,Apex,3,119.58,0.05,17.04,6.34,364.18,Credit Card,Delivered,San Diego,CA,India,SELL00194
ORD0000582,10-05-2022,CUST005636,Neha Gupta,P00050,Novel Bestseller,Clothing,CoreTech,3,499.02,0,0,12.59,1509.65,Debit Card,Delivered,Phoenix,AZ,United States,SELL00396
ORD0000583,03-09-2020,CUST006995,Anjali Verma,P00019,LED Desk Lamp,Clothing,Apex,2,77.94,0.05,17.77,9.49,175.35,Debit Card,Delivered,San Diego,CA,India,SELL00744
ORD0000584,04-01-2023,CUST028214,Simran Verma,P00042,Projector Mini,Sports & Outdoors,KiddoFun,3,172.75,0,25.91,0.57,544.73,Credit Card,Delivered,San Francisco,CA,Australia,SELL00506
ORD0000585,02-06-2020,CUST038972,Arjun Kumar,P00031,Kids Toy Car,Clothing,NexPro,2,447.53,0,44.75,0.73,940.54,Net Banking,Delivered,Jacksonville,FL,Canada,SELL00805
ORD0000586,06-08-2024,CUST004252,Sunita Reddy,P00038,External HDD 2TB,Books,FitLife,2,181.28,0,18.13,13.41,394.1,Net Banking,Returned,Indianapolis,IN,United States,SELL01433
ORD0000587,29-12-2023,CUST044170,Vikas Verma,P00007,Mechanical Keyboard,Sports & Outdoors,FitLife,5,365.39,0.2,73.08,13.35,1547.99,Debit Card,Delivered,Austin,TX,United States,SELL00697
ORD0000588,23-09-2022,CUST046075,Sunita Sharma,P00004,USB-C Charger,Toys & Games,UrbanStyle,1,85.9,0,4.3,7.59,97.79,Amazon Pay,Delivered,Fort Worth,TX,United States,SELL01791
ORD0000589,14-01-2023,CUST039381,Pooja Reddy,P00026,Sunglasses,Toys & Games,FitLife,5,350.26,0,210.16,4.42,1965.88,Credit Card,Delivered,Fort Worth,TX,United States,SELL01504
ORD0000590,27-11-2021,CUST042660,Vihaan Joshi,P00030,Dress Shirt,Toys & Games,UrbanStyle,5,63.52,0.15,48.59,12.87,331.42,Credit Card,Delivered,Denver,CO,United States,SELL00089
ORD0000591,01-08-2023,CUST013904,Vikas Gupta,P00008,4K Monitor,Home & Kitchen,Zenith,4,56.27,0.15,34.44,6.88,232.64,Net Banking,Delivered,Denver,CO,India,SELL01913
ORD0000592,28-05-2023,CUST019361,Ritika Mehta,P00008,4K Monitor,Books,ReadMore,4,316.54,0.25,47.48,10.84,1007.94,Credit Card,Delivered,Seattle,WA,India,SELL01916
ORD0000593,28-12-2022,CUST024891,Vikas Verma,P00011,Fitness Band,Home & Kitchen,KiddoFun,2,101.06,0.15,0,4.45,176.25,Debit Card,Shipped,San Antonio,TX,India,SELL00617
ORD0000594,06-12-2022,CUST029875,Sneha Joshi,P00050,Novel Bestseller,Sports & Outdoors,Apex,1,409.03,0.2,39.27,2.71,369.2,Cash on Delivery,Delivered,Denver,CO,United States,SELL00271
ORD0000595,05-10-2022,CUST046126,Aarav Kapoor,P00021,Backpack,Home & Kitchen,BrightLux,3,490.58,0.1,238.42,11.4,1574.39,Credit Card,Delivered,Jacksonville,FL,United States,SELL00835
ORD0000596,03-04-2020,CUST044429,Sahil Patel,P00030,Dress Shirt,Home & Kitchen,ReadMore,1,36.89,0,2.95,6.18,46.02,Credit Card,Delivered,Denver,CO,United States,SELL00779
ORD0000597,08-11-2024,CUST035227,Kabir Kumar,P00007,Mechanical Keyboard,Clothing,KiddoFun,3,143.79,0,34.51,7.39,473.27,Credit Card,Returned,San Diego,CA,United States,SELL01487
ORD0000598,15-08-2022,CUST016520,Aditya Joshi,P00022,Water Bottle,Sports & Outdoors,BrightLux,2,592.01,0.05,89.99,1.49,1216.3,UPI,Shipped,San Jose,CA,India,SELL01963
ORD0000599,08-10-2022,CUST049966,Priya Mehta,P00036,Smart Light Bulb,Home & Kitchen,BrightLux,1,229.03,0.1,16.49,0.21,222.83,UPI,Delivered,Jacksonville,FL,United States,SELL00318
ORD0000600,28-03-2021,CUST011144,Vihaan Singh,P00003,Smartphone Case,Electronics,Apex,5,304.18,0,76.04,3.7,1600.64,UPI,Delivered,Washington,DC,India,SELL00060
ORD0000601,12-05-2023,CUST006657,Vivaan Sharma,P00008,4K Monitor,Home & Kitchen,BrightLux,4,467.6,0.25,70.14,0.76,1473.7,Credit Card,Returned,San Jose,CA,United States,SELL01980
ORD0000602,30-06-2022,CUST031211,Priya Joshi,P00020,Office Chair,Home & Kitchen,BrightLux,3,473.83,0.25,85.29,3.84,1155.25,Debit Card,Delivered,Houston,TX,United Kingdom,SELL00593
ORD0000603,05-08-2020,CUST032624,Vihaan Verma,P00033,Puzzle 1000pc,Books,ReadMore,2,147.61,0.1,21.26,10.4,297.36,Debit Card,Pending,Philadelphia,PA,United States,SELL01280
ORD0000604,18-04-2021,CUST023521,Sneha Reddy,P00046,Car Charger,Toys & Games,NexPro,2,568.56,0,136.45,4.9,1278.47,Cash on Delivery,Delivered,Washington,DC,United States,SELL00751
ORD0000605,07-03-2021,CUST006077,Arjun Mehta,P00005,Laptop Sleeve,Clothing,KiddoFun,5,357.16,0.15,75.9,3.35,1597.18,UPI,Delivered,Washington,DC,United Kingdom,SELL00750
ORD0000606,06-12-2020,CUST012756,Simran Patel,P00011,Fitness Band,Electronics,NexPro,2,433.81,0,69.41,1.25,938.28,Debit Card,Pending,Seattle,WA,United States,SELL00695
ORD0000607,04-07-2021,CUST002770,Sahil Mehta,P00024,Yoga Mat,Home & Kitchen,NexPro,1,225.61,0,40.61,4,270.22,Cash on Delivery,Delivered,Washington,DC,United Kingdom,SELL01183
ORD0000608,23-06-2024,CUST036442,Ritika Singh,P00014,Drone Mini,Clothing,KiddoFun,4,229.15,0.1,98.99,1.3,925.23,UPI,Delivered,Denver,CO,India,SELL01696
ORD0000609,05-08-2023,CUST028699,Karan Verma,P00021,Backpack,Toys & Games,Apex,1,51.51,0,4.12,5.43,61.06,Cash on Delivery,Shipped,San Antonio,TX,Australia,SELL01457
ORD0000610,01-07-2023,CUST041158,Neha Kapoor,P00036,Smart Light Bulb,Home & Kitchen,Zenith,1,570.53,0,68.46,3.1,642.09,Debit Card,Delivered,Philadelphia,PA,United States,SELL01578
ORD0000611,23-10-2024,CUST015252,Karan Gupta,P00044,Power Bank 20000mAh,Electronics,KiddoFun,5,407.46,0.2,0,4.65,1634.49,Credit Card,Delivered,Austin,TX,United States,SELL01318
ORD0000612,22-12-2020,CUST009190,Vivaan Patel,P00016,Air Fryer,Clothing,Apex,5,367.29,0.1,132.22,2.54,1787.56,Credit Card,Delivered,San Diego,CA,United States,SELL01946
ORD0000613,23-01-2020,CUST015078,Rohit Joshi,P00009,Portable SSD 1TB,Clothing,FitLife,3,287.18,0,103.38,7.76,972.68,Credit Card,Pending,Seattle,WA,United States,SELL00654
ORD0000614,20-11-2024,CUST015888,Simran Kumar,P00027,Winter Jacket,Clothing,HomeEase,2,190.23,0,30.44,9.05,419.95,Cash on Delivery,Delivered,San Jose,CA,United States,SELL01819
ORD0000615,05-06-2021,CUST047044,Vikas Verma,P00050,Novel Bestseller,Electronics,BrightLux,3,20.24,0.2,2.43,14.6,65.61,Debit Card,Shipped,San Francisco,CA,United States,SELL01688
ORD0000616,16-11-2024,CUST014358,Vikas Reddy,P00024,Yoga Mat,Toys & Games,CoreTech,5,319.61,0,127.84,3.69,1729.58,UPI,Shipped,Seattle,WA,India,SELL01646
ORD0000617,28-01-2023,CUST046153,Vikas Sharma,P00028,Jeans,Books,ReadMore,3,563.21,0.05,192.62,14.53,1812.3,Debit Card,Cancelled,Denver,CO,United States,SELL01622
ORD0000618,12-03-2022,CUST001720,Sunita Gupta,P00017,Electric Kettle,Sports & Outdoors,Zenith,4,339.22,0,0,8.32,1365.2,Net Banking,Delivered,San Francisco,CA,United Kingdom,SELL00394
ORD0000619,18-04-2023,CUST028536,Rohit Verma,P00015,Instant Pot,Clothing,KiddoFun,1,333.22,0,16.66,6.52,356.4,Amazon Pay,Shipped,Houston,TX,United States,SELL00150
ORD0000620,31-05-2023,CUST041352,Simran Verma,P00029,T-Shirt,Clothing,KiddoFun,5,409.28,0.05,97.2,0.68,2041.96,Credit Card,Delivered,San Jose,CA,India,SELL01122
ORD0000621,31-01-2022,CUST042316,Rohit Kapoor,P00049,Children's Book,Books,HomeEase,2,548.88,0,54.89,2.15,1154.8,Amazon Pay,Delivered,San Jose,CA,United States,SELL01561
ORD0000622,09-08-2024,CUST031158,Aarav Sharma,P00018,Vacuum Cleaner,Books,HomeEase,5,16.8,0,4.2,2.83,91.03,Amazon Pay,Delivered,Chicago,IL,United States,SELL01495
ORD0000623,17-03-2021,CUST021388,Anjali Kumar,P00042,Projector Mini,Electronics,Zenith,5,508.77,0,127.19,11.33,2682.37,Credit Card,Delivered,Columbus,OH,United States,SELL00250
ORD0000624,19-06-2024,CUST035024,Arjun Kapoor,P00018,Vacuum Cleaner,Electronics,NexPro,1,102.17,0.05,7.76,11.53,116.35,UPI,Delivered,Austin,TX,United States,SELL00947
ORD0000625,07-02-2022,CUST012302,Rohit Verma,P00029,T-Shirt,Sports & Outdoors,HomeEase,2,291.54,0,0,2.78,585.86,Credit Card,Pending,Philadelphia,PA,United States,SELL00043
ORD0000626,12-10-2022,CUST005342,Sahil Kumar,P00001,Wireless Earbuds,Books,HomeEase,3,86.49,0.15,11.03,13.31,244.89,Credit Card,Shipped,New York,NY,United States,SELL01130
ORD0000627,10-09-2023,CUST002027,Ritika Kumar,P00012,Noise Cancelling Headphones,Electronics,BrightLux,2,106.56,0,0,5.84,218.96,Net Banking,Delivered,Phoenix,AZ,United States,SELL00744
ORD0000628,30-05-2021,CUST004340,Sneha Patel,P00006,Gaming Mouse,Electronics,UrbanStyle,3,513.55,0.1,166.39,1.44,1554.42,Net Banking,Delivered,Washington,DC,India,SELL01245
ORD0000629,05-11-2022,CUST001299,Arjun Kapoor,P00043,HDMI Cable 2m,Clothing,NexPro,3,592.04,0.25,106.57,9.97,1448.63,Credit Card,Delivered,San Antonio,TX,United States,SELL00409
ORD0000630,02-03-2022,CUST034381,Aarav Gupta,P00043,HDMI Cable 2m,Electronics,Zenith,5,80.2,0.05,0,7.31,388.26,Net Banking,Delivered,Jacksonville,FL,United States,SELL01259
ORD0000631,01-12-2020,CUST032876,Arjun Singh,P00032,Board Game,Home & Kitchen,HomeEase,5,229.54,0,91.82,6.9,1246.42,Credit Card,Delivered,San Francisco,CA,Canada,SELL01840
ORD0000632,17-11-2024,CUST001354,Sahil Gupta,P00045,Phone Tripod,Toys & Games,KiddoFun,5,101.63,0.05,38.62,1.65,523.01,Amazon Pay,Delivered,Charlotte,NC,United States,SELL01787
ORD0000633,14-09-2020,CUST034415,Mohit Verma,P00010,Smartwatch,Toys & Games,HomeEase,1,92.3,0,11.08,10.61,113.99,Debit Card,Pending,Seattle,WA,United States,SELL00616
ORD0000634,11-05-2021,CUST004221,Aarav Singh,P00032,Board Game,Sports & Outdoors,HomeEase,5,214.56,0,128.74,4.45,1205.99,UPI,Delivered,Phoenix,AZ,India,SELL00116
ORD0000635,14-06-2022,CUST017501,Aarav Patel,P00046,Car Charger,Clothing,Apex,3,211.25,0.2,60.84,6.1,573.94,Credit Card,Delivered,Indianapolis,IN,United States,SELL01044
ORD0000636,08-06-2020,CUST041372,Sneha Kapoor,P00011,Fitness Band,Toys & Games,KiddoFun,5,209.51,0.05,49.76,11.36,1056.29,Debit Card,Delivered,Columbus,OH,United States,SELL00460
ORD0000637,07-02-2024,CUST003021,Anjali Sharma,P00029,T-Shirt,Toys & Games,UrbanStyle,2,421.94,0,101.27,1.04,946.19,UPI,Returned,San Jose,CA,India,SELL00092
ORD0000638,01-05-2022,CUST000237,Mohit Gupta,P00027,Winter Jacket,Toys & Games,Apex,4,18.33,0,0,3.84,77.16,Credit Card,Delivered,Washington,DC,United States,SELL01099
ORD0000639,14-08-2024,CUST035471,Vivaan Singh,P00037,Router,Home & Kitchen,BrightLux,2,123,0.2,9.84,14.33,220.97,Amazon Pay,Delivered,New York,NY,United States,SELL00331
ORD0000640,20-11-2021,CUST041169,Karan Reddy,P00048,Wireless Charger,Clothing,ReadMore,1,449.57,0.2,43.16,3.18,406,Debit Card,Delivered,Los Angeles,CA,United States,SELL01790
ORD0000641,25-08-2024,CUST013631,Vihaan Verma,P00007,Mechanical Keyboard,Books,KiddoFun,1,422.22,0.1,45.6,9.38,434.98,Amazon Pay,Delivered,Columbus,OH,United States,SELL01721
ORD0000642,14-01-2021,CUST012298,Neha Joshi,P00025,Running Shoes,Books,UrbanStyle,5,243.42,0.1,131.45,3.54,1230.38,Net Banking,Delivered,San Antonio,TX,United States,SELL01158
ORD0000643,17-04-2024,CUST015104,Vikas Reddy,P00045,Phone Tripod,Books,Apex,1,445.19,0.15,45.41,13.76,437.58,Credit Card,Delivered,Columbus,OH,Australia,SELL00556
ORD0000644,14-08-2022,CUST016270,Ritika Verma,P00011,Fitness Band,Electronics,ReadMore,3,223.77,0,53.7,11.24,736.25,Credit Card,Shipped,San Jose,CA,United States,SELL01476
ORD0000645,21-11-2021,CUST035106,Simran Reddy,P00008,4K Monitor,Clothing,CoreTech,3,268.82,0.05,91.94,2.19,860.27,UPI,Delivered,San Diego,CA,United States,SELL00164
ORD0000646,21-12-2023,CUST038495,Sneha Kapoor,P00016,Air Fryer,Electronics,FitLife,2,479.12,0.1,0,3.92,866.34,Amazon Pay,Delivered,Washington,DC,India,SELL01654
ORD0000647,24-06-2024,CUST010023,Vivaan Reddy,P00002,Bluetooth Speaker,Toys & Games,UrbanStyle,3,115.37,0.1,15.57,4.1,331.17,UPI,Delivered,Washington,DC,United States,SELL00089
ORD0000648,15-07-2023,CUST018336,Priya Joshi,P00002,Bluetooth Speaker,Sports & Outdoors,ReadMore,4,370.92,0.2,59.35,4.67,1250.96,Net Banking,Shipped,San Jose,CA,India,SELL01909
ORD0000649,19-05-2024,CUST010320,Aarav Sharma,P00036,Smart Light Bulb,Home & Kitchen,FitLife,1,410.06,0.15,62.74,9.1,420.39,Debit Card,Shipped,San Antonio,TX,Australia,SELL01390
ORD0000650,11-12-2023,CUST040657,Neha Mehta,P00001,Wireless Earbuds,Electronics,NexPro,1,141.41,0.2,5.66,4.46,123.25,Debit Card,Delivered,Seattle,WA,United Kingdom,SELL00672
ORD0000651,06-04-2023,CUST027748,Karan Verma,P00032,Board Game,Toys & Games,BrightLux,4,58.27,0,27.97,11.21,272.26,UPI,Shipped,Houston,TX,United States,SELL01401
ORD0000652,02-12-2022,CUST039331,Neha Joshi,P00024,Yoga Mat,Home & Kitchen,HomeEase,2,131.55,0.15,26.84,0.38,250.86,Debit Card,Shipped,Indianapolis,IN,India,SELL01223
ORD0000653,28-04-2024,CUST026647,Aditya Verma,P00044,Power Bank 20000mAh,Books,UrbanStyle,3,362.92,0.05,82.75,11.7,1128.77,Cash on Delivery,Delivered,San Diego,CA,India,SELL01464
ORD0000654,11-10-2020,CUST048921,Anjali Kapoor,P00011,Fitness Band,Toys & Games,HomeEase,3,453.13,0.05,64.57,1.98,1357.97,Net Banking,Delivered,Dallas,TX,United States,SELL01616
ORD0000655,31-01-2021,CUST041207,Arjun Verma,P00043,HDMI Cable 2m,Clothing,NexPro,1,104.92,0.15,7.13,12.53,108.84,Credit Card,Delivered,Columbus,OH,United States,SELL00025
ORD0000656,12-01-2020,CUST022106,Arjun Gupta,P00032,Board Game,Books,NexPro,2,109.98,0,17.6,3.26,240.82,Credit Card,Delivered,Fort Worth,TX,United States,SELL00149
ORD0000657,18-06-2024,CUST047036,Kabir Kapoor,P00016,Air Fryer,Home & Kitchen,CoreTech,5,57.21,0.2,11.44,12.77,253.05,Amazon Pay,Shipped,Dallas,TX,India,SELL01424
ORD0000658,18-08-2023,CUST018918,Sahil Patel,P00028,Jeans,Sports & Outdoors,UrbanStyle,5,484.82,0.1,109.08,9.12,2299.89,Credit Card,Delivered,San Antonio,TX,United States,SELL00428
ORD0000659,30-06-2023,CUST013331,Sunita Kapoor,P00013,Action Camera,Clothing,HomeEase,3,70.34,0.1,22.79,10.51,223.22,Cash on Delivery,Delivered,Chicago,IL,United States,SELL01477
ORD0000660,13-05-2021,CUST028139,Aman Gupta,P00016,Air Fryer,Books,Zenith,1,496,0,24.8,5.95,526.75,Credit Card,Shipped,Chicago,IL,Australia,SELL01704
ORD0000661,23-01-2022,CUST041747,Simran Reddy,P00002,Bluetooth Speaker,Clothing,ReadMore,3,533.43,0.1,72.01,0.86,1513.13,UPI,Delivered,Seattle,WA,India,SELL01268
ORD0000662,04-02-2020,CUST021614,Kabir Mehta,P00042,Projector Mini,Books,Zenith,3,298.35,0,161.11,14.15,1070.31,UPI,Shipped,Fort Worth,TX,Canada,SELL00029
ORD0000663,27-12-2021,CUST015215,Vihaan Verma,P00040,Microphone,Toys & Games,ReadMore,2,101.97,0,10.2,10.29,224.43,UPI,Delivered,Phoenix,AZ,United States,SELL00478
ORD0000664,28-04-2022,CUST038495,Sahil Kumar,P00002,Bluetooth Speaker,Books,KiddoFun,4,579.06,0.2,333.54,11.53,2198.06,Amazon Pay,Delivered,Philadelphia,PA,United States,SELL00509
ORD0000665,30-03-2020,CUST029669,Karan Joshi,P00040,Microphone,Clothing,CoreTech,3,569.16,0,307.35,6.44,2021.27,Amazon Pay,Delivered,Jacksonville,FL,United States,SELL00248
ORD0000666,14-02-2022,CUST043404,Sneha Mehta,P00050,Novel Bestseller,Home & Kitchen,UrbanStyle,2,136.85,0.05,46.8,6.46,313.27,Credit Card,Shipped,Columbus,OH,United States,SELL01272
ORD0000667,27-08-2021,CUST000342,Anjali Joshi,P00037,Router,Sports & Outdoors,Zenith,1,174.15,0.1,28.21,8.62,193.57,Amazon Pay,Delivered,Dallas,TX,India,SELL01281
ORD0000668,27-08-2022,CUST028594,Sunita Mehta,P00014,Drone Mini,Books,BrightLux,5,62.49,0,25,8.91,346.36,Debit Card,Delivered,Chicago,IL,United Kingdom,SELL00203
ORD0000669,13-06-2024,CUST039500,Vihaan Patel,P00045,Phone Tripod,Clothing,ReadMore,3,478.63,0.2,57.44,9.53,1215.68,Debit Card,Shipped,Houston,TX,United States,SELL01129
ORD0000670,18-10-2022,CUST042143,Karan Patel,P00033,Puzzle 1000pc,Electronics,HomeEase,4,404.87,0,80.97,2.58,1703.03,Credit Card,Shipped,San Diego,CA,Australia,SELL01933
ORD0000671,21-02-2021,CUST030029,Pooja Patel,P00010,Smartwatch,Electronics,FitLife,3,5.5,0.05,1.25,0.92,17.84,Net Banking,Delivered,Austin,TX,United States,SELL01675
ORD0000672,24-04-2020,CUST017431,Arjun Joshi,P00015,Instant Pot,Electronics,HomeEase,3,22.11,0.1,10.75,2.8,73.25,Debit Card,Delivered,Austin,TX,United States,SELL01066
ORD0000673,08-09-2021,CUST001021,Aditya Verma,P00043,HDMI Cable 2m,Electronics,HomeEase,2,72.88,0,7.29,2.83,155.88,Cash on Delivery,Delivered,Jacksonville,FL,Canada,SELL00452
ORD0000674,04-05-2023,CUST046797,Aditya Verma,P00022,Water Bottle,Clothing,Apex,1,555.47,0,44.44,9.32,609.23,Credit Card,Shipped,Houston,TX,Australia,SELL01806
ORD0000675,05-04-2022,CUST030534,Karan Verma,P00004,USB-C Charger,Books,CoreTech,1,54.04,0,9.73,14.54,78.31,Debit Card,Pending,Houston,TX,United States,SELL00776
ORD0000676,04-03-2024,CUST049021,Vikas Singh,P00016,Air Fryer,Home & Kitchen,Apex,4,176.73,0.05,33.58,3.45,708.6,Credit Card,Delivered,New York,NY,United States,SELL01111
ORD0000677,07-07-2024,CUST027888,Sahil Sharma,P00049,Children's Book,Sports & Outdoors,ReadMore,4,500.88,0.15,85.15,2.61,1790.75,Debit Card,Pending,Jacksonville,FL,India,SELL01780
ORD0000678,25-02-2024,CUST002243,Ritika Reddy,P00008,4K Monitor,Books,Zenith,4,179.29,0.1,32.27,0.96,678.67,UPI,Delivered,Austin,TX,United States,SELL01717
ORD0000679,03-01-2023,CUST008903,Sahil Patel,P00021,Backpack,Home & Kitchen,FitLife,4,56.37,0.1,10.15,6.88,219.96,Credit Card,Shipped,Charlotte,NC,United States,SELL00847
ORD0000680,16-02-2021,CUST027637,Vihaan Mehta,P00020,Office Chair,Home & Kitchen,HomeEase,5,373.9,0.15,79.45,7.32,1675.84,Net Banking,Delivered,Indianapolis,IN,United Kingdom,SELL00046
ORD0000681,31-10-2023,CUST002558,Vikas Mehta,P00047,Memory Card 128GB,Electronics,KiddoFun,4,339.26,0.2,86.85,11.98,1184.46,Debit Card,Delivered,San Diego,CA,United States,SELL01212
ORD0000682,14-12-2023,CUST021727,Vivaan Gupta,P00025,Running Shoes,Sports & Outdoors,CoreTech,2,415.43,0.15,84.75,7.29,798.27,UPI,Returned,New York,NY,India,SELL00959
ORD0000683,29-12-2021,CUST005548,Kabir Gupta,P00040,Microphone,Sports & Outdoors,FitLife,1,299.44,0.2,0,12.55,252.1,UPI,Delivered,Philadelphia,PA,India,SELL01396
ORD0000684,24-07-2023,CUST046930,Vikas Verma,P00030,Dress Shirt,Electronics,ReadMore,1,597.05,0.05,45.38,1.88,614.46,Credit Card,Delivered,Dallas,TX,United States,SELL00978
ORD0000685,17-10-2022,CUST030151,Ritika Reddy,P00009,Portable SSD 1TB,Toys & Games,ReadMore,2,153.62,0,24.58,10.82,342.64,Credit Card,Shipped,Chicago,IL,India,SELL01296
ORD0000686,30-01-2022,CUST029666,Rohit Singh,P00028,Jeans,Sports & Outdoors,HomeEase,1,250.92,0.05,42.91,0.25,281.53,Cash on Delivery,Delivered,Denver,CO,United States,SELL00476
ORD0000687,06-11-2021,CUST041687,Neha Kumar,P00017,Electric Kettle,Electronics,UrbanStyle,1,189.19,0.3,6.62,14.37,153.42,Credit Card,Delivered,Dallas,TX,United States,SELL00214
ORD0000688,18-11-2023,CUST029704,Vihaan Patel,P00008,4K Monitor,Home & Kitchen,FitLife,5,493.13,0,123.28,4.44,2593.37,Amazon Pay,Shipped,San Antonio,TX,United States,SELL01916
ORD0000689,01-04-2021,CUST014194,Sahil Patel,P00019,LED Desk Lamp,Clothing,NexPro,5,209.19,0.15,0,10.6,899.66,Credit Card,Delivered,Jacksonville,FL,India,SELL00777
ORD0000690,08-07-2022,CUST012572,Vihaan Gupta,P00012,Noise Cancelling Headphones,Home & Kitchen,Zenith,4,41.65,0.2,6.66,2.87,142.81,UPI,Delivered,Jacksonville,FL,United States,SELL01884
ORD0000691,10-07-2020,CUST009709,Ritika Kumar,P00011,Fitness Band,Clothing,UrbanStyle,4,26.16,0.15,4.45,2.91,96.3,UPI,Shipped,Fort Worth,TX,United States,SELL00709
ORD0000692,08-01-2022,CUST012727,Karan Reddy,P00039,Graphic Tablet,Toys & Games,FitLife,3,454.5,0.1,147.26,13.56,1387.97,Debit Card,Delivered,San Francisco,CA,United States,SELL01316
ORD0000693,08-09-2024,CUST046847,Kabir Kapoor,P00028,Jeans,Clothing,FitLife,5,482.5,0,0,5.78,2418.28,Credit Card,Delivered,San Antonio,TX,United States,SELL01385
ORD0000694,27-01-2023,CUST006467,Sahil Sharma,P00025,Running Shoes,Toys & Games,CoreTech,2,227.77,0,22.78,11.15,489.47,Debit Card,Pending,Chicago,IL,United States,SELL00317
ORD0000695,20-04-2024,CUST022221,Kabir Gupta,P00033,Puzzle 1000pc,Books,HomeEase,2,238.74,0.3,16.71,2.24,353.19,Net Banking,Delivered,Jacksonville,FL,United States,SELL00766
ORD0000696,04-09-2022,CUST022439,Aarav Singh,P00001,Wireless Earbuds,Clothing,CoreTech,3,107.51,0.05,0,13.53,319.93,Credit Card,Shipped,Dallas,TX,United States,SELL00904
ORD0000697,05-10-2022,CUST006859,Pooja Gupta,P00045,Phone Tripod,Sports & Outdoors,FitLife,5,226.07,0,90.43,5.75,1226.53,Amazon Pay,Delivered,Chicago,IL,United States,SELL01726
ORD0000698,05-04-2020,CUST039325,Anjali Patel,P00026,Sunglasses,Sports & Outdoors,CoreTech,5,168.27,0.1,0,8.52,765.74,Credit Card,Shipped,Austin,TX,United States,SELL01862
ORD0000699,14-08-2024,CUST023697,Aarav Singh,P00020,Office Chair,Books,CoreTech,2,491.81,0,118.03,12.07,1113.72,Credit Card,Delivered,Jacksonville,FL,Canada,SELL00622
ORD0000700,24-10-2021,CUST048774,Arjun Kapoor,P00044,Power Bank 20000mAh,Sports & Outdoors,BrightLux,5,231.15,0,92.46,4.85,1253.06,Debit Card,Delivered,Los Angeles,CA,United States,SELL00348
ORD0000701,28-04-2023,CUST019726,Sunita Verma,P00016,Air Fryer,Toys & Games,BrightLux,4,506.79,0.05,231.1,5.61,2162.51,Debit Card,Shipped,Columbus,OH,United States,SELL00256
ORD0000702,25-10-2024,CUST028627,Arjun Sharma,P00043,HDMI Cable 2m,Toys & Games,ReadMore,5,104.66,0,62.8,4.1,590.2,Net Banking,Shipped,Chicago,IL,United States,SELL01031
ORD0000703,06-02-2020,CUST037541,Aditya Reddy,P00046,Car Charger,Sports & Outdoors,KiddoFun,5,264.34,0,0,10.32,1332.02,Net Banking,Delivered,San Francisco,CA,United Kingdom,SELL01226
ORD0000704,08-12-2024,CUST018027,Rohit Mehta,P00016,Air Fryer,Clothing,ReadMore,2,71.29,0.05,10.84,13.13,159.42,Amazon Pay,Delivered,Fort Worth,TX,United States,SELL01595
ORD0000705,24-10-2023,CUST030540,Karan Joshi,P00035,Desk Plant,Toys & Games,FitLife,5,597.16,0.2,0,13.59,2402.23,Credit Card,Delivered,Los Angeles,CA,United States,SELL01025
ORD0000706,14-09-2024,CUST034643,Anjali Singh,P00047,Memory Card 128GB,Clothing,HomeEase,1,362.88,0.05,41.37,7.83,393.94,Credit Card,Delivered,Dallas,TX,United States,SELL00548
ORD0000707,28-03-2024,CUST017237,Vikas Gupta,P00030,Dress Shirt,Books,CoreTech,5,220.11,0.05,83.64,6.93,1136.09,Amazon Pay,Delivered,Austin,TX,United States,SELL01593
ORD0000708,05-10-2020,CUST003101,Anjali Kapoor,P00028,Jeans,Clothing,Apex,2,298.51,0.3,20.9,6.99,445.8,Credit Card,Delivered,Dallas,TX,United States,SELL01144
ORD0000709,04-08-2020,CUST021724,Kabir Verma,P00005,Laptop Sleeve,Toys & Games,CoreTech,1,19.55,0.05,2.23,3.7,24.5,Net Banking,Delivered,San Francisco,CA,India,SELL00582
ORD0000710,16-05-2022,CUST042705,Vivaan Singh,P00001,Wireless Earbuds,Home & Kitchen,FitLife,4,62.63,0.05,19.04,11.02,268.05,UPI,Delivered,Seattle,WA,United Kingdom,SELL01524
ORD0000711,22-05-2022,CUST007217,Mohit Kapoor,P00037,Router,Clothing,NexPro,1,470.49,0.15,20,4.9,424.82,Net Banking,Delivered,Seattle,WA,United States,SELL01132
ORD0000712,26-12-2024,CUST018425,Vivaan Verma,P00045,Phone Tripod,Clothing,UrbanStyle,5,245.4,0.05,58.28,11.42,1235.35,Amazon Pay,Pending,San Jose,CA,United States,SELL00028
ORD0000713,20-07-2023,CUST005122,Pooja Joshi,P00016,Air Fryer,Electronics,FitLife,5,148.75,0,59.5,1.38,804.63,Credit Card,Delivered,Fort Worth,TX,Australia,SELL00335
ORD0000714,02-03-2020,CUST041670,Karan Joshi,P00022,Water Bottle,Books,Zenith,3,35.16,0.05,5.01,5.41,110.63,Amazon Pay,Delivered,Chicago,IL,United States,SELL01217
ORD0000715,18-08-2021,CUST043609,Kabir Joshi,P00047,Memory Card 128GB,Clothing,ReadMore,4,467.71,0.15,190.83,10.5,1791.54,Debit Card,Delivered,Houston,TX,United States,SELL01952
ORD0000716,29-12-2021,CUST000070,Karan Gupta,P00042,Projector Mini,Books,HomeEase,2,221.87,0,22.19,1.11,467.04,Credit Card,Delivered,Indianapolis,IN,United States,SELL00709
ORD0000717,27-09-2023,CUST004801,Rohit Reddy,P00034,Desk Organizer,Sports & Outdoors,HomeEase,2,487.44,0,77.99,5.31,1058.18,Net Banking,Returned,Los Angeles,CA,United States,SELL00601
ORD0000718,31-01-2021,CUST024405,Vihaan Patel,P00045,Phone Tripod,Clothing,Zenith,2,56.82,0,13.64,10.54,137.82,Amazon Pay,Delivered,Charlotte,NC,India,SELL00402
ORD0000719,29-11-2021,CUST017301,Karan Verma,P00033,Puzzle 1000pc,Toys & Games,UrbanStyle,3,195.03,0.1,94.78,13.87,635.23,Credit Card,Delivered,Denver,CO,United States,SELL00402
ORD0000720,08-11-2022,CUST031212,Priya Kapoor,P00023,Cookware Set,Electronics,HomeEase,2,391.78,0.1,84.62,14.35,804.17,Credit Card,Pending,Dallas,TX,India,SELL01800
ORD0000721,25-06-2020,CUST043505,Neha Reddy,P00039,Graphic Tablet,Books,NexPro,1,167.4,0,30.13,7.61,205.14,Credit Card,Delivered,Washington,DC,Australia,SELL00819
ORD0000722,23-06-2024,CUST001051,Priya Sharma,P00022,Water Bottle,Books,BrightLux,4,260.35,0.2,99.97,2,935.09,Credit Card,Shipped,Philadelphia,PA,United States,SELL00037
ORD0000723,30-01-2021,CUST017599,Sneha Mehta,P00037,Router,Home & Kitchen,BrightLux,5,419.07,0.25,78.58,9.72,1659.81,Debit Card,Delivered,San Diego,CA,United States,SELL00606
ORD0000724,20-03-2021,CUST001815,Kabir Sharma,P00007,Mechanical Keyboard,Electronics,BrightLux,2,299.49,0,29.95,0.04,628.97,Credit Card,Delivered,San Francisco,CA,India,SELL00581
ORD0000725,10-06-2023,CUST036068,Aarav Kumar,P00032,Board Game,Home & Kitchen,KiddoFun,4,446.33,0,142.83,13.92,1942.07,UPI,Returned,Denver,CO,United States,SELL00323
ORD0000726,16-03-2020,CUST021348,Priya Kumar,P00028,Jeans,Toys & Games,BrightLux,5,38.12,0.05,14.49,13.53,209.09,Credit Card,Shipped,Philadelphia,PA,India,SELL00389
ORD0000727,21-09-2020,CUST001082,Arjun Gupta,P00012,Noise Cancelling Headphones,Clothing,ReadMore,5,552.04,0.05,314.66,0.69,2937.54,Debit Card,Cancelled,Phoenix,AZ,United States,SELL00109
ORD0000728,30-03-2021,CUST041773,Priya Patel,P00023,Cookware Set,Electronics,UrbanStyle,1,598.22,0.2,23.93,9.98,512.49,Credit Card,Pending,Denver,CO,United States,SELL00875
ORD0000729,24-12-2024,CUST037585,Vihaan Sharma,P00048,Wireless Charger,Toys & Games,Apex,1,564.47,0,67.74,12.64,644.85,Debit Card,Shipped,Indianapolis,IN,India,SELL00969
ORD0000730,18-12-2021,CUST039566,Neha Mehta,P00016,Air Fryer,Electronics,UrbanStyle,5,144.61,0,130.15,5.13,858.33,Amazon Pay,Returned,Jacksonville,FL,United Kingdom,SELL01170
ORD0000731,04-01-2022,CUST032406,Mohit Singh,P00044,Power Bank 20000mAh,Clothing,NexPro,2,567.81,0,0,2.09,1137.71,Credit Card,Delivered,Washington,DC,United States,SELL01213
ORD0000732,08-11-2023,CUST006673,Sunita Reddy,P00048,Wireless Charger,Books,BrightLux,3,129.67,0,31.12,6.2,426.33,Credit Card,Shipped,Washington,DC,United States,SELL01184
ORD0000733,06-05-2024,CUST009117,Sneha Reddy,P00033,Puzzle 1000pc,Electronics,ReadMore,3,304.31,0,109.55,7.02,1029.5,Debit Card,Delivered,Chicago,IL,United States,SELL00700
ORD0000734,30-04-2022,CUST020976,Sahil Patel,P00014,Drone Mini,Home & Kitchen,CoreTech,2,481.79,0.1,156.1,2.37,1025.69,UPI,Delivered,Denver,CO,United States,SELL00760
ORD0000735,09-03-2024,CUST039664,Aditya Mehta,P00006,Gaming Mouse,Books,Zenith,5,404.96,0,0,9.13,2033.93,Credit Card,Delivered,Charlotte,NC,Canada,SELL00125
ORD0000736,22-10-2023,CUST016159,Vivaan Mehta,P00038,External HDD 2TB,Sports & Outdoors,FitLife,2,296.23,0.05,67.54,11.3,641.68,Amazon Pay,Delivered,New York,NY,India,SELL00683
ORD0000737,23-05-2020,CUST018490,Aarav Joshi,P00016,Air Fryer,Books,NexPro,3,171.95,0,41.27,8.5,565.62,Credit Card,Shipped,Houston,TX,United States,SELL00235
ORD0000738,03-06-2022,CUST000529,Aditya Patel,P00047,Memory Card 128GB,Books,Apex,5,587.98,0.25,396.89,14.43,2616.24,Amazon Pay,Delivered,Chicago,IL,Australia,SELL00027
ORD0000739,28-12-2022,CUST041592,Ritika Mehta,P00040,Microphone,Toys & Games,UrbanStyle,1,420.81,0.05,0,8.26,408.03,Credit Card,Delivered,New York,NY,United States,SELL00836
ORD0000740,27-01-2023,CUST025111,Ritika Mehta,P00013,Action Camera,Sports & Outdoors,ReadMore,1,123.43,0,22.22,13.52,159.17,UPI,Delivered,Houston,TX,United States,SELL00063
ORD0000741,30-01-2021,CUST020962,Karan Gupta,P00026,Sunglasses,Home & Kitchen,FitLife,3,249.04,0.05,127.76,2.56,840.08,Credit Card,Delivered,Columbus,OH,United States,SELL00766
ORD0000742,14-11-2022,CUST019154,Vihaan Mehta,P00036,Smart Light Bulb,Home & Kitchen,CoreTech,1,248.15,0,19.85,4.74,272.74,UPI,Pending,San Antonio,TX,United States,SELL00094
ORD0000743,05-08-2022,CUST008405,Aarav Patel,P00022,Water Bottle,Electronics,UrbanStyle,2,541.34,0,129.92,8.03,1220.63,Credit Card,Delivered,Houston,TX,India,SELL00943
ORD0000744,09-06-2022,CUST002196,Mohit Kapoor,P00034,Desk Organizer,Clothing,HomeEase,4,52.22,0.05,15.87,3.55,217.86,Debit Card,Delivered,Jacksonville,FL,United States,SELL01015
ORD0000745,01-02-2024,CUST022788,Simran Patel,P00027,Winter Jacket,Books,CoreTech,4,198.26,0.15,33.7,9.39,717.17,Credit Card,Delivered,San Francisco,CA,Canada,SELL00242
ORD0000746,16-02-2024,CUST020811,Aditya Mehta,P00020,Office Chair,Toys & Games,FitLife,1,111.71,0.1,8.04,3.49,112.07,Debit Card,Cancelled,Dallas,TX,United States,SELL01943
ORD0000747,07-05-2024,CUST036913,Vihaan Kumar,P00004,USB-C Charger,Electronics,ReadMore,2,569.67,0,91.15,3.4,1233.89,Credit Card,Shipped,Phoenix,AZ,United Kingdom,SELL00669
ORD0000748,20-03-2023,CUST023917,Karan Kapoor,P00015,Instant Pot,Sports & Outdoors,KiddoFun,1,346.29,0.3,12.12,9.04,263.56,Debit Card,Delivered,Washington,DC,United States,SELL01680
ORD0000749,13-03-2023,CUST049946,Sunita Reddy,P00017,Electric Kettle,Sports & Outdoors,UrbanStyle,1,408.88,0.05,69.92,3.2,461.56,Debit Card,Delivered,Dallas,TX,United States,SELL01108
ORD0000750,22-07-2021,CUST037369,Aditya Mehta,P00032,Board Game,Home & Kitchen,BrightLux,5,111.1,0,44.44,6.94,606.88,UPI,Delivered,Washington,DC,India,SELL00001
ORD0000751,28-11-2022,CUST027164,Priya Patel,P00048,Wireless Charger,Toys & Games,ReadMore,2,284.32,0,28.43,4.72,601.79,Debit Card,Delivered,Chicago,IL,United States,SELL00209
ORD0000752,18-04-2020,CUST035635,Sneha Patel,P00013,Action Camera,Clothing,KiddoFun,3,369.85,0,199.72,11.04,1320.31,Amazon Pay,Pending,Fort Worth,TX,United States,SELL00145
ORD0000753,12-09-2024,CUST033448,Mohit Verma,P00012,Noise Cancelling Headphones,Home & Kitchen,CoreTech,2,116.36,0.25,8.73,1.61,184.88,Amazon Pay,Returned,Columbus,OH,India,SELL00087
ORD0000754,01-12-2022,CUST022565,Aman Verma,P00048,Wireless Charger,Clothing,Apex,2,535.91,0,53.59,6.09,1131.5,Debit Card,Delivered,Columbus,OH,United States,SELL00104
ORD0000755,24-04-2023,CUST010986,Aman Reddy,P00040,Microphone,Sports & Outdoors,CoreTech,1,6.85,0.15,0.7,5.57,12.09,Net Banking,Delivered,Washington,DC,United States,SELL01802
ORD0000756,23-07-2022,CUST015343,Rohit Patel,P00032,Board Game,Home & Kitchen,BrightLux,5,106.25,0.25,19.92,4.62,422.98,Amazon Pay,Delivered,San Jose,CA,Australia,SELL01605
ORD0000757,01-02-2021,CUST017587,Vikas Singh,P00011,Fitness Band,Home & Kitchen,ReadMore,5,569.91,0.05,487.27,9.11,3203.45,Net Banking,Shipped,Washington,DC,United States,SELL00724
ORD0000758,31-05-2023,CUST008249,Sneha Verma,P00022,Water Bottle,Electronics,BrightLux,1,341.91,0.1,15.39,12.55,335.66,Credit Card,Delivered,Chicago,IL,United States,SELL01085
ORD0000759,25-09-2021,CUST024297,Arjun Gupta,P00037,Router,Sports & Outdoors,HomeEase,5,240.42,0.2,0,12.58,974.26,Debit Card,Delivered,Austin,TX,United States,SELL00901
ORD0000760,02-03-2023,CUST043504,Rohit Singh,P00045,Phone Tripod,Home & Kitchen,ReadMore,2,340.07,0,54.41,5.31,739.86,Debit Card,Shipped,New York,NY,United States,SELL01954
ORD0000761,01-04-2023,CUST033352,Kabir Singh,P00045,Phone Tripod,Home & Kitchen,NexPro,3,400.82,0.2,48.1,13.82,1023.89,Debit Card,Shipped,Austin,TX,United States,SELL00892
ORD0000762,23-05-2023,CUST036031,Aditya Singh,P00023,Cookware Set,Home & Kitchen,Zenith,3,299.57,0,107.85,9.87,1016.43,Net Banking,Delivered,Columbus,OH,United States,SELL00023
ORD0000763,02-01-2022,CUST042892,Neha Joshi,P00018,Vacuum Cleaner,Sports & Outdoors,HomeEase,3,293.74,0.1,39.65,6.29,839.04,Debit Card,Shipped,Indianapolis,IN,United States,SELL01094
ORD0000764,22-08-2020,CUST005231,Ritika Kapoor,P00027,Winter Jacket,Sports & Outdoors,CoreTech,5,238.68,0.2,114.57,1.51,1070.8,Cash on Delivery,Delivered,Columbus,OH,India,SELL00001
ORD0000765,19-10-2021,CUST048475,Simran Kapoor,P00044,Power Bank 20000mAh,Electronics,Apex,4,72.73,0.05,13.82,0.72,290.91,Amazon Pay,Delivered,San Antonio,TX,United States,SELL00351
ORD0000766,20-01-2022,CUST002611,Kabir Patel,P00002,Bluetooth Speaker,Clothing,KiddoFun,1,97.37,0.1,7.01,7.33,101.97,Credit Card,Delivered,Indianapolis,IN,Canada,SELL00672
ORD0000767,10-08-2021,CUST010990,Anjali Singh,P00013,Action Camera,Home & Kitchen,UrbanStyle,4,149.24,0.3,20.89,3.18,441.94,Debit Card,Delivered,Phoenix,AZ,Australia,SELL00162
ORD0000768,29-10-2022,CUST009099,Simran Verma,P00008,4K Monitor,Home & Kitchen,BrightLux,1,477.44,0,0,14.59,492.03,Credit Card,Shipped,San Antonio,TX,India,SELL01172
ORD0000769,02-01-2023,CUST035974,Neha Joshi,P00025,Running Shoes,Clothing,NexPro,4,239.64,0.05,109.28,5.29,1025.2,Credit Card,Delivered,Dallas,TX,United States,SELL01301
ORD0000770,11-08-2022,CUST042892,Priya Gupta,P00021,Backpack,Clothing,KiddoFun,1,462.85,0,55.54,12.33,530.72,Debit Card,Pending,Chicago,IL,United States,SELL00114
ORD0000771,06-05-2021,CUST002002,Ritika Sharma,P00006,Gaming Mouse,Toys & Games,BrightLux,3,431.18,0.05,98.31,9.22,1336.39,UPI,Delivered,Fort Worth,TX,United States,SELL01606
ORD0000772,01-07-2022,CUST034073,Vikas Reddy,P00013,Action Camera,Electronics,Zenith,3,442.03,0.2,53.04,2.11,1116.02,Credit Card,Delivered,Dallas,TX,United Kingdom,SELL01534
ORD0000773,30-06-2023,CUST038114,Aditya Gupta,P00034,Desk Organizer,Home & Kitchen,NexPro,2,427.05,0,102.49,9.06,965.65,Debit Card,Delivered,Chicago,IL,United States,SELL00716
ORD0000774,07-06-2023,CUST008122,Simran Joshi,P00032,Board Game,Books,FitLife,4,22.31,0,7.14,11.55,107.93,Cash on Delivery,Delivered,San Antonio,TX,United States,SELL00660
ORD0000775,22-03-2024,CUST002640,Vivaan Sharma,P00049,Children's Book,Sports & Outdoors,BrightLux,1,532.46,0.15,36.21,2.8,491.6,UPI,Returned,Chicago,IL,India,SELL00111
ORD0000776,12-04-2023,CUST011556,Vikas Gupta,P00013,Action Camera,Books,ReadMore,3,205.45,0,110.94,2.67,729.96,Amazon Pay,Shipped,Chicago,IL,India,SELL00150
ORD0000777,03-08-2024,CUST003093,Aditya Verma,P00005,Laptop Sleeve,Clothing,FitLife,1,438.95,0.1,31.6,1.46,428.12,UPI,Delivered,Dallas,TX,United States,SELL01101
ORD0000778,06-04-2023,CUST021844,Kabir Kapoor,P00008,4K Monitor,Home & Kitchen,Zenith,3,232.27,0.1,31.36,6.69,665.18,Amazon Pay,Delivered,Los Angeles,CA,India,SELL00346
ORD0000779,18-06-2020,CUST034364,Aman Mehta,P00005,Laptop Sleeve,Books,CoreTech,1,353.27,0.05,16.78,4.5,356.89,Credit Card,Delivered,Houston,TX,India,SELL01298
ORD0000780,17-11-2023,CUST037738,Simran Kapoor,P00017,Electric Kettle,Sports & Outdoors,ReadMore,4,334.8,0,241.06,6.64,1586.9,Net Banking,Delivered,Charlotte,NC,United States,SELL01434
ORD0000781,03-08-2022,CUST008946,Sahil Sharma,P00050,Novel Bestseller,Clothing,Zenith,1,570.99,0.15,58.24,0.54,544.12,Credit Card,Delivered,Jacksonville,FL,United States,SELL01714
ORD0000782,05-03-2022,CUST041406,Simran Kapoor,P00008,4K Monitor,Clothing,FitLife,3,527.74,0,189.99,7.05,1780.26,Credit Card,Delivered,Charlotte,NC,United States,SELL00027
ORD0000783,25-09-2021,CUST047483,Rohit Patel,P00037,Router,Electronics,Zenith,1,532.6,0.05,60.72,10.38,577.07,Debit Card,Delivered,San Antonio,TX,United States,SELL00043
ORD0000784,02-05-2023,CUST037259,Kabir Joshi,P00036,Smart Light Bulb,Sports & Outdoors,BrightLux,3,596.12,0,143.07,12.15,1943.58,Credit Card,Delivered,Austin,TX,Canada,SELL00157
ORD0000785,20-03-2024,CUST036430,Aman Singh,P00005,Laptop Sleeve,Books,NexPro,2,352.31,0.05,53.55,4.53,727.47,Net Banking,Cancelled,Philadelphia,PA,United States,SELL00601
ORD0000786,29-01-2020,CUST038244,Vivaan Joshi,P00035,Desk Plant,Toys & Games,Zenith,5,407.02,0.25,76.32,12.99,1615.63,Credit Card,Cancelled,San Diego,CA,India,SELL01516
ORD0000787,03-04-2023,CUST000643,Vihaan Patel,P00027,Winter Jacket,Books,Zenith,5,436.19,0,174.48,6.81,2362.24,Credit Card,Pending,Jacksonville,FL,India,SELL00676
ORD0000788,16-12-2023,CUST027065,Aditya Reddy,P00015,Instant Pot,Home & Kitchen,BrightLux,4,243.36,0,48.67,9.56,1031.67,Debit Card,Cancelled,Indianapolis,IN,United States,SELL00149
ORD0000789,04-12-2020,CUST020694,Mohit Sharma,P00037,Router,Toys & Games,HomeEase,3,175.51,0.1,23.69,12.69,510.26,Debit Card,Delivered,New York,NY,United States,SELL00420
ORD0000790,29-07-2024,CUST020608,Sneha Joshi,P00038,External HDD 2TB,Electronics,ReadMore,4,475.21,0.15,290.83,1.88,1908.42,Debit Card,Returned,San Diego,CA,India,SELL01619
ORD0000791,28-02-2024,CUST018027,Simran Reddy,P00019,LED Desk Lamp,Toys & Games,UrbanStyle,4,279.9,0,55.98,14.23,1189.81,Debit Card,Delivered,Jacksonville,FL,United States,SELL00861
ORD0000792,20-10-2023,CUST013765,Aman Kapoor,P00011,Fitness Band,Electronics,NexPro,1,8.06,0,0,2.93,10.99,Cash on Delivery,Delivered,Los Angeles,CA,United States,SELL01012
ORD0000793,27-09-2023,CUST045762,Mohit Patel,P00008,4K Monitor,Books,KiddoFun,5,206.18,0.05,48.97,1.93,1030.26,Debit Card,Delivered,Austin,TX,United States,SELL00779
ORD0000794,14-05-2021,CUST011582,Vikas Gupta,P00024,Yoga Mat,Toys & Games,Zenith,4,141.19,0.1,0,4.51,512.79,Debit Card,Delivered,Dallas,TX,India,SELL00463
ORD0000795,07-08-2024,CUST043065,Sunita Mehta,P00038,External HDD 2TB,Electronics,HomeEase,3,402.32,0,144.84,12.57,1364.37,Amazon Pay,Delivered,Chicago,IL,United States,SELL00875
ORD0000796,25-05-2021,CUST037250,Anjali Kapoor,P00003,Smartphone Case,Home & Kitchen,Zenith,3,474.11,0.15,145.08,5.2,1359.26,Debit Card,Delivered,Los Angeles,CA,United States,SELL00809
ORD0000797,12-09-2023,CUST020325,Vivaan Patel,P00048,Wireless Charger,Home & Kitchen,ReadMore,2,283.06,0.05,0,11.74,549.55,Credit Card,Delivered,Philadelphia,PA,India,SELL01065
ORD0000798,04-08-2020,CUST005907,Aditya Patel,P00040,Microphone,Books,NexPro,5,351.35,0,210.81,14.46,1982.02,Credit Card,Shipped,Chicago,IL,India,SELL01230
ORD0000799,17-08-2023,CUST013629,Vihaan Reddy,P00012,Noise Cancelling Headphones,Books,BrightLux,4,8.8,0.05,4.01,0.72,38.17,Credit Card,Delivered,Houston,TX,United States,SELL01209
ORD0000800,01-03-2023,CUST002565,Sunita Gupta,P00031,Kids Toy Car,Toys & Games,BrightLux,2,292.85,0,0,12.33,598.03,Net Banking,Delivered,San Diego,CA,United States,SELL00131
ORD0000801,29-12-2022,CUST048794,Pooja Kapoor,P00039,Graphic Tablet,Sports & Outdoors,FitLife,3,206.81,0,74.45,12.81,707.69,UPI,Pending,Dallas,TX,India,SELL01365
ORD0000802,29-06-2023,CUST003091,Arjun Patel,P00027,Winter Jacket,Books,UrbanStyle,5,549.2,0.05,130.44,5.06,2744.2,Debit Card,Delivered,Houston,TX,United States,SELL01107
ORD0000803,09-12-2023,CUST009247,Aditya Kapoor,P00040,Microphone,Books,Apex,3,590.82,0.2,0,6.52,1424.49,Debit Card,Delivered,Austin,TX,United States,SELL01773
ORD0000804,15-12-2024,CUST028627,Arjun Patel,P00030,Dress Shirt,Home & Kitchen,UrbanStyle,4,37.83,0.05,17.25,9.79,170.79,Credit Card,Delivered,Denver,CO,India,SELL00478
ORD0000805,20-03-2021,CUST001515,Priya Mehta,P00022,Water Bottle,Clothing,BrightLux,1,205.86,0,10.29,5.89,222.04,Credit Card,Delivered,Austin,TX,United States,SELL01567
ORD0000806,25-05-2022,CUST045996,Arjun Kapoor,P00039,Graphic Tablet,Home & Kitchen,CoreTech,5,127.24,0.15,27.04,4.61,572.42,Credit Card,Delivered,Seattle,WA,India,SELL01406
ORD0000807,20-04-2023,CUST048787,Aditya Gupta,P00047,Memory Card 128GB,Home & Kitchen,UrbanStyle,2,229.66,0.05,21.82,3.55,461.72,Credit Card,Delivered,Seattle,WA,India,SELL01712
ORD0000808,15-06-2020,CUST007018,Sahil Mehta,P00021,Backpack,Electronics,HomeEase,2,469.24,0,75.08,5.79,1019.35,Debit Card,Delivered,Columbus,OH,United States,SELL01452
ORD0000809,31-03-2020,CUST018257,Anjali Singh,P00013,Action Camera,Books,UrbanStyle,1,233.08,0.1,10.49,1.88,222.14,Credit Card,Delivered,Washington,DC,United Kingdom,SELL00110
ORD0000810,14-12-2021,CUST041379,Aman Verma,P00014,Drone Mini,Home & Kitchen,BrightLux,2,586.12,0,93.78,2.03,1268.05,Credit Card,Shipped,Phoenix,AZ,India,SELL00881
ORD0000811,03-04-2024,CUST016218,Karan Reddy,P00042,Projector Mini,Toys & Games,ReadMore,1,452.39,0.1,20.36,11.15,438.66,Credit Card,Shipped,Columbus,OH,United Kingdom,SELL00682
ORD0000812,08-02-2020,CUST038261,Vikas Sharma,P00001,Wireless Earbuds,Sports & Outdoors,FitLife,5,109.2,0.05,25.94,4.12,548.76,Net Banking,Delivered,Los Angeles,CA,United States,SELL01923
ORD0000813,23-02-2023,CUST019069,Vikas Gupta,P00042,Projector Mini,Toys & Games,FitLife,4,589.92,0,117.98,8.22,2485.88,Cash on Delivery,Delivered,Phoenix,AZ,United States,SELL00798
ORD0000814,14-01-2024,CUST015688,Mohit Kumar,P00035,Desk Plant,Clothing,HomeEase,4,49.32,0.25,11.84,7.92,167.72,Debit Card,Delivered,Philadelphia,PA,India,SELL01122
ORD0000815,21-06-2020,CUST007016,Anjali Joshi,P00004,USB-C Charger,Books,HomeEase,5,490.83,0.05,186.52,3.81,2521.77,Debit Card,Delivered,San Jose,CA,United States,SELL01157
ORD0000816,14-10-2021,CUST047641,Rohit Kumar,P00031,Kids Toy Car,Electronics,ReadMore,2,48.23,0,11.58,14.55,122.59,Credit Card,Shipped,Austin,TX,Australia,SELL00416
ORD0000817,23-01-2022,CUST015085,Arjun Singh,P00045,Phone Tripod,Clothing,FitLife,1,72.12,0.1,5.19,14.92,85.02,Cash on Delivery,Delivered,San Jose,CA,United States,SELL01301
ORD0000818,28-05-2023,CUST038541,Aditya Gupta,P00031,Kids Toy Car,Home & Kitchen,ReadMore,5,46.05,0,11.51,8.26,250.02,Amazon Pay,Returned,New York,NY,United States,SELL01955
ORD0000819,19-07-2024,CUST001322,Vihaan Reddy,P00022,Water Bottle,Clothing,UrbanStyle,5,439.44,0.2,0,5.02,1762.78,Credit Card,Shipped,Phoenix,AZ,India,SELL01257
ORD0000820,17-12-2022,CUST019599,Sahil Reddy,P00030,Dress Shirt,Home & Kitchen,ReadMore,4,439.45,0,87.89,6.63,1852.32,Amazon Pay,Delivered,Fort Worth,TX,United States,SELL01871
ORD0000821,10-08-2024,CUST011799,Vivaan Patel,P00003,Smartphone Case,Clothing,KiddoFun,5,531.95,0.05,202.14,6.92,2735.82,Credit Card,Delivered,Washington,DC,United States,SELL00625
ORD0000822,20-04-2021,CUST048924,Kabir Singh,P00037,Router,Books,UrbanStyle,3,321.68,0.1,69.48,5.88,943.9,Debit Card,Pending,Austin,TX,United States,SELL00419
ORD0000823,31-03-2021,CUST024845,Kabir Mehta,P00041,Webcam Full HD,Sports & Outdoors,KiddoFun,5,243.23,0,145.94,14.05,1376.14,Debit Card,Delivered,San Jose,CA,United States,SELL01421
ORD0000824,08-04-2022,CUST038060,Arjun Singh,P00022,Water Bottle,Clothing,KiddoFun,1,120.8,0,6.04,12.05,138.89,Debit Card,Delivered,San Antonio,TX,United States,SELL01699
ORD0000825,13-06-2022,CUST009678,Mohit Kapoor,P00005,Laptop Sleeve,Electronics,ReadMore,5,15.79,0,6.32,7.15,92.42,Debit Card,Delivered,San Antonio,TX,United States,SELL01851
ORD0000826,16-10-2023,CUST023476,Mohit Joshi,P00029,T-Shirt,Books,BrightLux,1,387.08,0,19.35,11.94,418.37,Credit Card,Delivered,Dallas,TX,United States,SELL01933
ORD0000827,21-10-2022,CUST037155,Vivaan Mehta,P00005,Laptop Sleeve,Clothing,UrbanStyle,4,367.4,0,0,2.4,1472,Debit Card,Delivered,Philadelphia,PA,United States,SELL01481
ORD0000828,21-01-2021,CUST037099,Vikas Kumar,P00040,Microphone,Books,NexPro,3,14.42,0.15,2.94,5.73,45.44,Debit Card,Shipped,San Antonio,TX,United States,SELL01866
ORD0000829,13-12-2020,CUST013731,Simran Kapoor,P00039,Graphic Tablet,Sports & Outdoors,BrightLux,3,253.09,0,60.74,14.39,834.4,Net Banking,Delivered,San Diego,CA,United States,SELL01911
ORD0000830,08-07-2020,CUST045362,Priya Joshi,P00032,Board Game,Electronics,CoreTech,4,405.52,0,129.77,11.13,1762.98,Cash on Delivery,Delivered,Columbus,OH,United States,SELL00472
ORD0000831,19-05-2021,CUST030184,Sneha Reddy,P00025,Running Shoes,Sports & Outdoors,UrbanStyle,2,148.81,0,0,9.1,306.72,Debit Card,Delivered,Indianapolis,IN,United States,SELL01851
ORD0000832,29-04-2023,CUST004183,Sneha Gupta,P00040,Microphone,Sports & Outdoors,ReadMore,1,97.25,0.2,6.22,10.68,94.7,Credit Card,Delivered,Washington,DC,United States,SELL00823
ORD0000833,11-03-2024,CUST027432,Neha Kumar,P00023,Cookware Set,Sports & Outdoors,ReadMore,3,396,0.25,71.28,10.07,972.35,Cash on Delivery,Cancelled,Houston,TX,United States,SELL00642
ORD0000834,24-10-2023,CUST038221,Vikas Kapoor,P00006,Gaming Mouse,Electronics,BrightLux,1,515.89,0.1,55.72,5.7,525.72,Amazon Pay,Shipped,San Diego,CA,Canada,SELL00248
ORD0000835,03-12-2023,CUST033478,Simran Joshi,P00022,Water Bottle,Home & Kitchen,ReadMore,1,290.81,0.1,20.94,9.52,292.19,Credit Card,Returned,San Diego,CA,United States,SELL01100
ORD0000836,03-04-2022,CUST017117,Priya Mehta,P00038,External HDD 2TB,Clothing,ReadMore,4,431.13,0.25,64.67,13,1371.06,Amazon Pay,Delivered,San Diego,CA,United States,SELL00747
ORD0000837,17-07-2022,CUST029994,Aman Reddy,P00039,Graphic Tablet,Electronics,Apex,1,504.76,0.2,32.3,3.51,439.62,Debit Card,Delivered,Columbus,OH,United States,SELL01871
ORD0000838,22-07-2022,CUST044175,Karan Singh,P00040,Microphone,Electronics,NexPro,3,447.99,0,161.28,5.32,1510.57,Cash on Delivery,Delivered,Dallas,TX,Canada,SELL00763
ORD0000839,14-02-2023,CUST048188,Rohit Kapoor,P00048,Wireless Charger,Electronics,HomeEase,5,562.46,0,224.98,9.83,3047.11,Credit Card,Delivered,Phoenix,AZ,United States,SELL01374
ORD0000840,13-05-2020,CUST018209,Arjun Gupta,P00014,Drone Mini,Toys & Games,UrbanStyle,1,30.62,0,3.67,3.08,37.37,Credit Card,Delivered,San Jose,CA,India,SELL01716
ORD0000841,27-02-2020,CUST042920,Vivaan Joshi,P00047,Memory Card 128GB,Books,Apex,3,570.24,0,85.54,4.06,1800.32,Net Banking,Delivered,San Diego,CA,Canada,SELL01664
ORD0000842,28-04-2024,CUST004513,Vikas Reddy,P00032,Board Game,Books,ReadMore,1,553.07,0.1,89.6,3.26,590.62,Cash on Delivery,Returned,Dallas,TX,United States,SELL01096
ORD0000843,15-11-2021,CUST044185,Vihaan Reddy,P00018,Vacuum Cleaner,Electronics,UrbanStyle,3,571.48,0,205.73,0.15,1920.32,Credit Card,Delivered,New York,NY,United States,SELL01957
ORD0000844,02-11-2021,CUST013566,Vihaan Gupta,P00022,Water Bottle,Toys & Games,CoreTech,3,525.75,0.25,59.15,9.24,1251.33,Amazon Pay,Cancelled,Chicago,IL,India,SELL01243
ORD0000845,21-06-2020,CUST031643,Aditya Singh,P00040,Microphone,Clothing,HomeEase,2,287.28,0,28.73,7.87,611.16,UPI,Delivered,San Francisco,CA,United States,SELL00486
ORD0000846,25-03-2022,CUST046008,Pooja Joshi,P00010,Smartwatch,Home & Kitchen,FitLife,1,84.78,0.2,3.39,8.45,79.66,UPI,Delivered,Washington,DC,India,SELL00555
ORD0000847,18-03-2023,CUST022267,Aman Singh,P00006,Gaming Mouse,Books,KiddoFun,5,550.62,0.1,198.22,4.73,2680.74,Credit Card,Delivered,Washington,DC,Canada,SELL01412
ORD0000848,20-03-2020,CUST026992,Karan Verma,P00014,Drone Mini,Toys & Games,BrightLux,4,218.74,0,70,13.33,958.29,Debit Card,Delivered,San Jose,CA,United States,SELL01298
ORD0000849,04-06-2022,CUST003097,Sneha Joshi,P00036,Smart Light Bulb,Sports & Outdoors,NexPro,1,585.61,0.05,27.82,11.33,595.48,UPI,Delivered,Charlotte,NC,United States,SELL01387
ORD0000850,21-05-2023,CUST030853,Vikas Sharma,P00016,Air Fryer,Books,Zenith,5,171.41,0,154.27,0.28,1011.6,Cash on Delivery,Delivered,Fort Worth,TX,United States,SELL01935
ORD0000851,21-07-2020,CUST019699,Karan Sharma,P00018,Vacuum Cleaner,Home & Kitchen,ReadMore,4,280.11,0.15,171.43,14.38,1138.18,Credit Card,Delivered,San Jose,CA,United States,SELL01370
ORD0000852,02-02-2022,CUST030782,Sunita Reddy,P00001,Wireless Earbuds,Sports & Outdoors,CoreTech,3,385.36,0.05,54.91,13.97,1167.16,Amazon Pay,Delivered,Seattle,WA,United States,SELL00107
ORD0000853,06-06-2023,CUST046696,Vikas Kumar,P00018,Vacuum Cleaner,Toys & Games,Zenith,5,192.27,0,48.07,11.36,1020.78,Cash on Delivery,Shipped,Philadelphia,PA,United Kingdom,SELL01848
ORD0000854,26-08-2024,CUST008644,Sunita Verma,P00040,Microphone,Home & Kitchen,Zenith,2,549.01,0,87.84,14.88,1200.74,Amazon Pay,Delivered,San Diego,CA,United States,SELL00861
ORD0000855,04-06-2023,CUST017486,Vikas Kumar,P00001,Wireless Earbuds,Books,BrightLux,2,6.49,0.2,0.52,0.38,11.28,Debit Card,Shipped,Houston,TX,United States,SELL01185
ORD0000856,09-08-2024,CUST034921,Aarav Patel,P00041,Webcam Full HD,Toys & Games,NexPro,3,394.94,0,94.79,7.86,1287.47,Credit Card,Delivered,Washington,DC,United States,SELL01830
ORD0000857,04-04-2024,CUST010916,Vihaan Patel,P00030,Dress Shirt,Home & Kitchen,Zenith,4,189.64,0.15,77.37,14.82,736.97,Debit Card,Delivered,San Jose,CA,United States,SELL01057
ORD0000858,04-01-2024,CUST048508,Arjun Singh,P00007,Mechanical Keyboard,Clothing,CoreTech,4,99.03,0.05,45.16,8.53,430,Amazon Pay,Shipped,San Jose,CA,United States,SELL01715
ORD0000859,26-11-2023,CUST028514,Vivaan Gupta,P00036,Smart Light Bulb,Electronics,BrightLux,2,531.69,0,85.07,10.11,1158.56,Net Banking,Delivered,Los Angeles,CA,India,SELL00876
ORD0000860,16-02-2020,CUST018826,Neha Singh,P00037,Router,Sports & Outdoors,Zenith,2,444.34,0,44.43,4.23,937.34,Credit Card,Delivered,Los Angeles,CA,United States,SELL01899
ORD0000861,10-06-2023,CUST017523,Neha Joshi,P00013,Action Camera,Home & Kitchen,Apex,1,257.01,0.05,12.21,14.41,270.78,Amazon Pay,Shipped,San Antonio,TX,Canada,SELL01950
ORD0000862,21-08-2023,CUST047849,Kabir Sharma,P00050,Novel Bestseller,Clothing,UrbanStyle,3,561.67,0.15,114.58,11.15,1557.99,Credit Card,Shipped,Dallas,TX,United Kingdom,SELL00154
ORD0000863,29-03-2024,CUST008790,Aditya Sharma,P00042,Projector Mini,Home & Kitchen,CoreTech,5,162.68,0,97.61,4.18,915.19,Cash on Delivery,Pending,San Francisco,CA,United States,SELL01377
ORD0000864,12-03-2023,CUST013852,Pooja Kumar,P00044,Power Bank 20000mAh,Toys & Games,ReadMore,1,185.55,0,9.28,14.74,209.57,Debit Card,Delivered,Austin,TX,United Kingdom,SELL00410
ORD0000865,09-12-2023,CUST036912,Arjun Reddy,P00049,Children's Book,Electronics,ReadMore,1,196.13,0,15.69,10.44,222.26,Debit Card,Delivered,San Antonio,TX,India,SELL01517
ORD0000866,16-03-2024,CUST028860,Kabir Reddy,P00019,LED Desk Lamp,Sports & Outdoors,UrbanStyle,1,259.39,0,20.75,7.95,288.09,Debit Card,Delivered,San Jose,CA,United States,SELL01535
ORD0000867,28-10-2023,CUST015345,Karan Verma,P00022,Water Bottle,Home & Kitchen,ReadMore,4,235.56,0.05,71.61,0.81,967.55,Debit Card,Delivered,San Antonio,TX,United Kingdom,SELL01058
ORD0000868,08-05-2024,CUST038463,Priya Kumar,P00033,Puzzle 1000pc,Electronics,BrightLux,4,40.69,0.05,12.37,12.4,179.39,Net Banking,Delivered,Seattle,WA,Australia,SELL00044
ORD0000869,06-07-2023,CUST027699,Priya Verma,P00010,Smartwatch,Toys & Games,BrightLux,4,265,0,190.8,2.56,1253.36,Credit Card,Delivered,San Jose,CA,United States,SELL00442
ORD0000870,17-10-2021,CUST035042,Vivaan Kumar,P00031,Kids Toy Car,Clothing,CoreTech,4,200.64,0.1,57.78,6.73,786.81,Credit Card,Shipped,Fort Worth,TX,United States,SELL00846
ORD0000871,15-04-2021,CUST011632,Karan Kapoor,P00023,Cookware Set,Sports & Outdoors,NexPro,5,525.72,0.05,199.77,7.45,2704.39,Net Banking,Shipped,Seattle,WA,United States,SELL01671
ORD0000872,28-08-2022,CUST025500,Simran Verma,P00020,Office Chair,Electronics,Zenith,4,557.83,0,267.76,7.45,2506.53,Credit Card,Delivered,Philadelphia,PA,United States,SELL00068
ORD0000873,01-11-2022,CUST030454,Vihaan Joshi,P00045,Phone Tripod,Toys & Games,NexPro,5,508.94,0,203.58,12.96,2761.24,Credit Card,Delivered,Columbus,OH,United States,SELL01343
ORD0000874,15-09-2023,CUST042190,Kabir Reddy,P00041,Webcam Full HD,Clothing,KiddoFun,3,53.46,0.05,18.28,2.29,172.93,Net Banking,Delivered,Jacksonville,FL,United States,SELL00550
ORD0000875,05-01-2022,CUST004724,Aarav Reddy,P00034,Desk Organizer,Clothing,KiddoFun,1,520.46,0.15,79.63,8.21,530.23,Amazon Pay,Shipped,Chicago,IL,United States,SELL01776
ORD0000876,22-02-2022,CUST011009,Ritika Kumar,P00014,Drone Mini,Books,Zenith,2,271.04,0.2,21.68,7.82,463.16,Amazon Pay,Delivered,Washington,DC,United States,SELL01788
ORD0000877,25-08-2022,CUST011263,Arjun Gupta,P00019,LED Desk Lamp,Clothing,UrbanStyle,1,410.89,0.05,19.52,4.71,414.58,Debit Card,Pending,Chicago,IL,United States,SELL01424
ORD0000878,23-12-2020,CUST025577,Karan Sharma,P00045,Phone Tripod,Clothing,NexPro,5,297.01,0.15,151.48,7.01,1420.78,Credit Card,Delivered,Denver,CO,United States,SELL01507
ORD0000879,29-08-2022,CUST007567,Kabir Patel,P00049,Children's Book,Electronics,UrbanStyle,4,261.41,0.1,47.05,14.63,1002.76,Amazon Pay,Delivered,New York,NY,India,SELL01766
ORD0000880,02-12-2023,CUST009433,Sneha Kapoor,P00048,Wireless Charger,Electronics,Apex,5,510.26,0.05,121.19,1.85,2546.78,Debit Card,Shipped,Jacksonville,FL,Australia,SELL01519
ORD0000881,29-10-2021,CUST015403,Karan Singh,P00010,Smartwatch,Sports & Outdoors,UrbanStyle,2,110.53,0.15,9.4,6.03,203.33,Debit Card,Delivered,Denver,CO,India,SELL00881
ORD0000882,07-01-2021,CUST008648,Aditya Reddy,P00027,Winter Jacket,Clothing,CoreTech,1,46.84,0,2.34,5.78,54.96,UPI,Delivered,Charlotte,NC,United States,SELL00772
ORD0000883,28-10-2022,CUST028263,Vikas Verma,P00048,Wireless Charger,Home & Kitchen,ReadMore,1,509,0.05,38.68,14.37,536.6,Credit Card,Delivered,Houston,TX,United States,SELL01677
ORD0000884,19-02-2023,CUST015229,Aman Reddy,P00022,Water Bottle,Sports & Outdoors,KiddoFun,3,552.08,0,132.5,12.79,1801.53,Credit Card,Delivered,Denver,CO,United States,SELL00638
ORD0000885,03-10-2023,CUST048422,Aman Reddy,P00018,Vacuum Cleaner,Books,CoreTech,5,444.17,0.2,88.83,13.51,1879.02,Debit Card,Delivered,Columbus,OH,United Kingdom,SELL00584
ORD0000886,06-11-2021,CUST020479,Sahil Sharma,P00020,Office Chair,Home & Kitchen,Zenith,3,38.89,0.05,5.54,7.19,123.57,Debit Card,Delivered,San Diego,CA,United States,SELL00664
ORD0000887,30-03-2020,CUST034535,Sunita Joshi,P00025,Running Shoes,Books,NexPro,4,195.49,0,93.84,14.89,890.69,Amazon Pay,Delivered,Philadelphia,PA,United States,SELL01463
ORD0000888,29-07-2024,CUST026099,Vivaan Mehta,P00044,Power Bank 20000mAh,Books,ReadMore,3,209.44,0.25,0,1.46,472.7,UPI,Delivered,Seattle,WA,United States,SELL00805
ORD0000889,28-11-2021,CUST010478,Vikas Gupta,P00019,LED Desk Lamp,Sports & Outdoors,UrbanStyle,1,62.61,0.1,2.82,14.04,73.21,Amazon Pay,Delivered,Austin,TX,United States,SELL00212
ORD0000890,01-09-2023,CUST008107,Aarav Patel,P00034,Desk Organizer,Home & Kitchen,CoreTech,1,50.94,0.1,5.5,14.97,66.32,UPI,Delivered,Denver,CO,India,SELL00432
ORD0000891,16-04-2023,CUST042291,Aditya Patel,P00011,Fitness Band,Sports & Outdoors,Zenith,1,123.14,0.05,5.85,9.2,132.03,UPI,Pending,Dallas,TX,India,SELL01544
ORD0000892,23-06-2021,CUST035578,Sneha Verma,P00030,Dress Shirt,Clothing,CoreTech,4,542.23,0.05,164.84,5.4,2230.71,Amazon Pay,Pending,New York,NY,United States,SELL01279
ORD0000893,01-01-2022,CUST013902,Ritika Patel,P00033,Puzzle 1000pc,Clothing,UrbanStyle,5,543.42,0,135.85,6.09,2859.04,Amazon Pay,Delivered,Fort Worth,TX,United States,SELL01226
ORD0000894,18-05-2022,CUST032339,Arjun Sharma,P00022,Water Bottle,Electronics,KiddoFun,1,499.56,0.25,29.97,6.6,411.24,Credit Card,Cancelled,Chicago,IL,United States,SELL01502
ORD0000895,10-02-2020,CUST047258,Vikas Reddy,P00040,Microphone,Home & Kitchen,HomeEase,2,204.68,0.05,0,12.45,401.34,Credit Card,Delivered,Charlotte,NC,United Kingdom,SELL00443
ORD0000896,09-01-2022,CUST027366,Anjali Singh,P00025,Running Shoes,Home & Kitchen,ReadMore,5,9.4,0,3.76,4.74,55.5,Credit Card,Delivered,Charlotte,NC,India,SELL00526
ORD0000897,23-09-2024,CUST025697,Simran Joshi,P00038,External HDD 2TB,Home & Kitchen,NexPro,3,72.78,0,17.47,9.72,245.53,Credit Card,Delivered,Houston,TX,United States,SELL01517
ORD0000898,16-05-2021,CUST031918,Mohit Singh,P00038,External HDD 2TB,Books,Apex,5,214.19,0.25,40.16,12.06,855.43,Debit Card,Shipped,Washington,DC,United States,SELL00791
ORD0000899,16-08-2022,CUST041612,Aditya Joshi,P00002,Bluetooth Speaker,Clothing,HomeEase,4,433.87,0.2,69.42,11.28,1469.08,Credit Card,Delivered,San Jose,CA,United States,SELL00029
ORD0000900,14-03-2023,CUST037981,Vivaan Gupta,P00003,Smartphone Case,Books,HomeEase,4,375.83,0,120.27,12.07,1635.66,Debit Card,Delivered,San Antonio,TX,United States,SELL00204
ORD0000901,09-05-2023,CUST021132,Rohit Sharma,P00013,Action Camera,Clothing,UrbanStyle,5,355.75,0.15,120.96,6.78,1639.68,Debit Card,Shipped,New York,NY,United States,SELL00682
ORD0000902,17-07-2022,CUST042013,Rohit Sharma,P00037,Router,Sports & Outdoors,FitLife,3,243.82,0.1,79,13.53,750.84,Credit Card,Delivered,Denver,CO,United States,SELL01685
ORD0000903,13-10-2024,CUST009065,Anjali Gupta,P00005,Laptop Sleeve,Toys & Games,NexPro,1,9.73,0.05,0.46,5.93,15.63,UPI,Delivered,Phoenix,AZ,United States,SELL00466
ORD0000904,05-04-2021,CUST025661,Aman Mehta,P00041,Webcam Full HD,Sports & Outdoors,CoreTech,1,456.37,0,36.51,14.33,507.21,Credit Card,Delivered,Fort Worth,TX,India,SELL01257
ORD0000905,01-01-2022,CUST010281,Sahil Joshi,P00019,LED Desk Lamp,Sports & Outdoors,BrightLux,3,306.08,0.1,66.11,8.2,900.73,Debit Card,Delivered,Houston,TX,United Kingdom,SELL00338
ORD0000906,21-01-2022,CUST028142,Pooja Sharma,P00008,4K Monitor,Sports & Outdoors,CoreTech,3,346.32,0,83.12,13.1,1135.18,Amazon Pay,Delivered,Columbus,OH,India,SELL00355
ORD0000907,13-07-2022,CUST023188,Rohit Gupta,P00029,T-Shirt,Books,KiddoFun,1,379.17,0.15,16.11,13.58,351.98,Amazon Pay,Delivered,Phoenix,AZ,United States,SELL01833
ORD0000908,27-06-2022,CUST005934,Vikas Sharma,P00022,Water Bottle,Clothing,BrightLux,5,77.22,0,0,4.94,391.04,Net Banking,Delivered,Philadelphia,PA,India,SELL01961
ORD0000909,30-04-2024,CUST035575,Anjali Gupta,P00041,Webcam Full HD,Electronics,FitLife,3,591.17,0,212.82,9.48,1995.81,Credit Card,Shipped,Fort Worth,TX,United States,SELL01478
ORD0000910,19-04-2024,CUST042654,Vihaan Patel,P00036,Smart Light Bulb,Clothing,Apex,4,44.82,0,14.34,6.59,200.21,Debit Card,Delivered,San Diego,CA,Canada,SELL00142
ORD0000911,30-06-2023,CUST028637,Karan Mehta,P00047,Memory Card 128GB,Toys & Games,Zenith,4,547.36,0.05,166.4,9.69,2256.06,UPI,Shipped,Seattle,WA,Australia,SELL00654
ORD0000912,24-01-2021,CUST026919,Simran Mehta,P00048,Wireless Charger,Clothing,FitLife,4,329.98,0,158.39,11.62,1489.93,Amazon Pay,Shipped,Columbus,OH,United States,SELL00034
ORD0000913,05-06-2024,CUST012271,Anjali Singh,P00001,Wireless Earbuds,Books,Apex,1,540.33,0,43.23,3.41,586.97,Debit Card,Delivered,San Jose,CA,United Kingdom,SELL00969
ORD0000914,01-06-2022,CUST032502,Neha Joshi,P00039,Graphic Tablet,Home & Kitchen,Apex,5,540.43,0,324.26,12.47,3038.88,Credit Card,Delivered,Fort Worth,TX,United States,SELL00870
ORD0000915,12-09-2020,CUST013608,Vikas Reddy,P00012,Noise Cancelling Headphones,Electronics,BrightLux,3,528.51,0.1,114.16,6.75,1547.89,Cash on Delivery,Delivered,San Jose,CA,United States,SELL01679
ORD0000916,09-12-2021,CUST005299,Pooja Verma,P00007,Mechanical Keyboard,Sports & Outdoors,ReadMore,1,154.47,0.05,11.74,3.54,162.03,Credit Card,Pending,San Jose,CA,United States,SELL01293
ORD0000917,25-03-2021,CUST026882,Karan Verma,P00047,Memory Card 128GB,Clothing,BrightLux,1,536.38,0.1,86.89,9.49,579.12,Credit Card,Delivered,Columbus,OH,United States,SELL00449
ORD0000918,10-01-2020,CUST027354,Karan Kapoor,P00036,Smart Light Bulb,Home & Kitchen,BrightLux,1,576.5,0.1,62.26,10.88,591.99,UPI,Shipped,New York,NY,Canada,SELL00652
ORD0000919,03-04-2022,CUST003379,Mohit Reddy,P00015,Instant Pot,Books,Apex,5,82.39,0,20.6,12.4,444.95,Amazon Pay,Delivered,Houston,TX,India,SELL00986
ORD0000920,08-03-2022,CUST031864,Priya Patel,P00006,Gaming Mouse,Electronics,ReadMore,1,73.24,0.05,5.57,3.42,78.57,UPI,Delivered,Seattle,WA,United Kingdom,SELL01690
ORD0000921,19-06-2023,CUST025864,Vihaan Verma,P00041,Webcam Full HD,Electronics,CoreTech,4,103.58,0.1,18.64,8.36,399.89,UPI,Delivered,Houston,TX,United States,SELL00953
ORD0000922,28-06-2023,CUST043295,Anjali Gupta,P00024,Yoga Mat,Sports & Outdoors,HomeEase,4,296.88,0.1,53.44,1.53,1123.74,Amazon Pay,Delivered,Columbus,OH,Canada,SELL00632
ORD0000923,26-05-2022,CUST026151,Priya Joshi,P00013,Action Camera,Electronics,Zenith,3,32.54,0.1,0,12.4,100.26,UPI,Delivered,Columbus,OH,United States,SELL01470
ORD0000924,25-10-2022,CUST042172,Kabir Mehta,P00008,4K Monitor,Books,FitLife,3,398.07,0.25,44.78,5.64,946.08,Credit Card,Delivered,Denver,CO,United States,SELL01397
ORD0000925,16-02-2023,CUST043250,Mohit Joshi,P00027,Winter Jacket,Home & Kitchen,BrightLux,5,372.64,0.3,104.34,6.33,1414.91,Credit Card,Delivered,Austin,TX,United States,SELL01665
ORD0000926,12-10-2022,CUST034387,Vikas Joshi,P00002,Bluetooth Speaker,Toys & Games,FitLife,3,593.29,0.1,128.15,14.55,1744.58,Credit Card,Delivered,Denver,CO,United States,SELL01413
ORD0000927,29-12-2024,CUST008848,Vivaan Patel,P00011,Fitness Band,Home & Kitchen,FitLife,2,586.9,0,58.69,2.33,1234.82,Net Banking,Delivered,San Antonio,TX,United States,SELL01062
ORD0000928,08-01-2021,CUST043287,Kabir Mehta,P00032,Board Game,Books,Zenith,1,474.1,0.2,18.96,12.15,410.39,Credit Card,Delivered,Los Angeles,CA,United States,SELL01348
ORD0000929,24-12-2022,CUST033163,Pooja Sharma,P00041,Webcam Full HD,Books,KiddoFun,4,95.55,0.1,17.2,5.86,367.04,Credit Card,Delivered,Charlotte,NC,India,SELL00584
ORD0000930,25-05-2020,CUST033240,Aditya Mehta,P00047,Memory Card 128GB,Sports & Outdoors,UrbanStyle,2,236.84,0.25,28.42,9.26,392.94,Debit Card,Pending,Chicago,IL,United States,SELL00768
ORD0000931,11-08-2020,CUST030073,Vikas Reddy,P00020,Office Chair,Electronics,UrbanStyle,5,549.7,0.05,130.55,4.19,2745.82,Amazon Pay,Delivered,Denver,CO,United States,SELL00516
ORD0000932,16-06-2023,CUST009910,Mohit Sharma,P00049,Children's Book,Sports & Outdoors,HomeEase,5,62.9,0.1,33.97,7.71,324.73,Credit Card,Delivered,Indianapolis,IN,United States,SELL00317
ORD0000933,25-06-2020,CUST046026,Arjun Kapoor,P00014,Drone Mini,Books,NexPro,1,325.77,0.15,33.23,6.01,316.14,Credit Card,Delivered,San Jose,CA,India,SELL01054
ORD0000934,07-12-2024,CUST013637,Simran Sharma,P00042,Projector Mini,Books,FitLife,3,433.01,0.15,55.21,3.77,1163.16,Amazon Pay,Delivered,San Francisco,CA,United States,SELL00002
ORD0000935,02-05-2022,CUST004153,Arjun Verma,P00007,Mechanical Keyboard,Electronics,ReadMore,2,85.61,0,20.55,13.9,205.67,Amazon Pay,Delivered,Chicago,IL,United Kingdom,SELL01282
ORD0000936,29-07-2023,CUST031898,Sneha Patel,P00023,Cookware Set,Electronics,CoreTech,3,472.98,0.1,63.85,10.51,1351.41,Credit Card,Delivered,San Jose,CA,United States,SELL00362
ORD0000937,03-03-2020,CUST015964,Vikas Mehta,P00003,Smartphone Case,Electronics,ReadMore,2,211.1,0.05,20.05,2.83,423.97,Credit Card,Delivered,Chicago,IL,United States,SELL01122
ORD0000938,25-05-2023,CUST025040,Ritika Sharma,P00012,Noise Cancelling Headphones,Clothing,HomeEase,1,218.69,0.25,13.12,4.75,181.89,Credit Card,Shipped,San Antonio,TX,United States,SELL01950
ORD0000939,06-04-2022,CUST016986,Kabir Singh,P00038,External HDD 2TB,Home & Kitchen,Apex,5,526.08,0.15,0,8.12,2243.96,Credit Card,Shipped,Denver,CO,United States,SELL01194
ORD0000940,05-03-2022,CUST037380,Simran Patel,P00045,Phone Tripod,Clothing,Apex,5,162.2,0.05,0,13.53,783.98,Net Banking,Delivered,Phoenix,AZ,India,SELL00455
ORD0000941,19-11-2021,CUST035549,Vikas Joshi,P00043,HDMI Cable 2m,Toys & Games,UrbanStyle,1,160.53,0,12.84,14.07,187.44,Net Banking,Shipped,Denver,CO,United Kingdom,SELL00022
ORD0000942,24-01-2024,CUST023184,Aditya Kapoor,P00024,Yoga Mat,Books,UrbanStyle,5,434.27,0.2,0,9.69,1746.77,Debit Card,Delivered,Phoenix,AZ,United Kingdom,SELL01329
ORD0000943,21-06-2024,CUST049174,Arjun Reddy,P00034,Desk Organizer,Books,UrbanStyle,5,70.27,0.1,15.81,6.23,338.26,Credit Card,Delivered,Washington,DC,United States,SELL01698
ORD0000944,14-04-2020,CUST029376,Vikas Mehta,P00031,Kids Toy Car,Sports & Outdoors,CoreTech,4,493.36,0.15,83.87,9.56,1770.85,Net Banking,Delivered,San Francisco,CA,United States,SELL00808
ORD0000945,27-01-2023,CUST029579,Anjali Gupta,P00012,Noise Cancelling Headphones,Electronics,BrightLux,3,321.52,0,115.75,8.63,1088.94,Net Banking,Delivered,Fort Worth,TX,United States,SELL01910
ORD0000946,25-05-2021,CUST018858,Sneha Verma,P00050,Novel Bestseller,Sports & Outdoors,NexPro,1,233.92,0,28.07,6.1,268.09,Amazon Pay,Delivered,Houston,TX,Australia,SELL00855
ORD0000947,19-01-2021,CUST007407,Aarav Singh,P00019,LED Desk Lamp,Home & Kitchen,CoreTech,3,452.94,0.05,64.54,5.36,1360.78,Credit Card,Delivered,Houston,TX,United States,SELL00421
ORD0000948,08-02-2021,CUST030037,Neha Reddy,P00020,Office Chair,Books,FitLife,5,104.94,0,26.24,7.71,558.65,Debit Card,Cancelled,Washington,DC,India,SELL01596
ORD0000949,02-04-2022,CUST040999,Sunita Reddy,P00020,Office Chair,Books,BrightLux,3,469.04,0.1,63.32,7.86,1337.59,Debit Card,Delivered,Indianapolis,IN,United States,SELL00044
ORD0000950,01-06-2021,CUST020213,Vihaan Gupta,P00042,Projector Mini,Books,Zenith,1,499.05,0.3,62.88,6.73,418.94,Debit Card,Delivered,Denver,CO,United States,SELL00563
ORD0000951,20-04-2021,CUST045999,Pooja Joshi,P00038,External HDD 2TB,Home & Kitchen,ReadMore,3,388.75,0,139.95,4.57,1310.77,UPI,Delivered,Washington,DC,United States,SELL01323
ORD0000952,09-12-2021,CUST024214,Rohit Kapoor,P00038,External HDD 2TB,Sports & Outdoors,FitLife,1,297.12,0,14.86,6.85,318.83,Amazon Pay,Pending,Charlotte,NC,United States,SELL00840
ORD0000953,26-07-2024,CUST008222,Priya Joshi,P00047,Memory Card 128GB,Electronics,BrightLux,1,237.09,0,28.45,10.17,275.71,Debit Card,Delivered,New York,NY,United States,SELL01576
ORD0000954,09-02-2022,CUST023966,Rohit Verma,P00041,Webcam Full HD,Clothing,UrbanStyle,4,234.69,0,46.94,4.8,990.5,UPI,Shipped,San Antonio,TX,Australia,SELL01641
ORD0000955,31-12-2023,CUST002209,Arjun Verma,P00050,Novel Bestseller,Toys & Games,HomeEase,4,288.5,0.1,124.63,9.87,1173.1,Cash on Delivery,Pending,San Diego,CA,United States,SELL00987
ORD0000956,12-11-2022,CUST033384,Simran Singh,P00006,Gaming Mouse,Sports & Outdoors,NexPro,3,205.31,0,73.91,11.44,701.28,Credit Card,Delivered,San Antonio,TX,United States,SELL01227
ORD0000957,23-09-2022,CUST038558,Simran Verma,P00036,Smart Light Bulb,Books,CoreTech,3,151.82,0.15,0,5.61,392.75,Credit Card,Delivered,New York,NY,United States,SELL01367
ORD0000958,07-05-2024,CUST026933,Anjali Patel,P00001,Wireless Earbuds,Sports & Outdoors,FitLife,2,306.15,0.05,46.53,13.86,642.07,Debit Card,Delivered,Chicago,IL,United States,SELL00971
ORD0000959,07-11-2021,CUST022426,Aditya Reddy,P00021,Backpack,Books,FitLife,4,31.14,0,0,10.01,134.57,Credit Card,Returned,San Francisco,CA,United States,SELL01086
ORD0000960,14-12-2021,CUST002182,Sahil Gupta,P00005,Laptop Sleeve,Clothing,Apex,4,147.12,0.2,23.54,3.99,498.31,Net Banking,Delivered,New York,NY,United States,SELL00168
ORD0000961,21-01-2024,CUST020408,Priya Singh,P00013,Action Camera,Electronics,Apex,3,416.67,0.1,56.25,11.92,1193.18,UPI,Shipped,Seattle,WA,United States,SELL00440
ORD0000962,23-03-2020,CUST012324,Mohit Patel,P00030,Dress Shirt,Home & Kitchen,KiddoFun,4,371.94,0,74.39,5.94,1568.09,Amazon Pay,Delivered,Indianapolis,IN,United States,SELL00419
ORD0000963,14-03-2023,CUST045887,Aman Kumar,P00007,Mechanical Keyboard,Electronics,KiddoFun,1,453.85,0.2,43.57,2,408.65,Net Banking,Shipped,San Antonio,TX,United States,SELL01872
ORD0000964,13-01-2023,CUST040761,Vihaan Kumar,P00035,Desk Plant,Sports & Outdoors,BrightLux,4,530.36,0.2,84.86,10.1,1792.11,Debit Card,Delivered,Columbus,OH,United States,SELL00347
ORD0000965,06-01-2023,CUST032848,Arjun Kumar,P00014,Drone Mini,Toys & Games,NexPro,4,299.77,0.15,50.96,13.65,1083.83,Credit Card,Delivered,Charlotte,NC,United States,SELL01178
ORD0000966,01-04-2021,CUST029456,Neha Sharma,P00010,Smartwatch,Toys & Games,KiddoFun,1,273.78,0.05,20.81,11.19,292.09,Amazon Pay,Shipped,San Antonio,TX,United States,SELL01447
ORD0000967,01-01-2020,CUST044968,Vikas Reddy,P00038,External HDD 2TB,Toys & Games,HomeEase,1,516.11,0,25.81,5.39,547.31,Amazon Pay,Delivered,Indianapolis,IN,United States,SELL01770
ORD0000968,20-02-2020,CUST029109,Ritika Patel,P00024,Yoga Mat,Books,NexPro,4,278,0.2,71.17,13.7,974.47,UPI,Shipped,Los Angeles,CA,United States,SELL00355
ORD0000969,15-11-2021,CUST039899,Simran Reddy,P00044,Power Bank 20000mAh,Electronics,FitLife,2,466.37,0.1,67.16,6.31,912.94,Amazon Pay,Delivered,Indianapolis,IN,United States,SELL01765
ORD0000970,17-12-2021,CUST021624,Arjun Kapoor,P00018,Vacuum Cleaner,Books,NexPro,3,198.44,0,47.63,10.1,653.05,Credit Card,Delivered,Los Angeles,CA,United Kingdom,SELL01049
ORD0000971,30-11-2024,CUST045461,Aditya Verma,P00041,Webcam Full HD,Sports & Outdoors,NexPro,1,566.76,0,68.01,12.09,646.86,Credit Card,Shipped,Fort Worth,TX,United States,SELL00685
ORD0000972,09-01-2024,CUST012521,Priya Mehta,P00037,Router,Electronics,Apex,4,578.17,0,115.63,0.88,2429.19,Credit Card,Delivered,San Jose,CA,India,SELL01955
ORD0000973,24-03-2021,CUST000447,Neha Reddy,P00004,USB-C Charger,Home & Kitchen,FitLife,5,440.1,0.25,198.04,0.63,1849.04,Amazon Pay,Delivered,Phoenix,AZ,United Kingdom,SELL01924
ORD0000974,30-05-2022,CUST031147,Karan Mehta,P00025,Running Shoes,Electronics,KiddoFun,2,464.64,0.05,0,4.32,887.14,Net Banking,Shipped,Philadelphia,PA,United States,SELL01393
ORD0000975,02-05-2021,CUST013256,Ritika Verma,P00040,Microphone,Sports & Outdoors,CoreTech,3,232.1,0.2,27.85,7.52,592.41,UPI,Delivered,San Jose,CA,United States,SELL01099
ORD0000976,28-12-2024,CUST025628,Arjun Patel,P00050,Novel Bestseller,Toys & Games,KiddoFun,2,309.22,0,30.92,1.17,650.53,UPI,Delivered,Chicago,IL,United States,SELL00497
ORD0000977,03-02-2020,CUST038189,Aditya Joshi,P00048,Wireless Charger,Electronics,FitLife,1,452.51,0.2,28.96,13.73,404.7,Debit Card,Shipped,Fort Worth,TX,Australia,SELL01034
ORD0000978,03-10-2023,CUST009786,Simran Reddy,P00018,Vacuum Cleaner,Home & Kitchen,HomeEase,1,332.74,0,39.93,7.2,379.87,Debit Card,Returned,Jacksonville,FL,United States,SELL01754
ORD0000979,04-04-2020,CUST033747,Vikas Singh,P00022,Water Bottle,Electronics,FitLife,3,449.66,0,107.92,0.12,1457.02,Credit Card,Delivered,San Diego,CA,United States,SELL00244
ORD0000980,31-12-2022,CUST032797,Sahil Kapoor,P00011,Fitness Band,Toys & Games,KiddoFun,4,402.24,0,128.72,1.27,1738.95,Credit Card,Delivered,Columbus,OH,United States,SELL01066
ORD0000981,23-04-2024,CUST018809,Mohit Singh,P00031,Kids Toy Car,Electronics,BrightLux,1,210.25,0,10.51,1.21,221.97,Net Banking,Delivered,San Diego,CA,United Kingdom,SELL00865
ORD0000982,02-06-2020,CUST018358,Karan Reddy,P00029,T-Shirt,Home & Kitchen,FitLife,5,176.23,0,105.74,9.88,996.77,Amazon Pay,Shipped,Seattle,WA,Canada,SELL00560
ORD0000983,06-09-2020,CUST027961,Vivaan Verma,P00025,Running Shoes,Sports & Outdoors,FitLife,5,504.78,0,201.91,3.27,2729.08,Net Banking,Delivered,Houston,TX,United States,SELL01496
ORD0000984,04-11-2021,CUST016417,Aman Singh,P00029,T-Shirt,Sports & Outdoors,ReadMore,4,214.2,0,102.82,9.96,969.58,UPI,Delivered,Dallas,TX,India,SELL00632
ORD0000985,13-03-2021,CUST005056,Priya Singh,P00009,Portable SSD 1TB,Home & Kitchen,ReadMore,5,574.23,0,229.69,8.39,3109.23,Credit Card,Delivered,Washington,DC,United States,SELL01261
ORD0000986,27-04-2020,CUST035716,Mohit Patel,P00006,Gaming Mouse,Home & Kitchen,FitLife,5,94.26,0.05,0,11.49,459.22,Credit Card,Shipped,Columbus,OH,United States,SELL00162
ORD0000987,09-02-2022,CUST040437,Sneha Patel,P00007,Mechanical Keyboard,Home & Kitchen,NexPro,2,518.37,0,124.41,4.05,1165.2,Amazon Pay,Delivered,Indianapolis,IN,United States,SELL01352
ORD0000988,22-08-2023,CUST009488,Aman Gupta,P00016,Air Fryer,Electronics,Zenith,2,427.16,0,102.52,4.15,960.99,Net Banking,Delivered,Fort Worth,TX,Australia,SELL00540
ORD0000989,24-09-2020,CUST018933,Aditya Gupta,P00010,Smartwatch,Electronics,NexPro,5,498.31,0,199.32,12.95,2703.82,UPI,Delivered,Dallas,TX,United States,SELL00888
ORD0000990,13-12-2022,CUST041859,Rohit Reddy,P00048,Wireless Charger,Clothing,Apex,5,525.02,0.15,178.51,4.39,2414.24,Amazon Pay,Delivered,San Diego,CA,Australia,SELL00409
ORD0000991,23-08-2020,CUST004799,Pooja Singh,P00025,Running Shoes,Books,CoreTech,5,240.73,0.15,81.85,6.73,1111.68,Amazon Pay,Delivered,San Francisco,CA,United States,SELL01269
ORD0000992,23-01-2021,CUST018326,Priya Kapoor,P00023,Cookware Set,Home & Kitchen,NexPro,5,219.88,0.05,52.22,14.84,1111.49,Credit Card,Delivered,San Diego,CA,United States,SELL01558
ORD0000993,16-09-2022,CUST011346,Sahil Verma,P00038,External HDD 2TB,Electronics,HomeEase,1,202.33,0,10.12,9.1,221.55,Debit Card,Delivered,San Diego,CA,India,SELL00314
ORD0000994,23-10-2024,CUST043616,Aman Singh,P00010,Smartwatch,Home & Kitchen,FitLife,4,327.29,0.1,0,1.04,1179.28,Credit Card,Delivered,Charlotte,NC,United States,SELL00704
ORD0000995,01-02-2022,CUST003218,Ritika Kapoor,P00041,Webcam Full HD,Electronics,HomeEase,1,28.68,0,2.29,4.46,35.43,Amazon Pay,Delivered,Phoenix,AZ,United States,SELL00925
ORD0000996,04-02-2021,CUST023097,Arjun Singh,P00042,Projector Mini,Clothing,Zenith,3,205.85,0.05,46.93,4.11,637.71,Credit Card,Delivered,Denver,CO,United States,SELL00534
ORD0000997,15-09-2021,CUST029402,Kabir Kapoor,P00004,USB-C Charger,Home & Kitchen,Zenith,3,354.79,0,127.72,6.11,1198.2,Credit Card,Delivered,Denver,CO,United States,SELL00264
ORD0000998,05-02-2022,CUST044953,Anjali Kapoor,P00020,Office Chair,Clothing,Zenith,4,468.74,0.05,320.62,1.2,2103.03,Net Banking,Delivered,Austin,TX,United States,SELL00142
ORD0000999,19-08-2023,CUST039196,Vivaan Sharma,P00015,Instant Pot,Home & Kitchen,KiddoFun,4,44.82,0.05,13.63,0.53,184.48,UPI,Returned,Seattle,WA,United States,SELL01068
ORD0001000,07-07-2022,CUST049148,Aditya Sharma,P00034,Desk Organizer,Electronics,BrightLux,5,137.56,0,34.39,9.04,731.23,Net Banking,Returned,Denver,CO,United States,SELL00513
ORD0001001,15-05-2023,CUST027304,Ritika Gupta,P00011,Fitness Band,Books,Zenith,4,368.67,0.05,168.11,0.98,1570.04,Cash on Delivery,Delivered,San Diego,CA,Canada,SELL01225
ORD0001002,06-06-2023,CUST021399,Rohit Kapoor,P00045,Phone Tripod,Electronics,CoreTech,5,516.45,0.1,0,11.2,2335.22,Debit Card,Pending,Columbus,OH,United States,SELL01879
ORD0001003,02-05-2022,CUST039048,Karan Kapoor,P00014,Drone Mini,Toys & Games,KiddoFun,1,413.06,0.3,34.7,13.86,337.7,Debit Card,Delivered,San Jose,CA,Canada,SELL00676
ORD0001004,31-07-2021,CUST029325,Aarav Joshi,P00036,Smart Light Bulb,Books,UrbanStyle,3,468.4,0.2,56.21,11.26,1191.63,Debit Card,Delivered,Austin,TX,United States,SELL01304
ORD0001005,15-03-2020,CUST003244,Sahil Gupta,P00010,Smartwatch,Books,NexPro,2,55.14,0,5.51,6.13,121.92,Amazon Pay,Returned,San Francisco,CA,United States,SELL01881
ORD0001006,10-03-2021,CUST004985,Priya Joshi,P00008,4K Monitor,Clothing,FitLife,1,43.41,0.15,0,1.68,38.58,Credit Card,Pending,Phoenix,AZ,United States,SELL00766
ORD0001007,12-04-2020,CUST042543,Sneha Mehta,P00033,Puzzle 1000pc,Clothing,Zenith,3,290.87,0,104.71,13.95,991.27,Net Banking,Shipped,Dallas,TX,India,SELL01841
ORD0001008,16-12-2023,CUST023562,Priya Joshi,P00013,Action Camera,Electronics,BrightLux,2,67.07,0,24.15,0.48,158.77,Credit Card,Delivered,Fort Worth,TX,United States,SELL01234
ORD0001009,23-09-2024,CUST035113,Aditya Sharma,P00045,Phone Tripod,Electronics,CoreTech,2,469.05,0,75.05,13.01,1026.16,Debit Card,Delivered,San Francisco,CA,United States,SELL01921
ORD0001010,02-02-2022,CUST033098,Mohit Joshi,P00047,Memory Card 128GB,Electronics,FitLife,4,130.99,0.2,50.3,14.62,484.09,Amazon Pay,Shipped,Phoenix,AZ,United States,SELL00657
ORD0001011,07-01-2022,CUST022976,Karan Joshi,P00010,Smartwatch,Electronics,Apex,1,570.14,0.1,41.05,12.99,567.17,Debit Card,Delivered,Seattle,WA,India,SELL01188
ORD0001012,16-03-2022,CUST002264,Simran Kumar,P00021,Backpack,Home & Kitchen,Apex,4,92.44,0.1,26.62,10.62,370.02,Net Banking,Delivered,San Antonio,TX,United States,SELL01907
ORD0001013,22-08-2023,CUST005373,Anjali Kapoor,P00048,Wireless Charger,Electronics,ReadMore,2,97.79,0,0,10.97,206.55,UPI,Pending,Houston,TX,India,SELL00109
ORD0001014,07-04-2020,CUST020810,Arjun Patel,P00015,Instant Pot,Electronics,Apex,1,459.17,0,82.65,8.9,550.72,UPI,Delivered,Jacksonville,FL,United States,SELL00001
ORD0001015,08-03-2022,CUST035380,Anjali Patel,P00032,Board Game,Sports & Outdoors,KiddoFun,2,107.7,0.05,24.56,5.14,234.33,Credit Card,Delivered,Jacksonville,FL,United Kingdom,SELL01947
ORD0001016,20-09-2023,CUST030677,Sunita Singh,P00039,Graphic Tablet,Clothing,Apex,3,398.7,0.1,193.77,1.94,1272.2,Debit Card,Delivered,Indianapolis,IN,India,SELL00557
ORD0001017,08-05-2022,CUST038318,Vikas Reddy,P00043,HDMI Cable 2m,Sports & Outdoors,UrbanStyle,2,532.39,0.1,0,10.91,969.21,Credit Card,Shipped,San Jose,CA,Canada,SELL01727
ORD0001018,10-03-2021,CUST033851,Sahil Verma,P00049,Children's Book,Clothing,KiddoFun,2,57.14,0,9.14,3.49,126.91,Credit Card,Delivered,San Jose,CA,United Kingdom,SELL00074
ORD0001019,22-03-2021,CUST006320,Anjali Kumar,P00021,Backpack,Clothing,Apex,5,536.48,0.1,193.13,6.83,2614.12,UPI,Delivered,Charlotte,NC,United States,SELL00086
ORD0001020,24-08-2023,CUST046454,Simran Verma,P00001,Wireless Earbuds,Sports & Outdoors,HomeEase,3,484.75,0,174.51,14.71,1643.47,Credit Card,Delivered,San Antonio,TX,United States,SELL00258
ORD0001021,05-09-2020,CUST045030,Pooja Joshi,P00002,Bluetooth Speaker,Toys & Games,UrbanStyle,3,561.68,0,202.2,4.68,1891.92,Net Banking,Delivered,Seattle,WA,India,SELL01909
ORD0001022,14-06-2020,CUST012583,Sneha Singh,P00036,Smart Light Bulb,Clothing,Zenith,3,527.56,0.05,180.43,7.21,1691.19,Credit Card,Delivered,Washington,DC,United States,SELL00837
ORD0001023,13-02-2024,CUST046718,Vihaan Sharma,P00003,Smartphone Case,Home & Kitchen,Apex,4,149.12,0.1,42.95,11.75,591.53,UPI,Delivered,Charlotte,NC,India,SELL01081
ORD0001024,10-09-2022,CUST046634,Priya Mehta,P00042,Projector Mini,Books,CoreTech,4,298.28,0.15,50.71,5.83,1070.69,Amazon Pay,Shipped,Dallas,TX,United States,SELL01248
ORD0001025,20-09-2023,CUST014643,Kabir Mehta,P00002,Bluetooth Speaker,Books,BrightLux,2,222.57,0,53.42,10.41,508.97,Credit Card,Delivered,Houston,TX,Canada,SELL01987
ORD0001026,16-10-2022,CUST020274,Sneha Singh,P00021,Backpack,Books,KiddoFun,3,359.08,0,0,0.11,1077.35,Credit Card,Delivered,Houston,TX,United Kingdom,SELL01382
ORD0001027,25-06-2021,CUST036188,Anjali Kapoor,P00029,T-Shirt,Sports & Outdoors,ReadMore,5,422.14,0.05,240.62,1.82,2247.6,UPI,Delivered,Philadelphia,PA,United States,SELL01527
ORD0001028,28-01-2022,CUST004457,Anjali Kumar,P00038,External HDD 2TB,Books,Zenith,2,574.21,0.1,82.69,9.06,1125.33,Net Banking,Delivered,Dallas,TX,United States,SELL01237
ORD0001029,03-02-2023,CUST001790,Mohit Joshi,P00033,Puzzle 1000pc,Toys & Games,HomeEase,3,359.83,0.05,82.04,4.73,1112.29,UPI,Shipped,Houston,TX,Canada,SELL00213
ORD0001030,05-05-2024,CUST007234,Aman Joshi,P00004,USB-C Charger,Clothing,Zenith,3,212.52,0.15,27.1,14.61,583.64,Credit Card,Cancelled,Houston,TX,India,SELL01370
ORD0001031,21-03-2020,CUST019002,Neha Gupta,P00017,Electric Kettle,Electronics,Zenith,4,469.58,0,93.92,10.73,1982.97,Net Banking,Cancelled,Houston,TX,United States,SELL00324
ORD0001032,12-05-2020,CUST041599,Neha Sharma,P00035,Desk Plant,Books,BrightLux,3,112.91,0.1,0,8.25,313.11,Credit Card,Delivered,Philadelphia,PA,United Kingdom,SELL01533
ORD0001033,07-03-2022,CUST035332,Aditya Mehta,P00011,Fitness Band,Electronics,CoreTech,5,82.59,0.15,0,12.42,363.43,UPI,Delivered,Indianapolis,IN,United States,SELL00004
ORD0001034,18-06-2022,CUST043243,Aman Joshi,P00017,Electric Kettle,Sports & Outdoors,BrightLux,3,457.28,0.25,51.44,6.95,1087.27,Credit Card,Cancelled,San Antonio,TX,United States,SELL01053
ORD0001035,17-05-2020,CUST018865,Sneha Kumar,P00033,Puzzle 1000pc,Clothing,Apex,5,199.32,0,49.83,7,1053.43,Amazon Pay,Delivered,Jacksonville,FL,United States,SELL01420
ORD0001036,02-07-2020,CUST045443,Ritika Patel,P00048,Wireless Charger,Electronics,UrbanStyle,2,223.12,0,22.31,4.67,473.22,Net Banking,Delivered,San Francisco,CA,United States,SELL00881
ORD0001037,25-11-2023,CUST021536,Vivaan Sharma,P00045,Phone Tripod,Home & Kitchen,CoreTech,4,444.87,0.15,121,8.63,1642.19,UPI,Shipped,Charlotte,NC,United States,SELL00534
ORD0001038,15-09-2023,CUST027642,Priya Joshi,P00048,Wireless Charger,Books,ReadMore,3,268.54,0.15,0,7.92,692.7,Credit Card,Delivered,San Antonio,TX,United States,SELL01234
ORD0001039,23-02-2022,CUST022191,Kabir Joshi,P00003,Smartphone Case,Books,BrightLux,2,495.15,0.2,63.38,4.99,860.61,UPI,Delivered,San Jose,CA,United States,SELL00559
ORD0001040,11-03-2024,CUST001598,Priya Reddy,P00041,Webcam Full HD,Home & Kitchen,Apex,3,369.69,0.05,84.29,13.15,1151.06,Debit Card,Delivered,Austin,TX,Canada,SELL00449
ORD0001041,10-09-2022,CUST002274,Aarav Verma,P00006,Gaming Mouse,Toys & Games,Zenith,3,30.74,0.1,4.15,8.58,95.73,Amazon Pay,Delivered,Philadelphia,PA,United States,SELL01742
ORD0001042,09-03-2020,CUST022672,Karan Singh,P00015,Instant Pot,Electronics,HomeEase,1,340,0.1,24.48,0.41,330.89,Credit Card,Delivered,Austin,TX,United States,SELL00023
ORD0001043,29-06-2021,CUST026052,Pooja Patel,P00031,Kids Toy Car,Toys & Games,ReadMore,1,72.5,0.15,11.09,14.49,87.2,Amazon Pay,Delivered,San Diego,CA,India,SELL01255
ORD0001044,02-12-2024,CUST035548,Sunita Patel,P00010,Smartwatch,Sports & Outdoors,Apex,4,490.07,0,352.85,2,2315.13,Debit Card,Delivered,Denver,CO,Canada,SELL00393
ORD0001045,22-02-2020,CUST006890,Vivaan Mehta,P00042,Projector Mini,Home & Kitchen,UrbanStyle,4,321.59,0,231.54,13.79,1531.69,Debit Card,Delivered,Austin,TX,United States,SELL01317
ORD0001046,13-01-2024,CUST021894,Vivaan Kapoor,P00031,Kids Toy Car,Clothing,Zenith,2,170.45,0.1,55.23,9.2,371.24,Credit Card,Shipped,Chicago,IL,United States,SELL00954
ORD0001047,23-07-2020,CUST033515,Sahil Kumar,P00012,Noise Cancelling Headphones,Toys & Games,NexPro,2,192.48,0.25,51.97,4.94,345.63,Credit Card,Delivered,Seattle,WA,United States,SELL00197
ORD0001048,05-05-2020,CUST018794,Vikas Reddy,P00012,Noise Cancelling Headphones,Books,Apex,1,211.84,0,25.42,11.58,248.84,Credit Card,Returned,Denver,CO,Australia,SELL00214
ORD0001049,05-11-2024,CUST045377,Priya Verma,P00033,Puzzle 1000pc,Home & Kitchen,KiddoFun,5,584.78,0.1,315.78,6.18,2953.47,Debit Card,Delivered,Austin,TX,United States,SELL01125
ORD0001050,12-02-2020,CUST027216,Sunita Reddy,P00040,Microphone,Clothing,CoreTech,5,339.27,0,84.82,14.48,1795.65,Credit Card,Delivered,Chicago,IL,United States,SELL00308
ORD0001051,10-11-2024,CUST047177,Simran Reddy,P00019,LED Desk Lamp,Electronics,KiddoFun,5,573.49,0.15,0,9.11,2446.44,UPI,Shipped,Columbus,OH,United States,SELL00401
ORD0001052,20-04-2020,CUST022463,Pooja Kapoor,P00003,Smartphone Case,Toys & Games,Apex,1,424.1,0.05,48.35,12.6,463.84,Credit Card,Delivered,Indianapolis,IN,United States,SELL00225
ORD0001053,30-01-2022,CUST004945,Kabir Verma,P00028,Jeans,Toys & Games,NexPro,4,514.88,0,102.98,10.86,2173.36,Net Banking,Delivered,Dallas,TX,United States,SELL00807
ORD0001054,13-08-2024,CUST013794,Arjun Verma,P00006,Gaming Mouse,Clothing,UrbanStyle,5,47.68,0.05,11.32,9.05,246.85,Credit Card,Delivered,Philadelphia,PA,United States,SELL01510
ORD0001055,21-04-2023,CUST037120,Sunita Patel,P00010,Smartwatch,Clothing,KiddoFun,5,16.09,0,4.02,13.4,97.87,UPI,Delivered,Jacksonville,FL,United States,SELL01052
ORD0001056,27-04-2022,CUST038203,Anjali Reddy,P00007,Mechanical Keyboard,Sports & Outdoors,Apex,4,338.24,0.1,0,9.6,1227.26,UPI,Shipped,New York,NY,United States,SELL00869
ORD0001057,04-04-2020,CUST025439,Vikas Singh,P00013,Action Camera,Sports & Outdoors,ReadMore,2,409.85,0.05,62.3,13.76,854.78,Credit Card,Delivered,Indianapolis,IN,United States,SELL00706
ORD0001058,29-10-2023,CUST010402,Rohit Kapoor,P00027,Winter Jacket,Books,ReadMore,3,37.98,0.2,7.29,2.07,100.51,Debit Card,Delivered,Austin,TX,United States,SELL00234
ORD0001059,23-03-2024,CUST043301,Aman Mehta,P00047,Memory Card 128GB,Home & Kitchen,FitLife,3,170.62,0,61.42,13.85,587.13,Net Banking,Shipped,Phoenix,AZ,United States,SELL01722
ORD0001060,18-06-2022,CUST049314,Aman Sharma,P00042,Projector Mini,Sports & Outdoors,KiddoFun,4,536.49,0,107.3,1.04,2254.3,Debit Card,Delivered,Los Angeles,CA,Australia,SELL00863
ORD0001061,25-12-2020,CUST004013,Vivaan Sharma,P00027,Winter Jacket,Books,KiddoFun,2,305.76,0.1,99.07,13.04,662.48,Credit Card,Returned,Denver,CO,United States,SELL00885
ORD0001062,18-06-2022,CUST047973,Arjun Patel,P00028,Jeans,Sports & Outdoors,KiddoFun,4,178.75,0,57.2,9.83,782.03,UPI,Delivered,San Antonio,TX,India,SELL00478
ORD0001063,15-09-2024,CUST022145,Neha Reddy,P00019,LED Desk Lamp,Home & Kitchen,Apex,1,34.59,0.25,2.08,7.13,35.15,Credit Card,Delivered,Dallas,TX,India,SELL01814
ORD0001064,07-10-2020,CUST030270,Simran Singh,P00042,Projector Mini,Sports & Outdoors,CoreTech,5,506.41,0,202.56,1.51,2736.12,UPI,Delivered,Denver,CO,United States,SELL01870
ORD0001065,03-05-2023,CUST003215,Kabir Reddy,P00010,Smartwatch,Books,UrbanStyle,3,340.33,0,0,0.46,1021.45,UPI,Delivered,Houston,TX,India,SELL01979
ORD0001066,03-05-2023,CUST022751,Arjun Patel,P00040,Microphone,Toys & Games,NexPro,2,11.64,0.05,1.77,4.39,28.28,Credit Card,Delivered,New York,NY,United States,SELL01003
ORD0001067,28-10-2021,CUST045070,Kabir Patel,P00044,Power Bank 20000mAh,Books,UrbanStyle,5,11.84,0.15,0,11.83,62.15,Debit Card,Delivered,Los Angeles,CA,United States,SELL00518
ORD0001068,02-04-2020,CUST016236,Mohit Mehta,P00015,Instant Pot,Sports & Outdoors,HomeEase,4,130.38,0.15,53.2,8.4,504.89,Net Banking,Returned,Phoenix,AZ,Australia,SELL01003
ORD0001069,02-11-2021,CUST042594,Kabir Gupta,P00030,Dress Shirt,Home & Kitchen,CoreTech,1,67.7,0,12.19,1.6,81.49,Credit Card,Delivered,San Francisco,CA,United States,SELL01945
ORD0001070,01-03-2020,CUST016955,Ritika Patel,P00018,Vacuum Cleaner,Clothing,ReadMore,3,172.79,0,0,4.17,522.54,Net Banking,Delivered,Indianapolis,IN,India,SELL01124
ORD0001071,25-09-2021,CUST015540,Aman Reddy,P00012,Noise Cancelling Headphones,Electronics,FitLife,4,558.66,0.15,151.96,12.15,2063.55,Credit Card,Shipped,San Antonio,TX,United States,SELL01678
ORD0001072,10-12-2022,CUST028161,Sahil Joshi,P00039,Graphic Tablet,Electronics,Apex,2,554.23,0.25,99.76,6.2,937.3,Debit Card,Cancelled,San Diego,CA,United States,SELL01131
ORD0001073,27-11-2023,CUST046539,Ritika Gupta,P00008,4K Monitor,Sports & Outdoors,HomeEase,4,215.31,0,0,12.77,874.01,Debit Card,Delivered,Fort Worth,TX,United States,SELL00698
ORD0001074,17-12-2024,CUST003896,Neha Sharma,P00048,Wireless Charger,Clothing,Apex,1,435.67,0.2,17.43,12.03,378,Credit Card,Delivered,Fort Worth,TX,United States,SELL01053
ORD0001075,25-10-2022,CUST013957,Vikas Patel,P00017,Electric Kettle,Home & Kitchen,HomeEase,1,406.99,0.05,46.4,11.91,444.95,Credit Card,Delivered,San Antonio,TX,United States,SELL01372
ORD0001076,29-01-2024,CUST041746,Vihaan Mehta,P00021,Backpack,Books,Zenith,1,9.88,0,0.79,5.34,16.01,Credit Card,Pending,Seattle,WA,Australia,SELL01138
ORD0001077,26-08-2021,CUST044889,Ritika Gupta,P00044,Power Bank 20000mAh,Sports & Outdoors,UrbanStyle,1,127.05,0,15.25,0.81,143.11,UPI,Shipped,Seattle,WA,United States,SELL00740
ORD0001078,12-11-2021,CUST000823,Aarav Kapoor,P00033,Puzzle 1000pc,Clothing,HomeEase,4,23.95,0.15,6.51,0.25,88.19,Cash on Delivery,Delivered,Austin,TX,United States,SELL01741
ORD0001079,17-06-2021,CUST006627,Neha Gupta,P00016,Air Fryer,Electronics,FitLife,5,264.79,0.15,56.27,14.78,1196.41,Credit Card,Delivered,Charlotte,NC,United States,SELL01543
ORD0001080,29-11-2023,CUST026159,Ritika Kapoor,P00033,Puzzle 1000pc,Clothing,UrbanStyle,3,398.86,0,95.73,11.2,1303.51,Debit Card,Delivered,Los Angeles,CA,United States,SELL01573
ORD0001081,17-04-2022,CUST032495,Sneha Sharma,P00020,Office Chair,Home & Kitchen,KiddoFun,3,533.57,0.1,172.88,8.54,1622.06,Debit Card,Delivered,Houston,TX,Canada,SELL01800
ORD0001082,16-03-2024,CUST026866,Ritika Joshi,P00026,Sunglasses,Sports & Outdoors,KiddoFun,5,188.99,0,47.25,12.67,1004.87,Credit Card,Delivered,Philadelphia,PA,India,SELL01886
ORD0001083,06-10-2021,CUST007063,Mohit Reddy,P00044,Power Bank 20000mAh,Electronics,NexPro,2,372.91,0.2,47.73,10.34,654.73,Debit Card,Pending,Austin,TX,United States,SELL00565
ORD0001084,20-08-2020,CUST020757,Kabir Mehta,P00040,Microphone,Toys & Games,HomeEase,2,433.92,0,69.43,3.45,940.72,UPI,Cancelled,Los Angeles,CA,United States,SELL00657
ORD0001085,07-06-2021,CUST020125,Arjun Kumar,P00036,Smart Light Bulb,Electronics,FitLife,2,369.49,0,59.12,9.04,807.14,Credit Card,Delivered,San Diego,CA,India,SELL01050
ORD0001086,11-12-2020,CUST029884,Vivaan Kapoor,P00026,Sunglasses,Toys & Games,ReadMore,5,437.34,0.15,92.93,0.31,1951.93,Credit Card,Shipped,Washington,DC,United States,SELL01690
ORD0001087,05-12-2022,CUST035502,Vihaan Kumar,P00014,Drone Mini,Clothing,FitLife,4,475.49,0.05,144.55,13.78,1965.19,Credit Card,Delivered,Los Angeles,CA,United Kingdom,SELL00188
ORD0001088,29-06-2021,CUST022628,Aarav Joshi,P00045,Phone Tripod,Electronics,BrightLux,3,204.17,0,0,0.47,612.98,Credit Card,Delivered,San Jose,CA,United States,SELL01960
ORD0001089,06-01-2023,CUST045578,Anjali Mehta,P00033,Puzzle 1000pc,Books,CoreTech,4,334.21,0.05,152.4,1.37,1423.77,Amazon Pay,Delivered,Dallas,TX,United Kingdom,SELL01101
ORD0001090,19-10-2024,CUST044116,Arjun Mehta,P00008,4K Monitor,Toys & Games,Zenith,3,213.56,0,32.03,5.52,678.23,Credit Card,Shipped,Philadelphia,PA,United States,SELL00993
ORD0001091,01-01-2023,CUST005173,Rohit Mehta,P00026,Sunglasses,Home & Kitchen,CoreTech,3,475.74,0,71.36,1.64,1500.22,Cash on Delivery,Delivered,Fort Worth,TX,United States,SELL00150
ORD0001092,04-03-2022,CUST031871,Aman Kapoor,P00016,Air Fryer,Clothing,Zenith,2,421.58,0.1,60.71,10.8,830.35,Debit Card,Delivered,Dallas,TX,United States,SELL00908
ORD0001093,05-09-2020,CUST025223,Neha Sharma,P00016,Air Fryer,Books,NexPro,1,130.07,0.15,5.53,1.12,117.21,Debit Card,Delivered,Indianapolis,IN,United States,SELL01712
ORD0001094,16-02-2020,CUST042270,Arjun Reddy,P00029,T-Shirt,Electronics,Zenith,2,137.42,0,13.74,5.6,294.18,Credit Card,Delivered,Austin,TX,United States,SELL00036
ORD0001095,18-02-2023,CUST012343,Rohit Reddy,P00044,Power Bank 20000mAh,Toys & Games,ReadMore,1,289.38,0.15,19.68,10.61,276.26,Credit Card,Delivered,Chicago,IL,United States,SELL01658
ORD0001096,01-08-2020,CUST043764,Anjali Joshi,P00012,Noise Cancelling Headphones,Sports & Outdoors,BrightLux,3,104.16,0,15.62,10.24,338.34,Credit Card,Delivered,San Francisco,CA,United States,SELL01440
ORD0001097,26-08-2020,CUST021057,Aman Mehta,P00032,Board Game,Toys & Games,KiddoFun,4,105.47,0,0,7.05,428.93,Debit Card,Delivered,New York,NY,United Kingdom,SELL00567
ORD0001098,15-12-2022,CUST005141,Anjali Singh,P00047,Memory Card 128GB,Home & Kitchen,BrightLux,1,189.97,0.1,0,10.3,181.27,Credit Card,Delivered,Columbus,OH,United States,SELL00380
ORD0001099,15-12-2020,CUST047879,Simran Reddy,P00048,Wireless Charger,Books,KiddoFun,4,288.57,0.05,131.59,8.84,1237,Net Banking,Delivered,New York,NY,United States,SELL01406
ORD0001100,16-04-2020,CUST040236,Anjali Reddy,P00046,Car Charger,Sports & Outdoors,NexPro,4,163.5,0.05,111.83,0.35,733.48,Credit Card,Delivered,Indianapolis,IN,United States,SELL00399
ORD0001101,10-04-2022,CUST045892,Vikas Gupta,P00029,T-Shirt,Books,Zenith,4,512.28,0.1,92.21,2.85,1939.27,Debit Card,Delivered,Seattle,WA,United States,SELL01909
ORD0001102,17-02-2020,CUST006503,Kabir Joshi,P00035,Desk Plant,Home & Kitchen,NexPro,3,115.28,0.15,14.7,2.57,311.23,UPI,Delivered,Seattle,WA,United States,SELL00347
ORD0001103,15-05-2024,CUST024312,Rohit Kumar,P00029,T-Shirt,Toys & Games,BrightLux,4,193.25,0,61.84,0.43,835.27,Net Banking,Delivered,Los Angeles,CA,United Kingdom,SELL01898
ORD0001104,02-12-2020,CUST008335,Pooja Reddy,P00027,Winter Jacket,Sports & Outdoors,HomeEase,4,221.52,0,44.3,3.27,933.65,UPI,Delivered,Denver,CO,India,SELL00368
ORD0001105,15-11-2022,CUST004706,Priya Kumar,P00036,Smart Light Bulb,Electronics,Zenith,4,506.63,0.05,96.26,8.63,2030.08,Debit Card,Cancelled,Denver,CO,United States,SELL01504
ORD0001106,14-03-2022,CUST007170,Priya Gupta,P00050,Novel Bestseller,Books,HomeEase,3,278.38,0.1,0,8.67,760.3,Debit Card,Delivered,Fort Worth,TX,United States,SELL00318
ORD0001107,04-07-2023,CUST012645,Rohit Joshi,P00031,Kids Toy Car,Clothing,NexPro,3,281.84,0.05,96.39,3.44,903.07,Debit Card,Delivered,San Jose,CA,India,SELL01582
ORD0001108,08-01-2020,CUST049795,Anjali Joshi,P00033,Puzzle 1000pc,Toys & Games,KiddoFun,4,401.85,0.1,173.6,1.66,1621.92,Credit Card,Delivered,Dallas,TX,United States,SELL01268
ORD0001109,16-09-2021,CUST040624,Vikas Reddy,P00024,Yoga Mat,Sports & Outdoors,KiddoFun,1,192.69,0.3,16.19,1.46,152.53,Debit Card,Shipped,Austin,TX,United States,SELL00013
ORD0001110,30-06-2023,CUST004143,Pooja Gupta,P00045,Phone Tripod,Books,KiddoFun,1,273.09,0,0,3.67,276.76,Credit Card,Delivered,Denver,CO,India,SELL01505
ORD0001111,11-09-2024,CUST027377,Vihaan Kapoor,P00028,Jeans,Home & Kitchen,Apex,3,522.55,0.1,112.87,5.48,1529.24,Net Banking,Pending,Chicago,IL,United Kingdom,SELL01093
ORD0001112,19-12-2021,CUST025003,Sahil Mehta,P00009,Portable SSD 1TB,Toys & Games,NexPro,1,554.83,0,27.74,8.29,590.86,Credit Card,Delivered,Philadelphia,PA,India,SELL00750
ORD0001113,29-10-2020,CUST000868,Sunita Patel,P00040,Microphone,Clothing,BrightLux,4,84,0.2,21.5,14.44,304.74,UPI,Delivered,Austin,TX,United States,SELL00901
ORD0001114,30-09-2021,CUST002948,Arjun Gupta,P00027,Winter Jacket,Sports & Outdoors,Zenith,2,432.53,0,155.71,8.05,1028.82,UPI,Cancelled,Seattle,WA,India,SELL00740
ORD0001115,25-02-2020,CUST030244,Vivaan Gupta,P00033,Puzzle 1000pc,Clothing,FitLife,5,202.84,0.1,109.53,3.45,1025.76,Net Banking,Delivered,Los Angeles,CA,United States,SELL00631
ORD0001116,26-12-2021,CUST043859,Aditya Patel,P00046,Car Charger,Toys & Games,FitLife,4,56.01,0,40.33,13.29,277.66,Net Banking,Delivered,Philadelphia,PA,United States,SELL01400
ORD0001117,09-06-2021,CUST027490,Simran Gupta,P00022,Water Bottle,Toys & Games,BrightLux,5,352.33,0.25,158.55,7.38,1487.17,Cash on Delivery,Shipped,Dallas,TX,United States,SELL00411
ORD0001118,18-04-2021,CUST035508,Neha Kumar,P00021,Backpack,Books,FitLife,2,525.02,0.05,79.8,4.99,1082.33,Amazon Pay,Delivered,Jacksonville,FL,United States,SELL01581
ORD0001119,28-01-2020,CUST005037,Rohit Reddy,P00034,Desk Organizer,Toys & Games,BrightLux,4,426.76,0,85.35,12.34,1804.73,Cash on Delivery,Delivered,New York,NY,United States,SELL00408
ORD0001120,18-03-2020,CUST009779,Pooja Reddy,P00028,Jeans,Toys & Games,UrbanStyle,5,349.26,0,139.7,4.34,1890.34,Net Banking,Delivered,San Antonio,TX,United States,SELL01422
ORD0001121,24-05-2023,CUST031490,Pooja Singh,P00039,Graphic Tablet,Sports & Outdoors,BrightLux,4,461.75,0.25,166.23,14.34,1565.82,Credit Card,Delivered,Washington,DC,India,SELL00704
ORD0001122,10-11-2023,CUST016913,Vihaan Kapoor,P00022,Water Bottle,Books,HomeEase,5,139.38,0,125.44,0.65,822.99,Amazon Pay,Delivered,Denver,CO,United States,SELL00707
ORD0001123,30-12-2020,CUST003351,Ritika Kumar,P00035,Desk Plant,Electronics,Zenith,2,99.34,0.1,21.46,6.55,206.82,Credit Card,Delivered,Phoenix,AZ,Australia,SELL00937
ORD0001124,27-10-2021,CUST047276,Sneha Sharma,P00013,Action Camera,Toys & Games,NexPro,1,222.38,0,11.12,7.3,240.8,UPI,Delivered,Jacksonville,FL,United States,SELL00140
ORD0001125,09-06-2021,CUST042380,Aman Kumar,P00003,Smartphone Case,Clothing,CoreTech,5,505.95,0.15,172.02,7.26,2329.57,Net Banking,Delivered,San Diego,CA,United States,SELL01540
ORD0001126,29-11-2021,CUST004662,Sneha Sharma,P00046,Car Charger,Home & Kitchen,Apex,3,318.14,0.25,85.9,10.65,812.36,Net Banking,Delivered,San Francisco,CA,Canada,SELL00611
ORD0001127,28-08-2023,CUST008717,Vihaan Mehta,P00050,Novel Bestseller,Home & Kitchen,ReadMore,5,126.65,0.05,108.29,11.95,721.83,Credit Card,Shipped,Los Angeles,CA,United States,SELL01213
ORD0001128,01-06-2022,CUST044746,Anjali Joshi,P00022,Water Bottle,Home & Kitchen,CoreTech,1,442.31,0.1,71.65,9.38,479.11,Credit Card,Shipped,Chicago,IL,United States,SELL00418
ORD0001129,27-10-2022,CUST041924,Vihaan Singh,P00005,Laptop Sleeve,Toys & Games,ReadMore,1,339.25,0,16.96,6.1,362.31,Debit Card,Shipped,Los Angeles,CA,United Kingdom,SELL01267
ORD0001130,23-10-2022,CUST013639,Aarav Reddy,P00050,Novel Bestseller,Clothing,BrightLux,5,89.68,0.1,32.28,9.21,445.05,Debit Card,Pending,San Diego,CA,United States,SELL00757
ORD0001131,04-07-2024,CUST006902,Mohit Mehta,P00047,Memory Card 128GB,Electronics,UrbanStyle,2,104.69,0.25,7.85,3.35,168.24,Credit Card,Shipped,Los Angeles,CA,Canada,SELL01497
ORD0001132,07-07-2022,CUST034532,Neha Joshi,P00017,Electric Kettle,Clothing,FitLife,3,282.42,0.05,96.59,6.68,908.17,Credit Card,Delivered,Columbus,OH,United States,SELL01208
ORD0001133,19-01-2022,CUST026686,Rohit Gupta,P00012,Noise Cancelling Headphones,Home & Kitchen,KiddoFun,2,154.67,0.15,21.04,5.87,289.85,Debit Card,Delivered,Fort Worth,TX,United States,SELL00932
ORD0001134,28-12-2020,CUST046150,Anjali Gupta,P00018,Vacuum Cleaner,Books,KiddoFun,1,482.86,0,24.14,11.35,518.35,Net Banking,Delivered,Columbus,OH,United States,SELL01446
ORD0001135,09-11-2024,CUST030397,Vivaan Verma,P00026,Sunglasses,Clothing,FitLife,2,481.99,0.1,43.38,3.54,914.5,UPI,Pending,Chicago,IL,United States,SELL01198
ORD0001136,11-03-2024,CUST016881,Ritika Kumar,P00028,Jeans,Electronics,UrbanStyle,4,224.98,0.25,121.49,2.15,798.58,UPI,Delivered,Chicago,IL,United States,SELL01447
ORD0001137,21-07-2023,CUST019271,Sahil Sharma,P00018,Vacuum Cleaner,Sports & Outdoors,HomeEase,2,533.3,0,85.33,11.59,1163.52,Credit Card,Delivered,Seattle,WA,United States,SELL00422
ORD0001138,09-03-2024,CUST041168,Mohit Mehta,P00047,Memory Card 128GB,Toys & Games,CoreTech,5,500.49,0.1,180.18,7.6,2439.98,Debit Card,Delivered,Los Angeles,CA,United States,SELL01459
ORD0001139,16-03-2022,CUST005585,Mohit Sharma,P00014,Drone Mini,Home & Kitchen,HomeEase,4,541.77,0.05,247.05,13.24,2319.02,Credit Card,Shipped,Austin,TX,United States,SELL01457
ORD0001140,08-01-2022,CUST017886,Sunita Joshi,P00030,Dress Shirt,Electronics,FitLife,5,314.96,0,0,5.82,1580.62,Debit Card,Delivered,Washington,DC,Australia,SELL00966
ORD0001141,04-11-2022,CUST013443,Mohit Gupta,P00005,Laptop Sleeve,Home & Kitchen,KiddoFun,1,474.08,0.05,36.03,3.99,490.4,Credit Card,Delivered,Phoenix,AZ,United Kingdom,SELL01385
ORD0001142,30-04-2023,CUST027293,Vivaan Sharma,P00021,Backpack,Home & Kitchen,CoreTech,2,349.96,0.1,31.5,1.29,662.72,Amazon Pay,Delivered,Jacksonville,FL,United Kingdom,SELL00010
ORD0001143,12-07-2024,CUST015637,Priya Kapoor,P00045,Phone Tripod,Sports & Outdoors,BrightLux,2,369.02,0.05,56.09,4.33,761.56,Credit Card,Delivered,Charlotte,NC,United States,SELL01548
ORD0001144,29-04-2021,CUST006198,Kabir Verma,P00012,Noise Cancelling Headphones,Sports & Outdoors,BrightLux,4,200.46,0.15,54.53,12.79,748.88,Debit Card,Delivered,Indianapolis,IN,United States,SELL00233
ORD0001145,28-01-2020,CUST001780,Anjali Gupta,P00041,Webcam Full HD,Books,Apex,4,317.08,0,101.47,5.18,1374.97,Debit Card,Delivered,Phoenix,AZ,United States,SELL00231
ORD0001146,14-12-2021,CUST025990,Simran Reddy,P00014,Drone Mini,Clothing,BrightLux,3,549.06,0,0,3.35,1650.53,Net Banking,Delivered,Seattle,WA,Australia,SELL01086
ORD0001147,28-11-2022,CUST009081,Aman Joshi,P00014,Drone Mini,Sports & Outdoors,CoreTech,2,302.43,0,72.58,8.37,685.81,Credit Card,Delivered,Los Angeles,CA,United States,SELL01380
ORD0001148,20-07-2023,CUST006359,Arjun Reddy,P00021,Backpack,Sports & Outdoors,UrbanStyle,3,7.11,0.15,0.91,3.45,22.49,Credit Card,Delivered,Jacksonville,FL,Canada,SELL01661
ORD0001149,08-06-2023,CUST042994,Simran Gupta,P00022,Water Bottle,Books,FitLife,2,341.84,0.1,49.22,3.92,668.45,Amazon Pay,Delivered,San Jose,CA,India,SELL00747
ORD0001150,26-03-2020,CUST002502,Rohit Verma,P00014,Drone Mini,Home & Kitchen,FitLife,5,254.99,0.05,60.56,5.01,1276.77,Amazon Pay,Delivered,Denver,CO,India,SELL00977
ORD0001151,06-02-2024,CUST026317,Anjali Singh,P00050,Novel Bestseller,Sports & Outdoors,HomeEase,1,548.48,0.15,0,7.16,473.37,Credit Card,Shipped,Jacksonville,FL,United States,SELL01771
ORD0001152,05-05-2020,CUST020349,Simran Gupta,P00014,Drone Mini,Books,BrightLux,4,172.15,0.1,30.99,11.19,661.92,Cash on Delivery,Shipped,Columbus,OH,United States,SELL00731
ORD0001153,22-03-2022,CUST044745,Mohit Sharma,P00018,Vacuum Cleaner,Toys & Games,HomeEase,4,258.15,0.1,111.52,2.65,1043.51,Debit Card,Delivered,San Francisco,CA,United States,SELL00243
ORD0001154,20-06-2021,CUST031304,Anjali Gupta,P00020,Office Chair,Books,Zenith,1,450.46,0.05,34.23,6.81,468.98,UPI,Shipped,Seattle,WA,United States,SELL01974
ORD0001155,24-05-2020,CUST036973,Ritika Kumar,P00034,Desk Organizer,Clothing,HomeEase,3,569.33,0,307.44,3.41,2018.84,UPI,Delivered,Denver,CO,United States,SELL01796
ORD0001156,28-03-2024,CUST049179,Mohit Kapoor,P00048,Wireless Charger,Sports & Outdoors,FitLife,2,180.04,0,64.81,10.07,434.96,Credit Card,Delivered,Jacksonville,FL,United States,SELL00115
ORD0001157,20-05-2023,CUST031069,Sunita Mehta,P00037,Router,Sports & Outdoors,BrightLux,4,236.56,0.1,68.13,8.1,927.85,Cash on Delivery,Delivered,Washington,DC,United States,SELL00469
ORD0001158,25-01-2020,CUST042273,Aman Patel,P00044,Power Bank 20000mAh,Electronics,KiddoFun,2,534.71,0.15,45.45,8.01,962.47,Net Banking,Delivered,Chicago,IL,United States,SELL00539
ORD0001159,22-05-2024,CUST031237,Aditya Mehta,P00013,Action Camera,Books,UrbanStyle,2,498.4,0.25,37.38,8.49,793.47,Credit Card,Shipped,Los Angeles,CA,United Kingdom,SELL01568
ORD0001160,18-11-2023,CUST044518,Vihaan Singh,P00017,Electric Kettle,Books,FitLife,3,20.07,0.1,6.5,9.39,70.08,Credit Card,Delivered,Chicago,IL,United States,SELL01844
ORD0001161,07-03-2020,CUST044297,Arjun Joshi,P00001,Wireless Earbuds,Home & Kitchen,CoreTech,3,249.93,0,37.49,3.24,790.52,Net Banking,Delivered,Fort Worth,TX,United States,SELL00613
ORD0001162,20-08-2020,CUST010465,Anjali Kumar,P00013,Action Camera,Sports & Outdoors,FitLife,2,240.3,0.15,20.43,13.11,442.05,Debit Card,Pending,Columbus,OH,United States,SELL01131
ORD0001163,18-04-2020,CUST006006,Aarav Gupta,P00029,T-Shirt,Electronics,HomeEase,2,122.23,0,19.56,13.55,277.57,Credit Card,Delivered,Seattle,WA,United States,SELL01440
ORD0001164,15-03-2023,CUST013401,Sunita Kumar,P00036,Smart Light Bulb,Clothing,CoreTech,1,287.23,0,51.7,3.67,342.6,Credit Card,Delivered,San Diego,CA,United Kingdom,SELL00171
ORD0001165,20-04-2020,CUST013415,Simran Gupta,P00041,Webcam Full HD,Toys & Games,CoreTech,5,333.48,0.2,66.7,13.37,1413.99,Credit Card,Delivered,Denver,CO,United States,SELL01778
ORD0001166,15-08-2020,CUST008522,Anjali Gupta,P00019,LED Desk Lamp,Toys & Games,FitLife,3,197.82,0,47.48,6.97,647.91,Cash on Delivery,Delivered,Fort Worth,TX,United States,SELL01774
ORD0001167,20-04-2020,CUST006052,Ritika Kapoor,P00029,T-Shirt,Toys & Games,FitLife,2,68.73,0,11,9.13,157.59,Credit Card,Returned,Charlotte,NC,United States,SELL01279
ORD0001168,02-02-2024,CUST013437,Aarav Gupta,P00037,Router,Electronics,KiddoFun,4,569.19,0.05,173.03,5.67,2341.62,Amazon Pay,Delivered,San Jose,CA,United States,SELL00567
ORD0001169,03-02-2020,CUST004018,Vikas Kumar,P00042,Projector Mini,Toys & Games,NexPro,2,319.26,0,51.08,12.5,702.1,UPI,Delivered,San Antonio,TX,United States,SELL00907
ORD0001170,14-09-2021,CUST019389,Vivaan Verma,P00010,Smartwatch,Clothing,NexPro,4,538.94,0,107.79,6.7,2270.25,Credit Card,Delivered,Los Angeles,CA,United Kingdom,SELL00569
ORD0001171,04-12-2024,CUST027952,Simran Gupta,P00050,Novel Bestseller,Toys & Games,UrbanStyle,3,180.56,0.2,0,11.65,444.99,Amazon Pay,Delivered,Denver,CO,India,SELL00292
ORD0001172,24-10-2023,CUST022611,Mohit Mehta,P00018,Vacuum Cleaner,Electronics,FitLife,4,24.13,0.05,16.5,4.25,112.44,Debit Card,Delivered,Indianapolis,IN,India,SELL00377
ORD0001173,17-01-2022,CUST044807,Aman Gupta,P00004,USB-C Charger,Electronics,Apex,5,113.21,0.1,0,12.91,522.36,Net Banking,Delivered,Fort Worth,TX,United States,SELL01005
ORD0001174,17-08-2021,CUST005177,Vihaan Gupta,P00026,Sunglasses,Clothing,CoreTech,5,487.42,0,292.45,2.74,2732.29,Credit Card,Delivered,San Diego,CA,United States,SELL00917
ORD0001175,26-04-2024,CUST039711,Vikas Kapoor,P00013,Action Camera,Books,UrbanStyle,1,157.26,0.05,17.93,7.97,175.3,Credit Card,Delivered,Washington,DC,United States,SELL00409
ORD0001176,28-02-2021,CUST044409,Sneha Kumar,P00050,Novel Bestseller,Clothing,ReadMore,2,374.65,0,37.46,4.01,790.77,Credit Card,Delivered,Charlotte,NC,United States,SELL00512
ORD0001177,04-09-2021,CUST035003,Arjun Joshi,P00007,Mechanical Keyboard,Electronics,Zenith,5,241.91,0.05,137.89,12.56,1299.52,Amazon Pay,Delivered,Houston,TX,United States,SELL00367
ORD0001178,21-03-2024,CUST043487,Arjun Joshi,P00024,Yoga Mat,Toys & Games,CoreTech,4,427.15,0.05,194.78,6.62,1824.57,Net Banking,Delivered,San Diego,CA,United States,SELL00511
ORD0001179,22-11-2021,CUST043694,Kabir Patel,P00027,Winter Jacket,Electronics,HomeEase,4,144.61,0.15,24.58,0.19,516.44,Credit Card,Delivered,Los Angeles,CA,United States,SELL01461
ORD0001180,29-07-2023,CUST040273,Karan Reddy,P00011,Fitness Band,Toys & Games,FitLife,3,195.12,0.05,44.49,3.08,603.66,Amazon Pay,Delivered,Chicago,IL,India,SELL01531
ORD0001181,05-09-2023,CUST018255,Neha Reddy,P00047,Memory Card 128GB,Books,HomeEase,2,148.74,0.05,22.61,1.17,306.39,Credit Card,Delivered,New York,NY,United States,SELL00665
ORD0001182,27-10-2024,CUST028295,Rohit Kumar,P00037,Router,Books,FitLife,1,159.57,0.05,18.19,2.81,172.59,Cash on Delivery,Delivered,Fort Worth,TX,United States,SELL01946
ORD0001183,06-01-2024,CUST044126,Kabir Verma,P00030,Dress Shirt,Books,BrightLux,2,262.1,0.05,59.76,0.3,558.05,Credit Card,Delivered,Indianapolis,IN,United States,SELL00108
ORD0001184,10-11-2020,CUST038375,Aman Joshi,P00031,Kids Toy Car,Sports & Outdoors,KiddoFun,1,99.32,0.05,4.72,5.52,104.59,Debit Card,Delivered,New York,NY,United States,SELL00829
ORD0001185,26-05-2022,CUST010638,Aman Patel,P00003,Smartphone Case,Books,ReadMore,3,20.22,0.15,0,11.13,62.69,Cash on Delivery,Delivered,Indianapolis,IN,United States,SELL01997
ORD0001186,30-10-2024,CUST013151,Aditya Kapoor,P00040,Microphone,Toys & Games,Zenith,2,569.89,0.05,86.62,13.6,1183.01,Debit Card,Shipped,New York,NY,India,SELL01653
ORD0001187,01-11-2023,CUST009737,Vihaan Sharma,P00017,Electric Kettle,Home & Kitchen,ReadMore,4,66.34,0.1,0,4.17,242.99,Credit Card,Delivered,New York,NY,India,SELL00207
ORD0001188,05-08-2023,CUST022641,Sahil Reddy,P00038,External HDD 2TB,Clothing,BrightLux,5,164.48,0.1,133.23,6.14,879.53,Credit Card,Pending,Indianapolis,IN,India,SELL01603
ORD0001189,31-12-2023,CUST028794,Rohit Kapoor,P00021,Backpack,Toys & Games,Apex,4,456.31,0,91.26,9.85,1926.35,Net Banking,Delivered,San Jose,CA,United States,SELL01985
ORD0001190,23-10-2021,CUST038901,Sahil Singh,P00031,Kids Toy Car,Sports & Outdoors,HomeEase,1,386.93,0.1,27.86,14.87,390.97,UPI,Delivered,San Diego,CA,United Kingdom,SELL01224
ORD0001191,03-10-2020,CUST029058,Mohit Patel,P00032,Board Game,Sports & Outdoors,UrbanStyle,5,480.11,0,120.03,11.05,2531.63,Credit Card,Delivered,Seattle,WA,United States,SELL00760
ORD0001192,29-09-2024,CUST019798,Aman Joshi,P00037,Router,Sports & Outdoors,CoreTech,4,238.75,0.1,42.98,2.02,904.5,UPI,Delivered,San Jose,CA,United States,SELL01729
ORD0001193,24-05-2024,CUST007938,Vihaan Kumar,P00008,4K Monitor,Home & Kitchen,CoreTech,5,308.92,0.15,236.32,13.01,1562.24,Debit Card,Delivered,Columbus,OH,India,SELL00328
ORD0001194,06-03-2024,CUST007631,Ritika Joshi,P00016,Air Fryer,Sports & Outdoors,FitLife,1,165.58,0.1,0,10.34,159.36,Net Banking,Shipped,Los Angeles,CA,United States,SELL01242
ORD0001195,15-09-2021,CUST020166,Aditya Reddy,P00011,Fitness Band,Books,BrightLux,5,27.4,0,0,7.6,144.6,UPI,Pending,Los Angeles,CA,United States,SELL00404
ORD0001196,30-05-2021,CUST027006,Simran Sharma,P00009,Portable SSD 1TB,Electronics,CoreTech,4,126.97,0.25,30.47,3.87,415.25,Net Banking,Delivered,New York,NY,United States,SELL00029
ORD0001197,05-10-2023,CUST020086,Simran Singh,P00018,Vacuum Cleaner,Sports & Outdoors,KiddoFun,1,540.69,0,64.88,1.65,607.22,Amazon Pay,Delivered,Philadelphia,PA,United States,SELL01097
ORD0001198,22-04-2022,CUST041116,Aman Mehta,P00013,Action Camera,Electronics,Apex,1,570.21,0.3,0,14.95,414.1,Amazon Pay,Returned,Phoenix,AZ,India,SELL01373
ORD0001199,09-01-2024,CUST027776,Simran Kapoor,P00032,Board Game,Sports & Outdoors,NexPro,3,386.3,0.25,156.45,8.17,1033.8,Credit Card,Delivered,Austin,TX,Canada,SELL00590
ORD0001200,15-12-2020,CUST027691,Vivaan Reddy,P00030,Dress Shirt,Sports & Outdoors,Zenith,2,548.24,0.1,118.42,10.57,1115.82,Credit Card,Delivered,Charlotte,NC,United States,SELL00306
ORD0001201,18-06-2024,CUST017983,Simran Gupta,P00020,Office Chair,Sports & Outdoors,CoreTech,1,76.79,0,3.84,4.98,85.61,Net Banking,Delivered,Washington,DC,United States,SELL01091
ORD0001202,14-08-2024,CUST043389,Aarav Mehta,P00044,Power Bank 20000mAh,Toys & Games,FitLife,5,456.68,0.1,164.4,13.31,2232.77,Cash on Delivery,Delivered,Houston,TX,United States,SELL00258
ORD0001203,02-04-2022,CUST042641,Pooja Sharma,P00037,Router,Books,Zenith,4,476.13,0.3,159.98,8.6,1501.74,UPI,Delivered,New York,NY,United States,SELL00040
ORD0001204,06-03-2023,CUST027923,Rohit Kapoor,P00034,Desk Organizer,Electronics,FitLife,2,487.35,0.2,62.38,4.14,846.28,UPI,Delivered,San Francisco,CA,United States,SELL01180
ORD0001205,28-01-2022,CUST043397,Aditya Sharma,P00022,Water Bottle,Electronics,Zenith,4,516.11,0.1,92.9,12.54,1963.44,Credit Card,Delivered,Phoenix,AZ,United States,SELL01244
ORD0001206,17-06-2022,CUST033815,Karan Patel,P00037,Router,Home & Kitchen,FitLife,2,174.86,0.05,26.58,2.72,361.53,UPI,Shipped,Dallas,TX,United States,SELL00737
ORD0001207,30-08-2020,CUST020332,Aditya Reddy,P00006,Gaming Mouse,Sports & Outdoors,Apex,2,154.56,0.1,22.26,12.17,312.64,Credit Card,Delivered,Charlotte,NC,United States,SELL01105
ORD0001208,26-06-2021,CUST011648,Vivaan Verma,P00029,T-Shirt,Home & Kitchen,Zenith,3,430.69,0,0,10.83,1302.9,Net Banking,Delivered,Jacksonville,FL,United States,SELL01486
ORD0001209,29-11-2022,CUST015489,Neha Sharma,P00049,Children's Book,Toys & Games,Apex,2,248.57,0,59.66,2.81,559.61,Credit Card,Delivered,Dallas,TX,India,SELL01200
ORD0001210,16-08-2020,CUST003483,Priya Mehta,P00044,Power Bank 20000mAh,Toys & Games,ReadMore,2,590.28,0.1,127.5,3.74,1193.74,Amazon Pay,Delivered,Charlotte,NC,United States,SELL01758
ORD0001211,01-07-2021,CUST042795,Mohit Singh,P00004,USB-C Charger,Books,BrightLux,1,589.49,0.1,0,9.08,539.62,Credit Card,Delivered,Jacksonville,FL,United States,SELL00573
ORD0001212,08-07-2022,CUST027929,Karan Patel,P00010,Smartwatch,Toys & Games,ReadMore,2,317.41,0,31.74,3.19,669.75,Debit Card,Shipped,Chicago,IL,Canada,SELL00889
ORD0001213,31-05-2023,CUST007942,Sunita Joshi,P00046,Car Charger,Home & Kitchen,BrightLux,2,575.1,0,57.51,7.74,1215.45,Credit Card,Delivered,Seattle,WA,United States,SELL01227
ORD0001214,06-01-2020,CUST032996,Sunita Mehta,P00034,Desk Organizer,Clothing,ReadMore,3,567.66,0,204.36,7.18,1914.52,Debit Card,Delivered,San Antonio,TX,India,SELL00627
ORD0001215,07-09-2023,CUST019020,Aditya Reddy,P00019,LED Desk Lamp,Sports & Outdoors,BrightLux,5,32.24,0.1,26.11,7.37,178.56,UPI,Delivered,Seattle,WA,India,SELL00627
ORD0001216,12-04-2021,CUST036121,Arjun Patel,P00010,Smartwatch,Toys & Games,KiddoFun,3,377.76,0.05,129.19,6.56,1212.37,UPI,Shipped,Chicago,IL,India,SELL00266
ORD0001217,21-10-2024,CUST045770,Vihaan Singh,P00032,Board Game,Home & Kitchen,Zenith,1,164.95,0.05,28.21,8.56,193.47,Credit Card,Delivered,Los Angeles,CA,United States,SELL01232
ORD0001218,15-03-2020,CUST006775,Sahil Mehta,P00009,Portable SSD 1TB,Clothing,BrightLux,2,174.92,0.15,14.87,2.51,314.74,Credit Card,Delivered,Indianapolis,IN,United States,SELL00967
ORD0001219,04-01-2020,CUST035580,Aman Singh,P00018,Vacuum Cleaner,Clothing,HomeEase,4,144.65,0.1,62.49,10.74,593.97,UPI,Shipped,Columbus,OH,United States,SELL01377
ORD0001220,07-10-2021,CUST014970,Sneha Sharma,P00009,Portable SSD 1TB,Home & Kitchen,ReadMore,5,19.74,0.2,3.95,4.86,87.77,Amazon Pay,Delivered,New York,NY,United States,SELL00509
ORD0001221,27-04-2020,CUST015931,Aarav Gupta,P00011,Fitness Band,Electronics,HomeEase,3,327.96,0.05,0,6.52,941.21,UPI,Delivered,Denver,CO,United Kingdom,SELL00092
ORD0001222,30-05-2022,CUST023607,Simran Reddy,P00002,Bluetooth Speaker,Electronics,ReadMore,1,374.72,0.3,20.98,14.32,297.6,Debit Card,Delivered,Chicago,IL,United States,SELL01531
ORD0001223,17-06-2024,CUST040600,Karan Reddy,P00001,Wireless Earbuds,Clothing,KiddoFun,5,124.18,0.05,47.19,11.43,648.48,Credit Card,Delivered,Dallas,TX,India,SELL01989
ORD0001224,18-05-2021,CUST003403,Sunita Kumar,P00031,Kids Toy Car,Home & Kitchen,NexPro,1,469.5,0.05,22.3,1.69,470.02,Credit Card,Delivered,Austin,TX,Canada,SELL00693
ORD0001225,04-08-2022,CUST003736,Sneha Joshi,P00035,Desk Plant,Toys & Games,BrightLux,4,491.67,0.25,118,3.14,1596.15,Net Banking,Delivered,Fort Worth,TX,United States,SELL00200
ORD0001226,27-07-2021,CUST002435,Vikas Singh,P00041,Webcam Full HD,Clothing,HomeEase,5,327.63,0.05,77.81,13.82,1647.87,Credit Card,Delivered,Denver,CO,United States,SELL01297
ORD0001227,04-01-2024,CUST015016,Pooja Kumar,P00028,Jeans,Sports & Outdoors,CoreTech,1,117.2,0,5.86,14.47,137.53,Debit Card,Delivered,San Jose,CA,Canada,SELL01502
ORD0001228,12-07-2020,CUST003220,Vihaan Sharma,P00046,Car Charger,Clothing,UrbanStyle,3,411.05,0,98.65,12.56,1344.36,Debit Card,Delivered,Denver,CO,United States,SELL00476
ORD0001229,26-04-2022,CUST029015,Karan Kapoor,P00027,Winter Jacket,Home & Kitchen,Apex,5,132.38,0,119.14,1.45,782.49,Credit Card,Cancelled,New York,NY,India,SELL00433
ORD0001230,15-12-2021,CUST017532,Aarav Kumar,P00010,Smartwatch,Sports & Outdoors,Zenith,4,103.11,0.05,19.59,0.3,411.71,Debit Card,Delivered,Washington,DC,United States,SELL00872
ORD0001231,16-11-2023,CUST004836,Rohit Verma,P00017,Electric Kettle,Clothing,HomeEase,3,404.27,0.05,138.26,3.06,1293.49,Net Banking,Delivered,San Diego,CA,United States,SELL00937
ORD0001232,15-11-2022,CUST031053,Vihaan Kapoor,P00038,External HDD 2TB,Electronics,Apex,2,60.64,0,21.83,5.67,148.78,Debit Card,Delivered,Jacksonville,FL,United States,SELL00247
ORD0001233,29-12-2023,CUST028132,Vivaan Joshi,P00035,Desk Plant,Books,Zenith,2,464.81,0,46.48,12.09,988.19,Credit Card,Shipped,San Francisco,CA,India,SELL00291
ORD0001234,21-06-2020,CUST049858,Kabir Sharma,P00045,Phone Tripod,Sports & Outdoors,BrightLux,5,195.23,0.05,46.37,7.14,980.85,Debit Card,Delivered,Seattle,WA,United Kingdom,SELL00365
ORD0001235,16-08-2023,CUST011613,Sneha Sharma,P00026,Sunglasses,Home & Kitchen,CoreTech,1,300.15,0.05,34.22,1.15,320.51,Credit Card,Delivered,Fort Worth,TX,India,SELL01494
ORD0001236,26-07-2024,CUST010693,Sunita Joshi,P00026,Sunglasses,Clothing,Zenith,2,516.17,0.1,0,4.8,933.91,Amazon Pay,Shipped,Indianapolis,IN,United States,SELL00403
ORD0001237,21-11-2020,CUST006223,Sneha Reddy,P00004,USB-C Charger,Electronics,Zenith,2,362.98,0.1,117.61,6.11,777.08,Credit Card,Delivered,Austin,TX,United States,SELL01327
ORD0001238,04-12-2023,CUST010248,Rohit Sharma,P00010,Smartwatch,Sports & Outdoors,CoreTech,3,50.04,0,27.02,5.14,182.28,Net Banking,Delivered,San Francisco,CA,United States,SELL00234
ORD0001239,15-02-2023,CUST010082,Arjun Reddy,P00050,Novel Bestseller,Clothing,ReadMore,2,6.95,0.1,0.63,4.62,17.76,Debit Card,Delivered,San Diego,CA,United States,SELL00321
ORD0001240,15-04-2022,CUST018981,Priya Kumar,P00006,Gaming Mouse,Clothing,Zenith,1,409.23,0,0,6.43,415.66,Debit Card,Delivered,Fort Worth,TX,United States,SELL00026
ORD0001241,15-12-2024,CUST048986,Ritika Patel,P00014,Drone Mini,Home & Kitchen,ReadMore,3,223.94,0.05,31.91,7.97,678.11,Amazon Pay,Delivered,Chicago,IL,United States,SELL00047
ORD0001242,24-12-2021,CUST003529,Ritika Kapoor,P00001,Wireless Earbuds,Home & Kitchen,CoreTech,4,125.06,0.1,54.03,14.8,519.05,Net Banking,Shipped,Houston,TX,United States,SELL01950
ORD0001243,12-08-2020,CUST004808,Anjali Kumar,P00044,Power Bank 20000mAh,Home & Kitchen,FitLife,2,311.36,0.05,29.58,12.76,633.92,Credit Card,Delivered,New York,NY,United States,SELL00165
ORD0001244,15-06-2021,CUST014768,Priya Singh,P00028,Jeans,Electronics,CoreTech,1,10.79,0.05,0.51,2.6,13.36,Net Banking,Returned,Seattle,WA,United States,SELL01194
ORD0001245,22-04-2020,CUST041561,Aman Kumar,P00025,Running Shoes,Books,FitLife,1,352.6,0,17.63,9.62,379.85,Credit Card,Delivered,Washington,DC,United States,SELL00681
ORD0001246,19-05-2020,CUST027971,Karan Gupta,P00004,USB-C Charger,Books,CoreTech,5,37.71,0,33.94,5.95,228.44,Net Banking,Delivered,Houston,TX,United States,SELL00620
ORD0001247,12-07-2021,CUST013732,Pooja Sharma,P00003,Smartphone Case,Clothing,Apex,4,259.36,0.1,74.7,6.22,1014.62,Credit Card,Delivered,San Francisco,CA,United States,SELL01987
ORD0001248,01-01-2020,CUST030703,Sahil Kapoor,P00016,Air Fryer,Home & Kitchen,KiddoFun,4,578.26,0,416.35,4.87,2734.26,Cash on Delivery,Shipped,San Jose,CA,Australia,SELL01874
ORD0001249,30-03-2020,CUST044933,Mohit Mehta,P00031,Kids Toy Car,Clothing,Apex,1,159.57,0.05,7.58,7.99,167.16,Credit Card,Shipped,Austin,TX,United Kingdom,SELL01708
ORD0001250,15-10-2021,CUST000476,Sahil Joshi,P00004,USB-C Charger,Sports & Outdoors,Apex,4,560.1,0.1,241.96,0.23,2258.55,Net Banking,Delivered,New York,NY,United States,SELL00280
ORD0001251,15-11-2020,CUST029458,Vivaan Patel,P00019,LED Desk Lamp,Books,NexPro,5,409.24,0.3,114.59,5.21,1552.14,UPI,Shipped,Jacksonville,FL,United States,SELL00726
ORD0001252,22-04-2024,CUST041197,Sunita Reddy,P00050,Novel Bestseller,Books,FitLife,5,351.78,0.05,83.55,6.23,1760.73,UPI,Cancelled,Indianapolis,IN,India,SELL01896
ORD0001253,18-05-2020,CUST019211,Anjali Mehta,P00011,Fitness Band,Home & Kitchen,HomeEase,4,331.34,0,238.56,8.02,1571.94,Cash on Delivery,Returned,Seattle,WA,United Kingdom,SELL00802
ORD0001254,14-03-2024,CUST042628,Karan Singh,P00038,External HDD 2TB,Toys & Games,HomeEase,5,78.94,0.25,14.8,9.13,319.96,Debit Card,Delivered,Los Angeles,CA,Canada,SELL01409
ORD0001255,24-04-2022,CUST008574,Priya Mehta,P00044,Power Bank 20000mAh,Sports & Outdoors,HomeEase,4,215.07,0.2,82.59,6.7,777.51,Credit Card,Shipped,Seattle,WA,United States,SELL00195
ORD0001256,15-09-2020,CUST023956,Mohit Reddy,P00018,Vacuum Cleaner,Electronics,ReadMore,4,34.92,0,6.98,14.94,161.6,Net Banking,Delivered,Dallas,TX,United States,SELL00653
ORD0001257,23-08-2024,CUST003265,Neha Kumar,P00005,Laptop Sleeve,Sports & Outdoors,Apex,3,71.65,0.05,10.21,9.65,224.06,UPI,Delivered,Seattle,WA,United States,SELL00779
ORD0001258,20-06-2022,CUST045517,Sneha Gupta,P00034,Desk Organizer,Books,UrbanStyle,1,202.94,0.2,8.12,3.74,174.21,Credit Card,Delivered,San Jose,CA,United States,SELL00530
ORD0001259,20-11-2021,CUST045270,Arjun Joshi,P00018,Vacuum Cleaner,Sports & Outdoors,HomeEase,2,511.72,0,51.17,2.98,1077.59,Credit Card,Delivered,Austin,TX,United States,SELL00058
ORD0001260,10-01-2020,CUST003725,Vivaan Reddy,P00039,Graphic Tablet,Sports & Outdoors,FitLife,5,324.69,0,292.22,11.9,1927.57,Amazon Pay,Delivered,Seattle,WA,India,SELL00388
ORD0001261,17-09-2020,CUST018895,Karan Mehta,P00018,Vacuum Cleaner,Books,ReadMore,1,137.51,0,6.88,4.35,148.74,UPI,Delivered,San Diego,CA,United States,SELL01752
ORD0001262,31-07-2024,CUST025161,Sahil Reddy,P00023,Cookware Set,Home & Kitchen,NexPro,5,148.45,0.2,0,4.96,598.76,Credit Card,Delivered,Washington,DC,United States,SELL01954
ORD0001263,20-06-2020,CUST049667,Arjun Mehta,P00046,Car Charger,Home & Kitchen,BrightLux,2,226.23,0,54.3,0.17,506.93,Credit Card,Delivered,San Francisco,CA,United Kingdom,SELL00737
ORD0001264,16-06-2022,CUST003468,Sneha Gupta,P00023,Cookware Set,Clothing,KiddoFun,4,179.26,0.2,103.25,14.28,691.16,UPI,Delivered,San Jose,CA,United Kingdom,SELL01591
ORD0001265,13-01-2020,CUST032088,Rohit Patel,P00017,Electric Kettle,Electronics,UrbanStyle,1,376.02,0,30.08,10.18,416.28,Credit Card,Delivered,San Diego,CA,United States,SELL01975
ORD0001266,06-04-2023,CUST049362,Aditya Joshi,P00008,4K Monitor,Sports & Outdoors,ReadMore,2,350.13,0.05,79.83,4.71,749.79,Amazon Pay,Returned,Seattle,WA,United States,SELL00757
ORD0001267,23-07-2024,CUST023352,Vikas Verma,P00006,Gaming Mouse,Home & Kitchen,Apex,5,352.13,0.15,74.83,10.45,1581.83,Credit Card,Delivered,Indianapolis,IN,United States,SELL00357
ORD0001268,07-06-2024,CUST012772,Sahil Kumar,P00040,Microphone,Books,UrbanStyle,2,480.4,0,115.3,9.01,1085.11,Debit Card,Shipped,Fort Worth,TX,United States,SELL00191
ORD0001269,16-11-2020,CUST009945,Vivaan Gupta,P00042,Projector Mini,Toys & Games,CoreTech,5,545.93,0.15,417.64,7.91,2745.75,Credit Card,Delivered,Houston,TX,India,SELL00775
ORD0001270,04-09-2023,CUST016271,Sunita Kapoor,P00019,LED Desk Lamp,Toys & Games,FitLife,5,337.83,0.15,71.79,12.35,1519.92,Net Banking,Delivered,San Antonio,TX,United States,SELL01887
ORD0001271,24-06-2024,CUST020225,Kabir Sharma,P00044,Power Bank 20000mAh,Clothing,Zenith,1,63.52,0.05,4.83,6.04,71.21,UPI,Shipped,Jacksonville,FL,United States,SELL00799
ORD0001272,24-11-2020,CUST036808,Aditya Kumar,P00022,Water Bottle,Electronics,NexPro,2,504.28,0,121.03,0.03,1129.62,Net Banking,Delivered,New York,NY,United States,SELL00030
ORD0001273,23-02-2022,CUST038001,Ritika Reddy,P00009,Portable SSD 1TB,Clothing,NexPro,1,480.89,0,24.04,4.62,509.55,UPI,Delivered,Philadelphia,PA,United States,SELL00287
ORD0001274,15-02-2022,CUST020551,Rohit Joshi,P00007,Mechanical Keyboard,Toys & Games,KiddoFun,2,67.69,0.2,13,10.41,131.71,Net Banking,Delivered,San Antonio,TX,United States,SELL00192
ORD0001275,29-06-2022,CUST042467,Rohit Patel,P00008,4K Monitor,Electronics,NexPro,5,331.63,0,298.47,9.66,1966.28,UPI,Shipped,New York,NY,United Kingdom,SELL01130
ORD0001276,22-04-2024,CUST013926,Priya Sharma,P00038,External HDD 2TB,Toys & Games,KiddoFun,4,277.04,0.05,189.5,1.27,1243.52,Net Banking,Delivered,San Francisco,CA,United States,SELL01291
ORD0001277,13-12-2023,CUST001069,Rohit Kumar,P00002,Bluetooth Speaker,Electronics,BrightLux,3,488.86,0,175.99,14.4,1656.97,UPI,Delivered,San Antonio,TX,United States,SELL00050
ORD0001278,17-06-2024,CUST010896,Vihaan Joshi,P00042,Projector Mini,Toys & Games,Apex,4,353.37,0.15,60.07,3.17,1264.7,Credit Card,Shipped,San Diego,CA,Australia,SELL00888
ORD0001279,23-01-2023,CUST048763,Sneha Kapoor,P00050,Novel Bestseller,Electronics,BrightLux,1,587.68,0.1,26.45,10.23,565.59,Net Banking,Cancelled,New York,NY,United States,SELL01378
ORD0001280,23-05-2024,CUST036625,Rohit Mehta,P00029,T-Shirt,Books,NexPro,2,441.45,0.1,0,10.88,805.49,Debit Card,Delivered,Columbus,OH,United States,SELL01605
ORD0001281,13-11-2020,CUST018150,Sneha Reddy,P00045,Phone Tripod,Clothing,BrightLux,1,328.49,0,39.42,10.14,378.05,UPI,Pending,Philadelphia,PA,India,SELL00102
ORD0001282,23-08-2020,CUST039454,Anjali Gupta,P00019,LED Desk Lamp,Clothing,CoreTech,4,50.34,0,24.16,4.04,229.56,Amazon Pay,Delivered,Houston,TX,Canada,SELL00498
ORD0001283,29-11-2020,CUST043794,Sunita Joshi,P00033,Puzzle 1000pc,Sports & Outdoors,UrbanStyle,3,140.48,0.05,32.03,4.37,436.77,Credit Card,Delivered,Jacksonville,FL,United States,SELL01030
ORD0001284,10-01-2021,CUST015332,Sahil Patel,P00016,Air Fryer,Toys & Games,UrbanStyle,3,286.46,0.15,0,6.84,737.31,Amazon Pay,Returned,Denver,CO,United States,SELL01684
ORD0001285,22-01-2024,CUST004572,Priya Gupta,P00019,LED Desk Lamp,Sports & Outdoors,Zenith,4,13.87,0,2.77,5.58,63.83,Credit Card,Shipped,Houston,TX,United States,SELL01578
ORD0001286,06-03-2023,CUST016956,Vikas Reddy,P00035,Desk Plant,Electronics,KiddoFun,4,227.09,0.05,69.04,9,940.98,Cash on Delivery,Delivered,San Diego,CA,United Kingdom,SELL01129
ORD0001287,10-08-2021,CUST031467,Neha Joshi,P00007,Mechanical Keyboard,Clothing,UrbanStyle,2,552.15,0,132.52,13.78,1250.6,Credit Card,Shipped,Philadelphia,PA,United States,SELL00351
ORD0001288,19-04-2024,CUST029943,Vihaan Joshi,P00039,Graphic Tablet,Clothing,KiddoFun,2,407.69,0,65.23,10.04,890.65,UPI,Shipped,Indianapolis,IN,United States,SELL01793
ORD0001289,27-05-2021,CUST016379,Anjali Kumar,P00031,Kids Toy Car,Clothing,Zenith,2,391.41,0.05,0,12.3,755.98,Amazon Pay,Delivered,San Diego,CA,United States,SELL01398
ORD0001290,12-08-2023,CUST029264,Vikas Patel,P00014,Drone Mini,Clothing,Zenith,1,481.98,0.2,0,2.03,387.61,Net Banking,Delivered,San Diego,CA,Australia,SELL00898
ORD0001291,05-09-2023,CUST026150,Karan Sharma,P00007,Mechanical Keyboard,Books,Zenith,1,68.68,0,8.24,11.12,88.04,Credit Card,Delivered,Dallas,TX,United States,SELL01550
ORD0001292,06-07-2022,CUST012937,Ritika Kumar,P00009,Portable SSD 1TB,Sports & Outdoors,CoreTech,4,431.8,0.05,196.9,14.81,1852.55,Credit Card,Delivered,Chicago,IL,United States,SELL00975
ORD0001293,14-05-2024,CUST004562,Arjun Sharma,P00025,Running Shoes,Toys & Games,KiddoFun,1,478.17,0,86.07,11.02,575.26,Amazon Pay,Delivered,Philadelphia,PA,United States,SELL00445
ORD0001294,04-10-2023,CUST032993,Pooja Reddy,P00027,Winter Jacket,Books,KiddoFun,4,175.06,0,0,1.23,701.47,UPI,Shipped,Chicago,IL,United States,SELL00461
ORD0001295,07-12-2024,CUST043977,Ritika Kapoor,P00050,Novel Bestseller,Books,CoreTech,5,401.12,0.1,216.6,10.18,2031.82,Credit Card,Delivered,San Jose,CA,United States,SELL00052
ORD0001296,22-05-2022,CUST025134,Karan Gupta,P00025,Running Shoes,Sports & Outdoors,UrbanStyle,3,452.26,0,67.84,2.52,1427.14,Credit Card,Delivered,Dallas,TX,United States,SELL00912
ORD0001297,06-06-2023,CUST015020,Arjun Kumar,P00024,Yoga Mat,Clothing,HomeEase,1,9.56,0,0.48,3.24,13.28,Credit Card,Delivered,San Antonio,TX,United States,SELL01682
ORD0001298,26-09-2020,CUST038442,Anjali Kumar,P00028,Jeans,Toys & Games,ReadMore,1,578.89,0,28.94,12,619.83,Credit Card,Delivered,Indianapolis,IN,United States,SELL01066
ORD0001299,08-03-2022,CUST019913,Sunita Kapoor,P00043,HDMI Cable 2m,Clothing,UrbanStyle,4,399.62,0,79.92,2.3,1680.7,UPI,Delivered,Dallas,TX,United States,SELL01628
ORD0001300,07-08-2023,CUST014835,Sneha Joshi,P00004,USB-C Charger,Electronics,NexPro,5,82.71,0,33.08,11.6,458.23,Debit Card,Shipped,Dallas,TX,United States,SELL01979
ORD0001301,25-12-2021,CUST034666,Sahil Patel,P00019,LED Desk Lamp,Toys & Games,Zenith,5,389.89,0.25,116.97,6.28,1585.34,Credit Card,Shipped,Chicago,IL,United Kingdom,SELL00208
ORD0001302,03-04-2023,CUST035618,Pooja Joshi,P00032,Board Game,Home & Kitchen,UrbanStyle,4,215.5,0.25,51.72,14.93,713.15,Debit Card,Delivered,Denver,CO,United States,SELL00727
ORD0001303,05-01-2020,CUST033510,Neha Joshi,P00035,Desk Plant,Toys & Games,Zenith,5,213.36,0,85.34,9.74,1161.88,Net Banking,Delivered,Fort Worth,TX,United States,SELL00935
ORD0001304,30-04-2022,CUST010134,Mohit Patel,P00018,Vacuum Cleaner,Electronics,Apex,5,155.61,0,38.9,0.8,817.75,Credit Card,Delivered,Denver,CO,Australia,SELL01228
ORD0001305,03-11-2023,CUST008901,Mohit Singh,P00016,Air Fryer,Sports & Outdoors,KiddoFun,1,356.62,0,64.19,14.03,434.84,Debit Card,Delivered,San Diego,CA,Canada,SELL01510
ORD0001306,18-03-2020,CUST012481,Sahil Joshi,P00014,Drone Mini,Books,NexPro,5,450.96,0.05,107.1,12.45,2261.61,Debit Card,Delivered,San Francisco,CA,United States,SELL01033
ORD0001307,04-12-2023,CUST041114,Mohit Reddy,P00002,Bluetooth Speaker,Books,KiddoFun,1,322.05,0,0,8.28,330.33,Credit Card,Delivered,Phoenix,AZ,United States,SELL00038
ORD0001308,27-07-2021,CUST041426,Vivaan Reddy,P00030,Dress Shirt,Home & Kitchen,Apex,1,46.79,0.1,7.58,4.23,53.92,UPI,Delivered,San Antonio,TX,United States,SELL00539
ORD0001309,11-05-2020,CUST041527,Vivaan Verma,P00036,Smart Light Bulb,Clothing,UrbanStyle,2,294.29,0.25,22.07,4.66,468.17,Credit Card,Delivered,Washington,DC,United States,SELL00888
ORD0001310,23-08-2021,CUST036826,Vivaan Sharma,P00001,Wireless Earbuds,Sports & Outdoors,FitLife,3,399.08,0,143.67,9.13,1350.04,Credit Card,Delivered,Washington,DC,United States,SELL01052
ORD0001311,07-11-2024,CUST035583,Karan Singh,P00040,Microphone,Books,Zenith,1,89.75,0,10.77,11.42,111.94,Net Banking,Delivered,Columbus,OH,United States,SELL00717
ORD0001312,01-12-2022,CUST015375,Sneha Verma,P00015,Instant Pot,Home & Kitchen,FitLife,1,263.78,0.05,0,0.73,251.32,Amazon Pay,Shipped,New York,NY,United States,SELL01699
ORD0001313,29-03-2020,CUST038338,Arjun Sharma,P00009,Portable SSD 1TB,Books,HomeEase,4,271.03,0.05,82.39,0.19,1112.49,Credit Card,Delivered,Fort Worth,TX,Canada,SELL00482
ORD0001314,05-02-2021,CUST048821,Rohit Reddy,P00045,Phone Tripod,Clothing,HomeEase,3,7.85,0,0,5.05,28.6,UPI,Delivered,Philadelphia,PA,United States,SELL00367
ORD0001315,22-10-2020,CUST040971,Simran Patel,P00017,Electric Kettle,Books,CoreTech,2,503.42,0.1,0,12.86,919.02,Debit Card,Pending,Denver,CO,United States,SELL00704
ORD0001316,11-08-2023,CUST045626,Vivaan Kapoor,P00014,Drone Mini,Books,BrightLux,5,82.83,0,49.7,14.89,478.74,Debit Card,Delivered,Columbus,OH,United States,SELL01933
ORD0001317,07-09-2021,CUST017389,Kabir Joshi,P00033,Puzzle 1000pc,Books,UrbanStyle,1,346.7,0.15,0,6.48,301.18,Credit Card,Delivered,Los Angeles,CA,India,SELL01397
ORD0001318,29-03-2024,CUST045012,Neha Sharma,P00010,Smartwatch,Books,Zenith,3,534.09,0,80.11,0.2,1682.58,Credit Card,Delivered,Phoenix,AZ,United States,SELL00826
ORD0001319,10-03-2022,CUST026863,Aarav Reddy,P00049,Children's Book,Books,FitLife,3,529.73,0,286.05,14.72,1889.96,Credit Card,Delivered,Phoenix,AZ,United States,SELL01122
ORD0001320,10-09-2024,CUST037674,Sahil Mehta,P00043,HDMI Cable 2m,Books,Apex,3,425.65,0.1,206.87,5.46,1361.58,UPI,Shipped,Denver,CO,United States,SELL00582
ORD0001321,18-07-2024,CUST004945,Aarav Sharma,P00047,Memory Card 128GB,Clothing,NexPro,1,482.23,0,86.8,11.48,580.51,Cash on Delivery,Delivered,Jacksonville,FL,United States,SELL00524
ORD0001322,25-02-2021,CUST047301,Aman Gupta,P00014,Drone Mini,Books,FitLife,5,561.04,0.05,213.2,4.48,2882.62,Net Banking,Delivered,Los Angeles,CA,India,SELL00328
ORD0001323,12-11-2022,CUST039073,Sahil Gupta,P00005,Laptop Sleeve,Books,UrbanStyle,3,258.03,0.2,111.47,4.73,735.47,UPI,Shipped,Columbus,OH,United States,SELL01127
ORD0001324,28-07-2021,CUST033267,Aarav Reddy,P00026,Sunglasses,Sports & Outdoors,CoreTech,3,557.23,0.05,127.05,11.71,1726.87,Debit Card,Shipped,Houston,TX,United States,SELL00571
ORD0001325,22-05-2020,CUST039084,Karan Singh,P00031,Kids Toy Car,Toys & Games,CoreTech,3,555.58,0,133.34,2.02,1802.1,Credit Card,Delivered,Dallas,TX,United States,SELL00759
ORD0001326,19-09-2022,CUST039769,Vihaan Verma,P00001,Wireless Earbuds,Toys & Games,Apex,4,190.97,0.1,55,11.74,754.23,UPI,Delivered,Los Angeles,CA,United States,SELL00102
ORD0001327,26-10-2021,CUST029831,Aman Singh,P00049,Children's Book,Electronics,Apex,2,447.48,0.15,60.86,2.83,824.41,Amazon Pay,Delivered,Columbus,OH,United States,SELL01260
ORD0001328,24-05-2020,CUST043983,Sneha Kumar,P00021,Backpack,Electronics,UrbanStyle,5,423.11,0.1,95.2,3.57,2002.76,Credit Card,Delivered,Austin,TX,United States,SELL01196
ORD0001329,02-06-2023,CUST038708,Kabir Reddy,P00030,Dress Shirt,Books,HomeEase,4,51.21,0.05,23.35,5.9,223.85,UPI,Delivered,Austin,TX,United States,SELL00736
ORD0001330,03-10-2022,CUST012320,Pooja Patel,P00025,Running Shoes,Home & Kitchen,UrbanStyle,5,501.97,0.15,170.67,11.29,2315.33,Debit Card,Delivered,San Jose,CA,United States,SELL00444
ORD0001331,17-05-2021,CUST037159,Pooja Mehta,P00043,HDMI Cable 2m,Sports & Outdoors,Zenith,4,98.5,0.1,63.83,6.55,424.98,UPI,Delivered,San Jose,CA,United States,SELL00087
ORD0001332,31-03-2022,CUST046670,Aditya Patel,P00009,Portable SSD 1TB,Sports & Outdoors,Zenith,3,142.42,0.05,32.47,4.67,443.04,Amazon Pay,Shipped,Jacksonville,FL,United States,SELL01706
ORD0001333,27-06-2024,CUST040255,Sunita Joshi,P00008,4K Monitor,Clothing,Apex,2,352.04,0.1,31.68,14.47,679.82,Debit Card,Delivered,Indianapolis,IN,United Kingdom,SELL01806
ORD0001334,13-04-2020,CUST013844,Ritika Kumar,P00029,T-Shirt,Clothing,CoreTech,1,428.75,0,51.45,1.7,481.9,UPI,Delivered,Charlotte,NC,United States,SELL01745
ORD0001335,28-11-2022,CUST017936,Sneha Gupta,P00035,Desk Plant,Toys & Games,Apex,5,465.39,0.05,265.27,4.93,2480.8,Amazon Pay,Delivered,Austin,TX,Australia,SELL00669
ORD0001336,16-07-2020,CUST046238,Aditya Sharma,P00003,Smartphone Case,Clothing,HomeEase,5,213.34,0.05,81.07,11.6,1106.03,Credit Card,Delivered,Los Angeles,CA,United States,SELL00483
ORD0001337,27-07-2024,CUST046185,Aditya Mehta,P00023,Cookware Set,Electronics,NexPro,2,303.28,0,109.18,2.42,718.16,Credit Card,Delivered,Columbus,OH,United States,SELL01040
ORD0001338,01-08-2021,CUST044947,Sunita Mehta,P00007,Mechanical Keyboard,Home & Kitchen,ReadMore,4,255.5,0.05,116.51,1.97,1089.38,Amazon Pay,Delivered,Austin,TX,United States,SELL00283
ORD0001339,25-01-2021,CUST033494,Sahil Joshi,P00006,Gaming Mouse,Clothing,Apex,5,129.42,0,77.65,13.27,738.02,Net Banking,Delivered,Houston,TX,United States,SELL00140
ORD0001340,17-04-2023,CUST048485,Vivaan Sharma,P00046,Car Charger,Clothing,HomeEase,2,165.57,0.05,56.62,9.41,380.61,Net Banking,Delivered,Indianapolis,IN,United States,SELL01962
ORD0001341,07-07-2021,CUST004682,Mohit Verma,P00009,Portable SSD 1TB,Clothing,KiddoFun,3,375.82,0,90.2,14.13,1231.79,Credit Card,Delivered,San Jose,CA,United States,SELL00710
ORD0001342,11-01-2024,CUST006728,Neha Mehta,P00012,Noise Cancelling Headphones,Books,Apex,1,481.81,0,38.54,6,526.35,Net Banking,Delivered,Charlotte,NC,United States,SELL01570
ORD0001343,03-03-2024,CUST029405,Anjali Kapoor,P00007,Mechanical Keyboard,Books,UrbanStyle,2,365.53,0.2,29.24,10.57,624.66,Net Banking,Delivered,Dallas,TX,India,SELL01426
ORD0001344,04-11-2022,CUST004430,Vihaan Reddy,P00003,Smartphone Case,Sports & Outdoors,ReadMore,1,287.21,0.05,13.64,6.6,293.09,Amazon Pay,Delivered,Indianapolis,IN,United States,SELL00081
ORD0001345,04-07-2024,CUST046795,Vivaan Kumar,P00004,USB-C Charger,Sports & Outdoors,Apex,2,451.76,0,45.18,11.99,960.69,Debit Card,Delivered,Fort Worth,TX,United Kingdom,SELL00966
ORD0001346,19-08-2024,CUST023265,Rohit Kapoor,P00013,Action Camera,Home & Kitchen,Apex,5,64.2,0,16.05,7.62,344.67,Credit Card,Delivered,Dallas,TX,United States,SELL01624
ORD0001347,05-08-2023,CUST037226,Neha Gupta,P00024,Yoga Mat,Clothing,ReadMore,2,342.04,0,54.73,7.22,746.03,Amazon Pay,Shipped,San Francisco,CA,Canada,SELL01453
ORD0001348,22-04-2021,CUST000935,Vivaan Verma,P00050,Novel Bestseller,Home & Kitchen,Zenith,1,290.72,0,0,13.08,303.8,Credit Card,Delivered,Dallas,TX,India,SELL00987
ORD0001349,08-06-2023,CUST009265,Pooja Reddy,P00021,Backpack,Electronics,Apex,2,129.19,0.05,44.18,10.6,300.24,Debit Card,Delivered,Washington,DC,United States,SELL00086
ORD0001350,11-07-2022,CUST015973,Ritika Sharma,P00026,Sunglasses,Books,CoreTech,3,178.57,0,26.79,4.64,567.14,Amazon Pay,Delivered,Fort Worth,TX,United States,SELL01949
ORD0001351,23-02-2021,CUST032120,Mohit Patel,P00048,Wireless Charger,Toys & Games,FitLife,4,435.23,0,87.05,3.14,1831.11,Credit Card,Delivered,Jacksonville,FL,United States,SELL01811
ORD0001352,05-06-2020,CUST037354,Aarav Kumar,P00013,Action Camera,Sports & Outdoors,BrightLux,4,305.35,0,61.07,2.43,1284.9,Net Banking,Returned,Chicago,IL,Canada,SELL00659
ORD0001353,03-07-2021,CUST036581,Ritika Singh,P00024,Yoga Mat,Home & Kitchen,BrightLux,5,506.57,0.05,288.74,13.65,2708.6,Debit Card,Delivered,San Antonio,TX,India,SELL01069
ORD0001354,04-01-2024,CUST045189,Sunita Verma,P00038,External HDD 2TB,Sports & Outdoors,BrightLux,3,22.85,0.1,4.94,9.35,75.99,UPI,Delivered,Seattle,WA,India,SELL01369
ORD0001355,25-01-2023,CUST033641,Priya Singh,P00045,Phone Tripod,Clothing,HomeEase,3,217.65,0,78.35,9.02,740.32,Credit Card,Delivered,Denver,CO,United States,SELL01086
ORD0001356,17-10-2022,CUST024875,Ritika Kumar,P00023,Cookware Set,Toys & Games,ReadMore,4,181.98,0.2,69.88,2.51,654.73,Credit Card,Delivered,Philadelphia,PA,United States,SELL00818
ORD0001357,23-09-2022,CUST003269,Ritika Mehta,P00022,Water Bottle,Home & Kitchen,NexPro,2,153.75,0.1,33.21,13.35,323.31,Credit Card,Shipped,Charlotte,NC,United States,SELL01976
ORD0001358,05-12-2023,CUST012031,Sahil Patel,P00026,Sunglasses,Sports & Outdoors,ReadMore,5,373.93,0.15,79.46,1.17,1669.83,Credit Card,Delivered,Austin,TX,United States,SELL00121
ORD0001359,08-08-2022,CUST003985,Sunita Singh,P00008,4K Monitor,Home & Kitchen,KiddoFun,2,277.83,0,44.45,11.71,611.82,Amazon Pay,Delivered,Austin,TX,India,SELL01119
ORD0001360,15-10-2020,CUST023925,Aditya Reddy,P00035,Desk Plant,Clothing,BrightLux,4,491.69,0,236.01,11.62,2214.39,Credit Card,Delivered,Phoenix,AZ,India,SELL01499
ORD0001361,01-07-2023,CUST038042,Vikas Sharma,P00012,Noise Cancelling Headphones,Home & Kitchen,FitLife,2,36.2,0,8.69,10.76,91.85,Net Banking,Delivered,Chicago,IL,United States,SELL01597
ORD0001362,14-07-2020,CUST024770,Vihaan Mehta,P00039,Graphic Tablet,Home & Kitchen,CoreTech,3,307.08,0.3,32.24,6.64,683.75,UPI,Delivered,Dallas,TX,Australia,SELL00416
ORD0001363,20-08-2021,CUST014734,Sneha Verma,P00037,Router,Electronics,FitLife,5,123.31,0,110.98,6.37,733.9,Credit Card,Delivered,Charlotte,NC,Australia,SELL01293
ORD0001364,25-03-2024,CUST018820,Anjali Kapoor,P00028,Jeans,Clothing,CoreTech,4,127.48,0.15,34.67,13.23,481.33,Credit Card,Delivered,Jacksonville,FL,India,SELL01095
ORD0001365,31-05-2021,CUST047747,Kabir Kapoor,P00045,Phone Tripod,Home & Kitchen,ReadMore,4,12.23,0.1,3.52,5.14,52.69,UPI,Delivered,Phoenix,AZ,Australia,SELL00424
ORD0001366,16-07-2024,CUST043343,Sunita Patel,P00048,Wireless Charger,Sports & Outdoors,Zenith,1,158.49,0.25,21.4,1.63,141.9,UPI,Delivered,Los Angeles,CA,United Kingdom,SELL00583
ORD0001367,14-05-2022,CUST049520,Aarav Gupta,P00001,Wireless Earbuds,Books,ReadMore,1,454.74,0.2,29.1,1.35,394.24,Credit Card,Delivered,Jacksonville,FL,United States,SELL01912
ORD0001368,15-02-2023,CUST032234,Simran Joshi,P00042,Projector Mini,Toys & Games,HomeEase,4,409.4,0,196.51,6.03,1840.14,Credit Card,Delivered,Charlotte,NC,United States,SELL01531
ORD0001369,16-03-2022,CUST018994,Sneha Patel,P00014,Drone Mini,Electronics,Apex,2,314.03,0.1,67.83,4.43,637.51,Net Banking,Delivered,Houston,TX,United States,SELL01421
ORD0001370,28-03-2023,CUST007616,Sahil Mehta,P00010,Smartwatch,Electronics,CoreTech,1,468.97,0.1,50.65,5.46,478.18,UPI,Delivered,San Jose,CA,United States,SELL00889
ORD0001371,25-03-2022,CUST023507,Karan Singh,P00008,4K Monitor,Sports & Outdoors,ReadMore,4,75.39,0.25,40.71,12.95,279.83,UPI,Returned,Chicago,IL,India,SELL00377
ORD0001372,15-08-2020,CUST029410,Ritika Mehta,P00045,Phone Tripod,Home & Kitchen,UrbanStyle,3,163.28,0,88.17,4.17,582.18,Amazon Pay,Delivered,Charlotte,NC,United States,SELL01881
ORD0001373,03-08-2020,CUST007946,Aditya Kapoor,P00007,Mechanical Keyboard,Sports & Outdoors,HomeEase,1,588.99,0.1,63.61,0.06,593.76,Credit Card,Shipped,New York,NY,Canada,SELL00580
ORD0001374,05-08-2022,CUST014845,Priya Kumar,P00023,Cookware Set,Sports & Outdoors,Zenith,1,434.13,0,21.71,6.36,462.2,Credit Card,Delivered,Philadelphia,PA,Australia,SELL00836
ORD0001375,15-09-2024,CUST027320,Aditya Verma,P00003,Smartphone Case,Toys & Games,FitLife,5,246.18,0.05,58.47,7.68,1235.51,Debit Card,Delivered,Houston,TX,United States,SELL01647
ORD0001376,15-01-2020,CUST018274,Pooja Singh,P00024,Yoga Mat,Sports & Outdoors,CoreTech,1,253.16,0.1,11.39,5.86,245.09,Amazon Pay,Delivered,Indianapolis,IN,United States,SELL01779
ORD0001377,26-03-2023,CUST025104,Sunita Singh,P00016,Air Fryer,Clothing,Apex,3,359.13,0,86.19,2.29,1165.87,Debit Card,Delivered,Philadelphia,PA,United States,SELL01326
ORD0001378,29-07-2024,CUST048933,Sunita Patel,P00045,Phone Tripod,Sports & Outdoors,NexPro,2,12.11,0.15,0,2.21,22.8,Credit Card,Delivered,Phoenix,AZ,United States,SELL00290
ORD0001379,08-07-2023,CUST032241,Vikas Verma,P00022,Water Bottle,Clothing,KiddoFun,1,426.52,0.05,72.93,9.48,487.6,Credit Card,Returned,San Diego,CA,United States,SELL01823
ORD0001380,26-03-2023,CUST024854,Aditya Sharma,P00004,USB-C Charger,Sports & Outdoors,ReadMore,3,42.53,0.05,6.06,6.62,133.89,Credit Card,Delivered,Austin,TX,India,SELL00499
ORD0001381,16-02-2020,CUST045484,Priya Joshi,P00029,T-Shirt,Books,CoreTech,5,303.37,0.15,64.47,10.78,1364.57,Amazon Pay,Delivered,Seattle,WA,United States,SELL01942
ORD0001382,19-11-2020,CUST016713,Vikas Gupta,P00014,Drone Mini,Electronics,FitLife,1,376.67,0,18.83,9.83,405.33,Debit Card,Delivered,Houston,TX,United States,SELL01335
ORD0001383,23-04-2022,CUST001024,Vihaan Singh,P00049,Children's Book,Books,FitLife,1,366.48,0.1,26.39,14.85,371.07,Credit Card,Delivered,Philadelphia,PA,United States,SELL01439
ORD0001384,04-09-2024,CUST041724,Aditya Singh,P00010,Smartwatch,Sports & Outdoors,Zenith,2,541.81,0.1,175.55,10.19,1161,Credit Card,Delivered,San Diego,CA,United States,SELL01258
ORD0001385,09-05-2020,CUST049185,Karan Joshi,P00020,Office Chair,Sports & Outdoors,KiddoFun,1,137.61,0,11.01,14.77,163.39,Credit Card,Delivered,Seattle,WA,United States,SELL01724
ORD0001386,05-12-2023,CUST047224,Sahil Reddy,P00044,Power Bank 20000mAh,Clothing,KiddoFun,2,117.71,0.05,11.18,10.21,245.04,Credit Card,Delivered,Seattle,WA,United Kingdom,SELL00980
ORD0001387,04-04-2020,CUST035937,Aman Mehta,P00020,Office Chair,Clothing,ReadMore,3,405.8,0,60.87,3.63,1281.9,Net Banking,Delivered,Austin,TX,United States,SELL00401
ORD0001388,18-09-2021,CUST000386,Vihaan Sharma,P00045,Phone Tripod,Sports & Outdoors,HomeEase,5,280.96,0,0,0.67,1405.47,Debit Card,Shipped,New York,NY,United States,SELL01042
ORD0001389,24-01-2022,CUST039525,Aditya Patel,P00033,Puzzle 1000pc,Clothing,BrightLux,2,457.46,0.15,0,0.11,777.79,Credit Card,Delivered,Indianapolis,IN,United States,SELL01224
ORD0001390,08-08-2023,CUST019773,Sahil Verma,P00032,Board Game,Home & Kitchen,BrightLux,1,276.97,0,0,11.97,288.94,Credit Card,Delivered,Washington,DC,United States,SELL00278
ORD0001391,04-03-2022,CUST031457,Kabir Kapoor,P00010,Smartwatch,Books,UrbanStyle,2,353.52,0.15,48.08,8,657.06,Debit Card,Shipped,Chicago,IL,United States,SELL00273
ORD0001392,30-07-2023,CUST022849,Anjali Mehta,P00024,Yoga Mat,Home & Kitchen,Apex,2,18.81,0.1,1.69,0.96,36.51,Amazon Pay,Delivered,Philadelphia,PA,United States,SELL01298
ORD0001393,09-03-2020,CUST028399,Aarav Gupta,P00025,Running Shoes,Toys & Games,FitLife,1,447.8,0.15,30.45,0.41,411.49,Debit Card,Shipped,Fort Worth,TX,United States,SELL00966
ORD0001394,10-08-2024,CUST002590,Karan Mehta,P00003,Smartphone Case,Sports & Outdoors,Apex,4,570.72,0,0,3.98,2286.86,UPI,Delivered,San Diego,CA,United States,SELL01193
ORD0001395,11-01-2020,CUST028469,Aditya Reddy,P00003,Smartphone Case,Electronics,FitLife,4,78.73,0.25,18.9,0.01,255.1,Debit Card,Delivered,Jacksonville,FL,United States,SELL00736
ORD0001396,01-07-2023,CUST008272,Sneha Kapoor,P00048,Wireless Charger,Books,HomeEase,5,123.07,0.2,39.38,6.73,538.39,Credit Card,Delivered,Dallas,TX,United States,SELL01603
ORD0001397,21-05-2022,CUST000394,Aman Singh,P00047,Memory Card 128GB,Toys & Games,UrbanStyle,4,487.87,0.2,78.06,13.92,1653.16,Credit Card,Cancelled,Columbus,OH,United States,SELL01201
ORD0001398,03-07-2021,CUST033435,Sunita Singh,P00050,Novel Bestseller,Books,FitLife,2,55.59,0,5.56,8,124.74,Debit Card,Delivered,Austin,TX,India,SELL01412
ORD0001399,03-03-2023,CUST028325,Arjun Gupta,P00050,Novel Bestseller,Clothing,BrightLux,3,94.34,0,50.94,12.72,346.68,Debit Card,Returned,Fort Worth,TX,United States,SELL00469
ORD0001400,12-12-2021,CUST046978,Priya Gupta,P00036,Smart Light Bulb,Toys & Games,CoreTech,5,94.01,0.15,19.98,6.13,425.65,Credit Card,Shipped,Jacksonville,FL,United States,SELL00437
ORD0001401,23-01-2020,CUST046430,Neha Singh,P00008,4K Monitor,Electronics,Zenith,4,193.72,0.05,88.34,3.01,827.49,Debit Card,Shipped,Los Angeles,CA,Australia,SELL00708
ORD0001402,25-03-2022,CUST007979,Aditya Singh,P00049,Children's Book,Sports & Outdoors,Zenith,1,348.16,0.1,25.07,9.24,347.65,Credit Card,Delivered,Denver,CO,United States,SELL00311
ORD0001403,11-12-2020,CUST018643,Karan Gupta,P00011,Fitness Band,Electronics,FitLife,4,321.52,0,102.89,6.12,1395.09,Net Banking,Delivered,San Antonio,TX,India,SELL01278
ORD0001404,28-10-2020,CUST040035,Karan Gupta,P00028,Jeans,Books,Zenith,2,357.03,0,57.12,13.87,785.05,Debit Card,Delivered,Washington,DC,United States,SELL00393
ORD0001405,28-12-2020,CUST047742,Neha Verma,P00036,Smart Light Bulb,Home & Kitchen,Apex,3,56.02,0,8.4,4.88,181.34,Credit Card,Delivered,San Diego,CA,India,SELL00347
ORD0001406,30-01-2021,CUST032800,Vikas Gupta,P00023,Cookware Set,Books,UrbanStyle,4,124,0.1,22.32,6.74,475.46,Credit Card,Delivered,Phoenix,AZ,United States,SELL00765
ORD0001407,05-08-2020,CUST017405,Sneha Joshi,P00013,Action Camera,Sports & Outdoors,UrbanStyle,3,529.57,0.2,101.68,14.61,1387.26,Debit Card,Delivered,Columbus,OH,United Kingdom,SELL01800
ORD0001408,20-05-2020,CUST014289,Kabir Kapoor,P00005,Laptop Sleeve,Toys & Games,UrbanStyle,1,23.45,0,4.22,4.78,32.45,Cash on Delivery,Delivered,Chicago,IL,United States,SELL00057
ORD0001409,27-06-2024,CUST046877,Rohit Joshi,P00011,Fitness Band,Electronics,HomeEase,2,510.58,0.1,73.52,10.68,1003.24,Amazon Pay,Delivered,Dallas,TX,United States,SELL00900
ORD0001410,15-08-2022,CUST004564,Vihaan Singh,P00018,Vacuum Cleaner,Books,FitLife,2,32.71,0.15,6.67,2.13,64.41,Debit Card,Shipped,Washington,DC,Canada,SELL01187
ORD0001411,18-05-2023,CUST033060,Priya Sharma,P00045,Phone Tripod,Clothing,HomeEase,1,274.29,0.1,0,1.29,248.15,Credit Card,Delivered,Phoenix,AZ,United States,SELL01099
ORD0001412,11-09-2022,CUST040367,Sunita Patel,P00018,Vacuum Cleaner,Sports & Outdoors,CoreTech,4,168.29,0,53.85,14.86,741.87,Net Banking,Delivered,Indianapolis,IN,Australia,SELL00628
ORD0001413,19-09-2022,CUST041560,Kabir Mehta,P00046,Car Charger,Toys & Games,CoreTech,2,66.5,0,23.94,7.93,164.87,Cash on Delivery,Delivered,Charlotte,NC,United States,SELL00963
ORD0001414,04-07-2024,CUST000171,Anjali Joshi,P00039,Graphic Tablet,Clothing,Apex,3,60.2,0,32.51,7.26,220.37,Debit Card,Delivered,Dallas,TX,United States,SELL01239
ORD0001415,27-06-2024,CUST006512,Anjali Mehta,P00032,Board Game,Home & Kitchen,Apex,1,12.19,0.25,1.1,5.71,15.95,Debit Card,Delivered,Los Angeles,CA,India,SELL01246
ORD0001416,07-04-2022,CUST014404,Kabir Singh,P00039,Graphic Tablet,Toys & Games,CoreTech,5,539.13,0.2,107.83,8.78,2273.13,Credit Card,Shipped,Los Angeles,CA,United States,SELL00402
ORD0001417,13-11-2021,CUST023685,Priya Patel,P00040,Microphone,Books,FitLife,5,87.06,0.15,66.6,10.11,446.72,Credit Card,Delivered,Los Angeles,CA,United States,SELL00130
ORD0001418,23-01-2024,CUST025683,Kabir Kumar,P00016,Air Fryer,Electronics,UrbanStyle,4,361.92,0,0,11.31,1458.99,Credit Card,Delivered,Columbus,OH,Canada,SELL00128
ORD0001419,30-09-2022,CUST028848,Neha Patel,P00018,Vacuum Cleaner,Toys & Games,KiddoFun,3,307.72,0,73.85,2.86,999.87,UPI,Delivered,San Jose,CA,United States,SELL00319
ORD0001420,21-12-2020,CUST002931,Mohit Mehta,P00008,4K Monitor,Clothing,KiddoFun,1,206.21,0.05,15.67,13.17,224.74,Debit Card,Shipped,San Jose,CA,United States,SELL00351
ORD0001421,04-10-2022,CUST002940,Anjali Gupta,P00045,Phone Tripod,Books,Zenith,4,242.22,0.05,46.02,13.22,979.68,Debit Card,Delivered,San Jose,CA,United States,SELL01039
ORD0001422,09-09-2023,CUST042878,Neha Kapoor,P00019,LED Desk Lamp,Clothing,HomeEase,4,553.64,0,265.75,9.69,2490,Credit Card,Shipped,Denver,CO,United States,SELL01729
ORD0001423,02-03-2023,CUST016496,Sneha Patel,P00025,Running Shoes,Home & Kitchen,CoreTech,1,358.55,0,28.68,11.95,399.18,Net Banking,Delivered,Austin,TX,United States,SELL01576
ORD0001424,06-06-2022,CUST046849,Sunita Gupta,P00031,Kids Toy Car,Clothing,FitLife,4,469.21,0.1,304.05,10.27,2003.48,Credit Card,Delivered,Indianapolis,IN,United States,SELL01033
ORD0001425,06-05-2020,CUST049507,Sunita Patel,P00005,Laptop Sleeve,Sports & Outdoors,Zenith,4,218.28,0,157.16,5.31,1035.59,Credit Card,Delivered,Phoenix,AZ,United States,SELL01708
ORD0001426,03-02-2023,CUST024458,Vihaan Kapoor,P00016,Air Fryer,Electronics,ReadMore,2,225.59,0,36.09,5.89,493.16,Credit Card,Delivered,San Diego,CA,United States,SELL00735
ORD0001427,05-10-2022,CUST036411,Rohit Kapoor,P00004,USB-C Charger,Sports & Outdoors,FitLife,5,450.86,0.05,171.33,14.91,2327.82,UPI,Delivered,Austin,TX,India,SELL00417
ORD0001428,26-08-2021,CUST031336,Sahil Singh,P00018,Vacuum Cleaner,Electronics,NexPro,3,238.27,0.25,42.89,5.39,584.39,Debit Card,Shipped,Washington,DC,United States,SELL00682
ORD0001429,27-12-2024,CUST048870,Sahil Sharma,P00036,Smart Light Bulb,Electronics,UrbanStyle,5,21.64,0.05,5.14,11.91,119.84,Credit Card,Delivered,Charlotte,NC,United States,SELL01675
ORD0001430,02-11-2023,CUST026324,Simran Kumar,P00001,Wireless Earbuds,Sports & Outdoors,Zenith,1,472.89,0.05,35.94,13.6,498.79,Credit Card,Delivered,Houston,TX,United Kingdom,SELL01121
ORD0001431,10-10-2022,CUST009555,Simran Gupta,P00030,Dress Shirt,Sports & Outdoors,Apex,5,235.05,0.2,75.22,11.19,1026.61,UPI,Shipped,Columbus,OH,Australia,SELL01481
ORD0001432,20-02-2020,CUST031408,Aditya Mehta,P00004,USB-C Charger,Sports & Outdoors,Apex,5,282.83,0,113.13,5.07,1532.35,Debit Card,Delivered,Austin,TX,India,SELL01927
ORD0001433,18-11-2022,CUST015780,Neha Singh,P00018,Vacuum Cleaner,Home & Kitchen,UrbanStyle,5,356.2,0,142.48,0.11,1923.59,UPI,Returned,Jacksonville,FL,United States,SELL01662
ORD0001434,25-01-2024,CUST023600,Priya Kumar,P00003,Smartphone Case,Sports & Outdoors,Zenith,2,30.9,0,4.94,0.83,67.57,Credit Card,Delivered,New York,NY,India,SELL01719
ORD0001435,12-08-2023,CUST037789,Pooja Singh,P00014,Drone Mini,Clothing,Apex,5,326.05,0.25,0,4.76,1227.45,Credit Card,Delivered,New York,NY,United States,SELL01783
ORD0001436,13-08-2023,CUST030840,Karan Mehta,P00002,Bluetooth Speaker,Home & Kitchen,HomeEase,5,303.71,0,182.23,6.97,1707.75,Net Banking,Delivered,Fort Worth,TX,United States,SELL01804
ORD0001437,15-10-2024,CUST045993,Aditya Joshi,P00022,Water Bottle,Sports & Outdoors,UrbanStyle,5,36.26,0,9.06,12.11,202.47,Credit Card,Delivered,Fort Worth,TX,United States,SELL01863
ORD0001438,17-02-2022,CUST020312,Kabir Joshi,P00013,Action Camera,Home & Kitchen,ReadMore,1,254.73,0.05,19.36,8.45,269.8,Debit Card,Delivered,San Jose,CA,United States,SELL00716
ORD0001439,01-12-2023,CUST043392,Ritika Mehta,P00049,Children's Book,Sports & Outdoors,CoreTech,3,432.81,0.1,93.49,7.16,1269.24,Debit Card,Delivered,San Diego,CA,United States,SELL00416
ORD0001440,27-11-2024,CUST004425,Sahil Reddy,P00026,Sunglasses,Clothing,Zenith,5,242.16,0,0,2.46,1213.26,Cash on Delivery,Delivered,Indianapolis,IN,United States,SELL00817
ORD0001441,24-03-2022,CUST028192,Karan Reddy,P00036,Smart Light Bulb,Toys & Games,HomeEase,2,574.65,0.1,51.72,8.69,1094.78,Credit Card,Delivered,Dallas,TX,United States,SELL00382
ORD0001442,24-06-2024,CUST035688,Vivaan Patel,P00017,Electric Kettle,Books,FitLife,1,183.43,0,9.17,11.58,204.18,Credit Card,Delivered,San Diego,CA,United States,SELL00875
ORD0001443,29-11-2023,CUST013053,Sahil Kapoor,P00017,Electric Kettle,Electronics,CoreTech,4,280.01,0,89.6,12.4,1222.04,UPI,Delivered,San Antonio,TX,United States,SELL00729
ORD0001444,01-10-2023,CUST041733,Aditya Verma,P00014,Drone Mini,Electronics,FitLife,4,138.29,0.05,26.28,11.48,563.26,UPI,Returned,Los Angeles,CA,United States,SELL00349
ORD0001445,03-07-2024,CUST034833,Sneha Patel,P00008,4K Monitor,Toys & Games,Zenith,2,497.46,0,79.59,4.5,1079.01,Debit Card,Delivered,San Jose,CA,United Kingdom,SELL01882
ORD0001446,23-02-2021,CUST022040,Mohit Kapoor,P00034,Desk Organizer,Clothing,UrbanStyle,1,106.47,0.05,5.06,3.19,109.4,Net Banking,Shipped,Indianapolis,IN,United States,SELL01122
ORD0001447,20-04-2023,CUST029056,Vivaan Kapoor,P00022,Water Bottle,Toys & Games,UrbanStyle,4,317.98,0.15,129.74,1.87,1212.74,Credit Card,Cancelled,Chicago,IL,United States,SELL01847
ORD0001448,09-09-2022,CUST040795,Sunita Patel,P00046,Car Charger,Toys & Games,ReadMore,3,235.23,0,84.68,1,791.37,Debit Card,Delivered,Indianapolis,IN,United Kingdom,SELL01966
ORD0001449,04-04-2022,CUST022128,Karan Verma,P00004,USB-C Charger,Sports & Outdoors,UrbanStyle,1,254.37,0,45.79,14.83,314.99,UPI,Pending,Indianapolis,IN,United States,SELL00441
ORD0001450,21-10-2022,CUST006226,Aarav Verma,P00048,Wireless Charger,Sports & Outdoors,UrbanStyle,5,460.27,0.05,109.31,0.91,2296.5,Credit Card,Delivered,New York,NY,United States,SELL00691
ORD0001451,20-07-2021,CUST022022,Pooja Kumar,P00016,Air Fryer,Clothing,HomeEase,3,411.82,0,148.26,8.1,1391.82,Debit Card,Delivered,Fort Worth,TX,United States,SELL00128
ORD0001452,05-01-2021,CUST019228,Aman Reddy,P00032,Board Game,Books,UrbanStyle,3,176.49,0.1,57.18,10.62,544.32,UPI,Shipped,Denver,CO,Canada,SELL00912
ORD0001453,24-07-2022,CUST006250,Sahil Kapoor,P00047,Memory Card 128GB,Clothing,HomeEase,3,384.57,0.15,49.03,12.96,1042.64,Credit Card,Delivered,Los Angeles,CA,United States,SELL00109
ORD0001454,22-10-2021,CUST034452,Ritika Kumar,P00040,Microphone,Sports & Outdoors,Zenith,2,191.17,0.05,18.16,1.54,382.92,UPI,Delivered,San Francisco,CA,India,SELL00790
ORD0001455,25-12-2023,CUST049299,Simran Patel,P00012,Noise Cancelling Headphones,Toys & Games,FitLife,2,28.08,0,0,0.3,56.46,Debit Card,Delivered,San Antonio,TX,Canada,SELL00709
ORD0001456,26-08-2022,CUST035848,Sunita Joshi,P00010,Smartwatch,Electronics,KiddoFun,4,569.45,0,410,8.07,2695.87,Debit Card,Delivered,San Antonio,TX,India,SELL01627
ORD0001457,25-08-2023,CUST047378,Ritika Reddy,P00045,Phone Tripod,Books,HomeEase,4,318.78,0.05,60.57,5.21,1277.14,Credit Card,Delivered,Charlotte,NC,Canada,SELL00638
ORD0001458,06-03-2023,CUST036645,Arjun Patel,P00021,Backpack,Electronics,CoreTech,4,470.9,0.1,305.14,11.93,2012.31,Amazon Pay,Delivered,Houston,TX,United States,SELL00278
ORD0001459,20-07-2020,CUST026301,Aarav Joshi,P00039,Graphic Tablet,Home & Kitchen,HomeEase,2,426.34,0,42.63,8.37,903.68,Cash on Delivery,Delivered,Phoenix,AZ,United States,SELL01980
ORD0001460,30-12-2023,CUST011949,Vihaan Gupta,P00018,Vacuum Cleaner,Books,Apex,1,591.91,0.25,79.91,14.7,538.54,UPI,Delivered,Fort Worth,TX,United States,SELL01742
ORD0001461,08-11-2020,CUST002559,Karan Verma,P00036,Smart Light Bulb,Sports & Outdoors,Zenith,5,389.77,0.1,140.32,3.79,1898.07,Net Banking,Delivered,San Diego,CA,United States,SELL00720
ORD0001462,26-04-2020,CUST049135,Vihaan Singh,P00033,Puzzle 1000pc,Clothing,BrightLux,5,577.29,0,346.37,9.79,3242.61,Debit Card,Delivered,San Diego,CA,India,SELL01484
ORD0001463,16-08-2024,CUST041695,Vikas Gupta,P00025,Running Shoes,Electronics,Zenith,1,519.54,0,25.98,0.75,546.27,Debit Card,Delivered,San Antonio,TX,United States,SELL00582
ORD0001464,25-07-2022,CUST020518,Anjali Joshi,P00005,Laptop Sleeve,Electronics,ReadMore,2,177.82,0.1,38.41,10.77,369.26,UPI,Pending,San Antonio,TX,United States,SELL01490
ORD0001465,28-07-2021,CUST015874,Rohit Reddy,P00017,Electric Kettle,Clothing,FitLife,5,592.5,0.1,213.3,11.98,2891.53,Amazon Pay,Delivered,San Diego,CA,Canada,SELL01013
ORD0001466,31-08-2020,CUST022455,Neha Patel,P00047,Memory Card 128GB,Electronics,ReadMore,3,425.98,0,102.24,8.77,1388.95,Credit Card,Delivered,Phoenix,AZ,India,SELL01195
ORD0001467,20-06-2021,CUST008079,Neha Verma,P00021,Backpack,Books,BrightLux,3,178.62,0,0,2.86,538.72,UPI,Delivered,Washington,DC,India,SELL00111
ORD0001468,13-06-2024,CUST041531,Simran Joshi,P00004,USB-C Charger,Sports & Outdoors,ReadMore,4,11.33,0.15,3.08,4.88,46.48,Cash on Delivery,Delivered,Dallas,TX,United States,SELL01621
ORD0001469,15-03-2020,CUST020043,Anjali Verma,P00005,Laptop Sleeve,Sports & Outdoors,ReadMore,4,7.59,0,2.43,7.99,40.78,Credit Card,Shipped,Dallas,TX,Australia,SELL01347
ORD0001470,20-01-2021,CUST007530,Priya Sharma,P00031,Kids Toy Car,Toys & Games,Apex,3,337.08,0.15,42.98,14.26,916.79,Net Banking,Delivered,Phoenix,AZ,United States,SELL00598
ORD0001471,18-05-2023,CUST011485,Vihaan Sharma,P00001,Wireless Earbuds,Sports & Outdoors,ReadMore,1,23.7,0.05,0,4.75,27.26,Debit Card,Delivered,Chicago,IL,United States,SELL00594
ORD0001472,19-04-2021,CUST042708,Anjali Verma,P00005,Laptop Sleeve,Home & Kitchen,Apex,3,221.18,0,53.08,4.11,720.73,Debit Card,Shipped,Philadelphia,PA,Canada,SELL01689
ORD0001473,21-02-2021,CUST026706,Mohit Kumar,P00038,External HDD 2TB,Books,UrbanStyle,1,339.38,0.05,38.69,12.28,373.38,Credit Card,Delivered,Austin,TX,United Kingdom,SELL01545
ORD0001474,12-12-2020,CUST017804,Aman Singh,P00019,LED Desk Lamp,Toys & Games,HomeEase,3,79.89,0.05,27.32,11.06,266.07,Credit Card,Delivered,Philadelphia,PA,United States,SELL01438
ORD0001475,01-04-2024,CUST048313,Sahil Singh,P00021,Backpack,Sports & Outdoors,KiddoFun,1,17.76,0.05,3.04,1.39,21.3,Credit Card,Delivered,San Francisco,CA,India,SELL01950
ORD0001476,01-10-2021,CUST017233,Anjali Reddy,P00006,Gaming Mouse,Clothing,NexPro,2,304.6,0.1,65.79,4.37,618.44,Debit Card,Shipped,Phoenix,AZ,United States,SELL01276
ORD0001477,27-07-2022,CUST032324,Karan Joshi,P00042,Projector Mini,Sports & Outdoors,Apex,2,6.67,0.15,1.36,5.09,17.79,Credit Card,Delivered,Columbus,OH,United States,SELL01366
ORD0001478,12-08-2022,CUST039699,Sneha Mehta,P00027,Winter Jacket,Clothing,UrbanStyle,2,80.8,0,19.39,14.25,195.24,Net Banking,Delivered,San Francisco,CA,United Kingdom,SELL01282
ORD0001479,25-05-2022,CUST013561,Mohit Singh,P00017,Electric Kettle,Electronics,UrbanStyle,2,470.31,0.2,37.62,10.96,801.08,Cash on Delivery,Delivered,Washington,DC,Australia,SELL00044
ORD0001480,01-02-2022,CUST025341,Karan Mehta,P00002,Bluetooth Speaker,Electronics,Zenith,1,143.68,0,7.18,11.21,162.07,Credit Card,Delivered,Seattle,WA,United States,SELL00752
ORD0001481,17-04-2023,CUST028247,Aarav Kapoor,P00036,Smart Light Bulb,Toys & Games,KiddoFun,3,122.32,0.3,12.84,14.09,283.8,Credit Card,Shipped,San Diego,CA,United States,SELL00610
ORD0001482,20-04-2023,CUST022811,Rohit Joshi,P00042,Projector Mini,Books,NexPro,1,347.26,0,27.78,10.62,385.66,Credit Card,Delivered,San Diego,CA,United States,SELL00167
ORD0001483,25-10-2021,CUST010226,Ritika Mehta,P00025,Running Shoes,Home & Kitchen,Apex,2,382.92,0,38.29,14.97,819.1,Amazon Pay,Pending,Dallas,TX,United States,SELL01793
ORD0001484,25-01-2020,CUST015988,Sunita Sharma,P00033,Puzzle 1000pc,Clothing,KiddoFun,5,274.34,0.05,104.25,11.84,1419.2,Credit Card,Delivered,Chicago,IL,United States,SELL00440
ORD0001485,18-04-2023,CUST040373,Rohit Kumar,P00047,Memory Card 128GB,Toys & Games,HomeEase,4,559.16,0,268.4,3.33,2508.37,UPI,Delivered,Charlotte,NC,United States,SELL00264
ORD0001486,10-12-2021,CUST005802,Pooja Verma,P00013,Action Camera,Sports & Outdoors,Apex,1,22.94,0.15,2.34,7.95,29.79,Credit Card,Returned,Denver,CO,United States,SELL01331
ORD0001487,04-03-2024,CUST020732,Ritika Verma,P00014,Drone Mini,Clothing,UrbanStyle,2,565.42,0,90.47,12.26,1233.57,Credit Card,Delivered,Los Angeles,CA,United States,SELL01639
ORD0001488,30-03-2023,CUST029678,Sahil Singh,P00013,Action Camera,Toys & Games,KiddoFun,5,86.6,0,21.65,3.49,458.14,Amazon Pay,Delivered,Seattle,WA,United States,SELL01076
ORD0001489,25-06-2020,CUST009588,Vikas Patel,P00037,Router,Books,CoreTech,4,572.62,0.05,108.8,3.64,2288.4,Net Banking,Delivered,Houston,TX,United States,SELL01737
ORD0001490,11-10-2020,CUST021805,Rohit Joshi,P00005,Laptop Sleeve,Electronics,BrightLux,1,479.1,0,38.33,0.55,517.98,UPI,Delivered,Seattle,WA,United States,SELL01413
ORD0001491,03-03-2020,CUST027982,Vihaan Gupta,P00022,Water Bottle,Toys & Games,HomeEase,4,202.62,0.15,34.45,3.59,726.95,Amazon Pay,Delivered,New York,NY,United States,SELL00827
ORD0001492,29-09-2022,CUST042308,Neha Reddy,P00033,Puzzle 1000pc,Books,Apex,3,157.89,0,56.84,11.38,541.89,Credit Card,Delivered,San Francisco,CA,United States,SELL00782
ORD0001493,23-10-2021,CUST008900,Anjali Kapoor,P00010,Smartwatch,Electronics,KiddoFun,4,478.37,0,0,11.13,1924.61,Credit Card,Cancelled,Dallas,TX,United States,SELL01367
ORD0001494,27-10-2021,CUST029592,Sunita Kapoor,P00045,Phone Tripod,Sports & Outdoors,Zenith,1,232.24,0.15,15.79,8.85,222.04,Credit Card,Delivered,Denver,CO,United States,SELL01815
ORD0001495,04-06-2020,CUST009047,Sunita Kapoor,P00044,Power Bank 20000mAh,Books,HomeEase,5,564.99,0.05,214.7,10.6,2909,Debit Card,Delivered,Denver,CO,United States,SELL01169
ORD0001496,01-02-2024,CUST040395,Vihaan Patel,P00030,Dress Shirt,Electronics,NexPro,4,486.29,0,155.61,3.55,2104.32,UPI,Pending,Washington,DC,United States,SELL00244
ORD0001497,08-12-2022,CUST032737,Vikas Joshi,P00028,Jeans,Home & Kitchen,BrightLux,4,227.77,0.15,38.72,3.46,816.6,Cash on Delivery,Delivered,San Jose,CA,United States,SELL00762
ORD0001498,24-08-2022,CUST025830,Kabir Singh,P00040,Microphone,Sports & Outdoors,Apex,1,385.47,0,0,13.1,398.57,Net Banking,Delivered,San Diego,CA,United States,SELL00496
ORD0001499,28-04-2022,CUST026245,Priya Kapoor,P00048,Wireless Charger,Books,CoreTech,3,253.26,0,37.99,5.16,802.93,Amazon Pay,Delivered,Fort Worth,TX,United States,SELL00602
ORD0001500,12-01-2023,CUST009823,Ritika Verma,P00034,Desk Organizer,Toys & Games,KiddoFun,4,157.35,0.2,90.63,4.29,598.44,Debit Card,Delivered,San Diego,CA,United States,SELL01214
ORD0001501,16-10-2023,CUST023884,Arjun Patel,P00043,HDMI Cable 2m,Electronics,KiddoFun,3,435.04,0,65.26,12.65,1383.03,Debit Card,Delivered,Washington,DC,United States,SELL00831
ORD0001502,19-11-2021,CUST011439,Vihaan Kumar,P00010,Smartwatch,Clothing,NexPro,5,302.62,0,75.66,14.08,1602.84,Debit Card,Delivered,Jacksonville,FL,India,SELL00855
ORD0001503,27-05-2020,CUST007104,Priya Verma,P00001,Wireless Earbuds,Home & Kitchen,FitLife,5,406.17,0.05,231.52,13.47,2174.3,Amazon Pay,Delivered,San Jose,CA,United States,SELL00284
ORD0001504,11-07-2024,CUST035718,Mohit Patel,P00039,Graphic Tablet,Home & Kitchen,Apex,2,202.22,0.1,65.52,12.47,441.99,Net Banking,Delivered,San Diego,CA,United States,SELL00855
ORD0001505,07-12-2020,CUST023628,Arjun Reddy,P00028,Jeans,Books,Apex,3,16.37,0.15,3.34,3.35,48.43,Credit Card,Pending,Washington,DC,United States,SELL00728
ORD0001506,20-04-2021,CUST036280,Sunita Mehta,P00040,Microphone,Electronics,Zenith,3,143.54,0,51.67,8.27,490.56,Credit Card,Delivered,Dallas,TX,United States,SELL01472
ORD0001507,22-12-2022,CUST047862,Kabir Singh,P00015,Instant Pot,Toys & Games,KiddoFun,4,501.61,0.2,80.26,10.41,1695.82,Credit Card,Returned,New York,NY,United States,SELL01474
ORD0001508,20-09-2024,CUST044430,Ritika Mehta,P00022,Water Bottle,Toys & Games,UrbanStyle,1,457.94,0,36.64,9.68,504.26,Debit Card,Delivered,San Antonio,TX,United Kingdom,SELL01989
ORD0001509,15-10-2023,CUST049430,Karan Singh,P00041,Webcam Full HD,Home & Kitchen,HomeEase,1,507.86,0.1,0,9.92,466.99,Amazon Pay,Shipped,Los Angeles,CA,United States,SELL00985
ORD0001510,14-07-2021,CUST008523,Neha Reddy,P00035,Desk Plant,Books,Zenith,5,432.02,0.2,86.4,5.44,1819.92,UPI,Delivered,Washington,DC,United Kingdom,SELL00549
ORD0001511,22-11-2020,CUST039272,Mohit Reddy,P00019,LED Desk Lamp,Books,CoreTech,3,282.46,0.05,40.25,5.43,850.69,Amazon Pay,Delivered,New York,NY,United States,SELL00309
ORD0001512,27-11-2024,CUST040500,Mohit Joshi,P00017,Electric Kettle,Home & Kitchen,Apex,5,526.97,0.1,426.85,8.16,2806.38,Amazon Pay,Delivered,San Diego,CA,United States,SELL01131
ORD0001513,25-10-2024,CUST000871,Priya Singh,P00001,Wireless Earbuds,Clothing,NexPro,3,424.68,0,101.92,13.81,1389.77,Debit Card,Shipped,Austin,TX,United Kingdom,SELL00273
ORD0001514,10-03-2023,CUST030136,Mohit Patel,P00011,Fitness Band,Electronics,BrightLux,3,196.53,0.1,42.45,11.79,584.87,Credit Card,Shipped,Phoenix,AZ,United States,SELL01201
ORD0001515,16-09-2022,CUST039014,Simran Kapoor,P00043,HDMI Cable 2m,Home & Kitchen,UrbanStyle,5,51.62,0,20.65,11.27,290.02,Cash on Delivery,Delivered,San Diego,CA,United States,SELL00607
ORD0001516,02-08-2020,CUST008569,Vivaan Patel,P00015,Instant Pot,Books,BrightLux,3,65.23,0.1,14.09,13.02,203.23,Debit Card,Pending,Dallas,TX,United States,SELL01023
ORD0001517,10-03-2021,CUST019021,Aarav Joshi,P00013,Action Camera,Electronics,BrightLux,4,245.87,0.05,46.72,12.94,993.97,Debit Card,Pending,Seattle,WA,United States,SELL00112
ORD0001518,09-08-2022,CUST043782,Arjun Kumar,P00012,Noise Cancelling Headphones,Toys & Games,FitLife,3,74.22,0.05,10.58,4.44,226.55,Amazon Pay,Delivered,Phoenix,AZ,United States,SELL01530
ORD0001519,23-12-2021,CUST028052,Sunita Reddy,P00044,Power Bank 20000mAh,Clothing,Apex,2,575.43,0.15,78.26,14.39,1070.88,Credit Card,Shipped,Houston,TX,United States,SELL00252
ORD0001520,03-09-2023,CUST004094,Aman Joshi,P00026,Sunglasses,Toys & Games,UrbanStyle,3,224.25,0.15,68.62,0.91,641.37,UPI,Delivered,Dallas,TX,Australia,SELL00283
ORD0001521,01-02-2020,CUST009014,Karan Joshi,P00045,Phone Tripod,Electronics,BrightLux,1,109.03,0,5.45,6.63,121.11,Amazon Pay,Delivered,Charlotte,NC,Canada,SELL00206
ORD0001522,31-10-2021,CUST028674,Karan Joshi,P00020,Office Chair,Clothing,Zenith,2,439.89,0.05,100.29,4.99,941.07,Credit Card,Delivered,San Diego,CA,United States,SELL00709
ORD0001523,11-10-2020,CUST038747,Neha Singh,P00010,Smartwatch,Sports & Outdoors,Zenith,4,356.95,0.2,57.11,0.91,1200.26,Amazon Pay,Delivered,San Diego,CA,India,SELL01128
ORD0001524,21-08-2023,CUST020608,Aditya Kapoor,P00001,Wireless Earbuds,Books,HomeEase,3,366.82,0.25,0,5.52,830.86,Amazon Pay,Delivered,Indianapolis,IN,United States,SELL00169
ORD0001525,04-03-2021,CUST030646,Aarav Kumar,P00018,Vacuum Cleaner,Clothing,NexPro,5,257.54,0.05,61.17,2.92,1287.41,Debit Card,Delivered,Charlotte,NC,United Kingdom,SELL00813
ORD0001526,09-02-2024,CUST027780,Priya Sharma,P00033,Puzzle 1000pc,Electronics,ReadMore,5,592.79,0.1,213.4,14.9,2895.86,UPI,Delivered,Chicago,IL,United States,SELL00833
ORD0001527,12-10-2020,CUST025519,Pooja Kumar,P00038,External HDD 2TB,Toys & Games,Apex,2,293.17,0.1,0,5.08,532.79,UPI,Shipped,San Antonio,TX,Canada,SELL00124
ORD0001528,13-03-2023,CUST015704,Sahil Gupta,P00011,Fitness Band,Electronics,UrbanStyle,4,50.21,0,16.07,9.13,226.04,Net Banking,Delivered,San Jose,CA,United States,SELL01556
ORD0001529,18-12-2023,CUST006496,Mohit Joshi,P00013,Action Camera,Clothing,Zenith,3,168.59,0.2,0,5.97,410.59,Credit Card,Delivered,Phoenix,AZ,United States,SELL00490
ORD0001530,08-11-2022,CUST048531,Ritika Joshi,P00045,Phone Tripod,Home & Kitchen,KiddoFun,4,302.42,0,96.77,1,1307.45,Net Banking,Delivered,San Jose,CA,United States,SELL01454
ORD0001531,18-01-2020,CUST046435,Sahil Reddy,P00050,Novel Bestseller,Sports & Outdoors,ReadMore,1,368.93,0,44.27,14.36,427.56,Amazon Pay,Shipped,San Diego,CA,United States,SELL01349
ORD0001532,07-02-2022,CUST003754,Vihaan Kapoor,P00016,Air Fryer,Clothing,Zenith,2,327.5,0.15,44.54,13.5,614.79,Net Banking,Delivered,Chicago,IL,India,SELL00934
ORD0001533,12-08-2021,CUST048947,Vihaan Gupta,P00030,Dress Shirt,Clothing,HomeEase,1,313.39,0.25,11.75,2.92,249.71,Debit Card,Delivered,Columbus,OH,India,SELL01775
ORD0001534,26-10-2023,CUST009426,Sahil Patel,P00034,Desk Organizer,Home & Kitchen,HomeEase,2,19.25,0.3,1.35,6.6,34.9,Credit Card,Pending,San Francisco,CA,United States,SELL01264
ORD0001535,13-04-2023,CUST033953,Sahil Sharma,P00015,Instant Pot,Clothing,KiddoFun,5,197.51,0.2,63.2,4.03,857.27,UPI,Delivered,San Francisco,CA,India,SELL00667
ORD0001536,06-10-2022,CUST015714,Simran Reddy,P00016,Air Fryer,Toys & Games,FitLife,4,433.35,0,312.01,3.45,2048.86,UPI,Delivered,Houston,TX,United States,SELL01542
ORD0001537,12-07-2020,CUST028081,Rohit Mehta,P00010,Smartwatch,Toys & Games,Zenith,4,296.06,0.05,90,3.1,1218.13,UPI,Returned,Chicago,IL,United States,SELL00163
ORD0001538,16-05-2021,CUST034647,Vihaan Kumar,P00034,Desk Organizer,Electronics,CoreTech,4,188.79,0,37.76,5.31,798.23,Credit Card,Delivered,Austin,TX,United States,SELL01351
ORD0001539,14-09-2022,CUST000830,Priya Sharma,P00004,USB-C Charger,Sports & Outdoors,FitLife,1,175.79,0.1,7.91,13.23,179.35,Cash on Delivery,Delivered,Charlotte,NC,United States,SELL00302
ORD0001540,10-02-2023,CUST021789,Simran Gupta,P00037,Router,Books,KiddoFun,3,479.94,0,172.78,5.38,1617.98,Credit Card,Delivered,Fort Worth,TX,India,SELL00578
ORD0001541,23-04-2020,CUST022338,Vikas Verma,P00049,Children's Book,Books,NexPro,3,136.88,0.05,31.21,3.49,424.81,UPI,Delivered,Austin,TX,United States,SELL00429
ORD0001542,30-05-2023,CUST014205,Simran Verma,P00023,Cookware Set,Books,ReadMore,1,233.46,0,28.02,7.37,268.85,Credit Card,Delivered,Columbus,OH,United States,SELL00789
ORD0001543,28-08-2024,CUST022834,Sneha Kumar,P00023,Cookware Set,Books,CoreTech,5,207.11,0,82.84,7.67,1126.06,Debit Card,Delivered,San Diego,CA,United States,SELL00851
ORD0001544,04-08-2022,CUST012302,Ritika Patel,P00017,Electric Kettle,Electronics,BrightLux,3,8.39,0,3.02,5.88,34.07,Credit Card,Delivered,Charlotte,NC,India,SELL00947
ORD0001545,10-04-2022,CUST032816,Kabir Mehta,P00012,Noise Cancelling Headphones,Sports & Outdoors,FitLife,5,341.09,0,85.27,14.18,1804.9,Amazon Pay,Delivered,San Antonio,TX,United Kingdom,SELL00262
ORD0001546,25-07-2024,CUST003576,Mohit Kapoor,P00048,Wireless Charger,Toys & Games,KiddoFun,4,216.13,0.05,41.06,9.36,871.71,Amazon Pay,Delivered,Seattle,WA,United States,SELL00855
ORD0001547,11-07-2023,CUST009314,Arjun Kumar,P00040,Microphone,Toys & Games,FitLife,1,331.42,0.3,0,11.4,243.39,Net Banking,Delivered,San Antonio,TX,United States,SELL00861
ORD0001548,13-07-2022,CUST029822,Rohit Sharma,P00003,Smartphone Case,Electronics,UrbanStyle,4,350.87,0.05,66.67,9.6,1409.58,UPI,Delivered,Washington,DC,United States,SELL00370
ORD0001549,24-02-2020,CUST030880,Ritika Patel,P00045,Phone Tripod,Books,FitLife,4,83.97,0.05,15.95,4.35,339.39,Cash on Delivery,Delivered,New York,NY,United States,SELL00337
ORD0001550,24-07-2024,CUST038153,Sahil Gupta,P00002,Bluetooth Speaker,Clothing,HomeEase,5,448.11,0.05,383.13,12.9,2524.55,Debit Card,Delivered,Columbus,OH,United States,SELL00767
ORD0001551,10-03-2022,CUST013559,Kabir Reddy,P00015,Instant Pot,Toys & Games,UrbanStyle,3,378.16,0,90.76,10.46,1235.7,Credit Card,Shipped,Phoenix,AZ,United States,SELL01234
ORD0001552,16-02-2022,CUST026595,Mohit Patel,P00030,Dress Shirt,Electronics,Apex,1,481.03,0.05,0,2.44,459.42,Net Banking,Delivered,Denver,CO,United States,SELL01033
ORD0001553,21-01-2024,CUST022713,Priya Gupta,P00005,Laptop Sleeve,Electronics,FitLife,1,201,0,10.05,2.66,213.71,Credit Card,Cancelled,Los Angeles,CA,India,SELL01880
ORD0001554,10-06-2020,CUST032046,Ritika Gupta,P00007,Mechanical Keyboard,Home & Kitchen,NexPro,2,228.25,0.05,21.68,8.58,463.93,Credit Card,Shipped,Dallas,TX,United States,SELL00688
ORD0001555,04-11-2023,CUST030266,Aman Verma,P00008,4K Monitor,Sports & Outdoors,UrbanStyle,3,78.74,0.1,17.01,10.77,240.38,Net Banking,Cancelled,San Antonio,TX,United States,SELL00725
ORD0001556,27-03-2020,CUST042680,Arjun Mehta,P00010,Smartwatch,Sports & Outdoors,HomeEase,4,67.41,0.1,19.41,14.78,276.87,Credit Card,Delivered,Charlotte,NC,India,SELL01291
ORD0001557,24-02-2020,CUST006927,Vivaan Gupta,P00037,Router,Home & Kitchen,UrbanStyle,3,260.53,0.05,59.4,11.13,813.04,Credit Card,Returned,San Jose,CA,United States,SELL01611
ORD0001558,08-02-2024,CUST014967,Arjun Singh,P00050,Novel Bestseller,Toys & Games,BrightLux,5,105.04,0,42.02,6.74,573.96,Credit Card,Shipped,Jacksonville,FL,United States,SELL00672
ORD0001559,28-12-2024,CUST041695,Sneha Singh,P00004,USB-C Charger,Clothing,Apex,1,499.12,0,39.93,2.22,541.27,Amazon Pay,Delivered,Los Angeles,CA,United Kingdom,SELL00472
ORD0001560,16-04-2023,CUST019901,Anjali Kumar,P00031,Kids Toy Car,Clothing,ReadMore,4,462.85,0.05,140.71,11.97,1911.51,UPI,Shipped,Columbus,OH,United States,SELL00026
ORD0001561,15-11-2023,CUST016016,Sunita Joshi,P00025,Running Shoes,Toys & Games,BrightLux,3,302.97,0,72.71,4.58,986.2,Credit Card,Delivered,New York,NY,United States,SELL01049
ORD0001562,04-10-2023,CUST001263,Arjun Kapoor,P00006,Gaming Mouse,Sports & Outdoors,Apex,3,38.06,0,13.7,13.09,140.97,Amazon Pay,Delivered,Denver,CO,United States,SELL00625
ORD0001563,28-10-2022,CUST016942,Pooja Mehta,P00030,Dress Shirt,Toys & Games,BrightLux,5,373.42,0.2,74.68,9.59,1577.95,Amazon Pay,Delivered,Washington,DC,United States,SELL00562
ORD0001564,12-04-2022,CUST039239,Sunita Joshi,P00037,Router,Clothing,Zenith,5,533.44,0.25,160.03,3.55,2163.98,Credit Card,Delivered,San Diego,CA,United States,SELL01153
ORD0001565,08-11-2020,CUST019747,Aditya Verma,P00002,Bluetooth Speaker,Sports & Outdoors,BrightLux,4,137.43,0.2,35.18,4.12,479.08,UPI,Shipped,San Francisco,CA,United States,SELL01987
ORD0001566,28-01-2022,CUST012354,Sunita Reddy,P00014,Drone Mini,Sports & Outdoors,Zenith,4,176.94,0.15,72.19,10.45,684.24,UPI,Delivered,Denver,CO,United States,SELL00428
ORD0001567,18-03-2021,CUST014649,Pooja Patel,P00004,USB-C Charger,Clothing,BrightLux,2,483.84,0.05,110.32,7.34,1036.96,Credit Card,Shipped,Washington,DC,United States,SELL00539
ORD0001568,25-11-2024,CUST008048,Simran Joshi,P00020,Office Chair,Sports & Outdoors,HomeEase,1,556.73,0.1,40.08,10.47,551.61,Credit Card,Delivered,Columbus,OH,United States,SELL01081
ORD0001569,23-11-2020,CUST016674,Anjali Kapoor,P00025,Running Shoes,Clothing,UrbanStyle,2,257.13,0.2,0,3.79,415.2,Credit Card,Delivered,Fort Worth,TX,Canada,SELL00536
ORD0001570,13-12-2022,CUST018659,Aarav Verma,P00031,Kids Toy Car,Clothing,Apex,2,217.81,0.1,70.57,14.61,477.24,Debit Card,Delivered,Phoenix,AZ,United States,SELL01293
ORD0001571,30-01-2022,CUST048065,Simran Patel,P00001,Wireless Earbuds,Clothing,Zenith,3,578.23,0,86.73,4.54,1825.96,Debit Card,Delivered,Houston,TX,United States,SELL01639
ORD0001572,16-06-2023,CUST020655,Aditya Reddy,P00029,T-Shirt,Electronics,ReadMore,3,389.85,0,93.56,0.96,1264.07,Net Banking,Delivered,Chicago,IL,Canada,SELL01580
ORD0001573,06-06-2023,CUST011485,Sunita Kumar,P00016,Air Fryer,Books,KiddoFun,4,347.02,0.05,105.49,11.93,1436.1,Debit Card,Shipped,Houston,TX,United States,SELL00545
ORD0001574,01-08-2021,CUST017231,Karan Kumar,P00016,Air Fryer,Toys & Games,ReadMore,3,404.03,0.2,116.36,1.07,1087.1,Amazon Pay,Shipped,Phoenix,AZ,United States,SELL00712
ORD0001575,10-12-2022,CUST010510,Neha Gupta,P00017,Electric Kettle,Sports & Outdoors,Zenith,3,446.77,0,160.84,4.12,1505.27,Debit Card,Delivered,Washington,DC,United States,SELL01319
ORD0001576,20-06-2024,CUST047286,Anjali Gupta,P00042,Projector Mini,Sports & Outdoors,Apex,1,522.17,0.05,0,12.01,508.07,Debit Card,Delivered,Austin,TX,United Kingdom,SELL01456
ORD0001577,15-06-2024,CUST043914,Anjali Reddy,P00045,Phone Tripod,Home & Kitchen,BrightLux,3,244.19,0.25,43.95,2.51,595.89,Credit Card,Delivered,Charlotte,NC,United States,SELL01486
ORD0001578,03-10-2022,CUST026964,Ritika Singh,P00001,Wireless Earbuds,Toys & Games,KiddoFun,5,255.26,0,63.82,14.19,1354.31,Credit Card,Delivered,San Diego,CA,India,SELL01772
ORD0001579,11-07-2023,CUST043904,Ritika Joshi,P00040,Microphone,Clothing,NexPro,4,230.32,0.15,39.15,7,829.24,Amazon Pay,Pending,Dallas,TX,United States,SELL00411
ORD0001580,12-12-2023,CUST040242,Anjali Sharma,P00012,Noise Cancelling Headphones,Clothing,KiddoFun,1,416.95,0.1,45.03,4.9,425.18,Net Banking,Delivered,Houston,TX,India,SELL00226
ORD0001581,05-04-2020,CUST004983,Vivaan Verma,P00036,Smart Light Bulb,Sports & Outdoors,CoreTech,2,225.13,0.05,21.39,13.64,462.78,Debit Card,Delivered,Washington,DC,India,SELL00561
ORD0001582,16-01-2023,CUST018304,Simran Sharma,P00017,Electric Kettle,Clothing,UrbanStyle,5,417.59,0.1,93.96,3.89,1977,Credit Card,Delivered,San Diego,CA,United States,SELL00205
ORD0001583,06-01-2023,CUST040548,Vihaan Singh,P00017,Electric Kettle,Home & Kitchen,BrightLux,5,369.54,0.1,133.03,9.01,1804.97,Debit Card,Delivered,Columbus,OH,India,SELL00784
ORD0001584,04-08-2023,CUST006897,Simran Joshi,P00048,Wireless Charger,Books,FitLife,2,495.29,0.1,0,10.45,901.97,Credit Card,Pending,Fort Worth,TX,United States,SELL01983
ORD0001585,17-02-2023,CUST017524,Aarav Mehta,P00035,Desk Plant,Electronics,HomeEase,5,17.23,0.2,5.51,5.67,80.1,UPI,Delivered,Seattle,WA,United States,SELL01656
ORD0001586,24-03-2022,CUST024228,Rohit Singh,P00045,Phone Tripod,Toys & Games,Apex,3,70.23,0,0,1.21,211.9,Credit Card,Delivered,Charlotte,NC,United States,SELL01701
ORD0001587,05-05-2021,CUST022255,Priya Singh,P00043,HDMI Cable 2m,Sports & Outdoors,Zenith,4,252.58,0.1,72.74,2.64,984.67,Cash on Delivery,Shipped,San Diego,CA,United States,SELL01458
ORD0001588,27-03-2021,CUST041995,Pooja Verma,P00028,Jeans,Books,HomeEase,5,340.4,0,0,3.75,1705.75,Net Banking,Delivered,New York,NY,India,SELL00131
ORD0001589,03-03-2024,CUST027523,Vikas Gupta,P00022,Water Bottle,Sports & Outdoors,UrbanStyle,2,212.72,0.3,14.89,13.46,326.16,Credit Card,Delivered,Seattle,WA,United States,SELL01529
ORD0001590,13-06-2020,CUST041127,Aditya Patel,P00017,Electric Kettle,Sports & Outdoors,FitLife,1,348.15,0,41.78,13.06,402.99,Credit Card,Delivered,San Diego,CA,India,SELL01683
ORD0001591,30-06-2020,CUST007178,Mohit Sharma,P00044,Power Bank 20000mAh,Books,NexPro,3,103.08,0,37.11,11.07,357.42,Credit Card,Shipped,Chicago,IL,Australia,SELL01836
ORD0001592,13-04-2021,CUST026586,Sunita Gupta,P00038,External HDD 2TB,Home & Kitchen,CoreTech,3,497.41,0.15,228.31,1.35,1498.06,Amazon Pay,Delivered,San Francisco,CA,United States,SELL01598
ORD0001593,28-06-2022,CUST027187,Sneha Mehta,P00044,Power Bank 20000mAh,Electronics,NexPro,3,254.81,0.25,28.67,12.57,614.56,UPI,Shipped,Dallas,TX,United Kingdom,SELL00412
ORD0001594,04-01-2022,CUST034740,Aditya Verma,P00032,Board Game,Electronics,UrbanStyle,5,525.75,0,315.45,0.99,2945.19,UPI,Delivered,San Antonio,TX,United States,SELL00725
ORD0001595,02-04-2022,CUST008520,Aarav Kumar,P00047,Memory Card 128GB,Clothing,KiddoFun,2,288.65,0.05,65.81,0.44,614.68,Debit Card,Delivered,Los Angeles,CA,United States,SELL01046
ORD0001596,01-08-2022,CUST037935,Neha Verma,P00017,Electric Kettle,Home & Kitchen,FitLife,1,45.11,0.2,0,1.41,37.5,UPI,Delivered,Los Angeles,CA,India,SELL00190
ORD0001597,07-01-2020,CUST013690,Arjun Kapoor,P00038,External HDD 2TB,Clothing,FitLife,1,572.37,0,28.62,11.07,612.06,Net Banking,Delivered,Phoenix,AZ,United States,SELL01341
ORD0001598,25-11-2020,CUST005955,Sneha Reddy,P00004,USB-C Charger,Home & Kitchen,FitLife,3,51.52,0,27.82,7.69,190.07,Cash on Delivery,Delivered,San Antonio,TX,United States,SELL01629
ORD0001599,13-02-2022,CUST017205,Simran Sharma,P00030,Dress Shirt,Clothing,BrightLux,3,203.03,0.05,28.93,2.8,610.37,Credit Card,Delivered,Austin,TX,Australia,SELL01049
ORD0001600,23-08-2024,CUST012085,Aarav Patel,P00042,Projector Mini,Books,Zenith,5,61.37,0.2,12.27,1.32,259.07,Credit Card,Delivered,Indianapolis,IN,India,SELL01306
ORD0001601,30-05-2020,CUST029109,Vihaan Mehta,P00041,Webcam Full HD,Sports & Outdoors,Zenith,1,112.85,0,5.64,3.33,121.82,Amazon Pay,Delivered,Jacksonville,FL,India,SELL00403
ORD0001602,13-01-2023,CUST032725,Arjun Joshi,P00050,Novel Bestseller,Books,CoreTech,4,232.17,0.05,44.11,1.97,928.33,Debit Card,Delivered,San Antonio,TX,United States,SELL01672
ORD0001603,26-05-2020,CUST044153,Aditya Kumar,P00042,Projector Mini,Books,Apex,2,188.48,0.3,13.19,12.87,289.93,UPI,Returned,Washington,DC,United States,SELL01982
ORD0001604,05-07-2024,CUST011050,Sunita Verma,P00028,Jeans,Home & Kitchen,KiddoFun,1,503.29,0.15,21.39,6.93,456.12,UPI,Delivered,Washington,DC,Canada,SELL01316
ORD0001605,05-11-2023,CUST045853,Vihaan Verma,P00001,Wireless Earbuds,Toys & Games,HomeEase,2,539.13,0.1,77.63,9.43,1057.49,Amazon Pay,Delivered,San Antonio,TX,United States,SELL00602
ORD0001606,03-07-2022,CUST024309,Anjali Patel,P00036,Smart Light Bulb,Sports & Outdoors,Apex,4,386.96,0,278.61,11.66,1838.11,Debit Card,Delivered,Denver,CO,United States,SELL00448
ORD0001607,20-04-2024,CUST029743,Priya Singh,P00010,Smartwatch,Toys & Games,FitLife,1,456.77,0.05,34.71,13.38,482.02,Debit Card,Delivered,San Antonio,TX,United States,SELL00387
ORD0001608,01-08-2023,CUST019163,Sunita Singh,P00040,Microphone,Home & Kitchen,Apex,2,126.23,0,45.44,2.68,300.58,Credit Card,Delivered,Indianapolis,IN,Canada,SELL01645
ORD0001609,30-11-2021,CUST015134,Arjun Verma,P00042,Projector Mini,Books,ReadMore,3,83.16,0,29.94,9.25,288.67,Net Banking,Cancelled,Dallas,TX,United States,SELL01658
ORD0001610,22-03-2020,CUST035451,Aman Kapoor,P00037,Router,Clothing,ReadMore,1,123.51,0.05,0,9.21,126.54,Amazon Pay,Delivered,Fort Worth,TX,United Kingdom,SELL00505
ORD0001611,28-05-2021,CUST029198,Aarav Kapoor,P00048,Wireless Charger,Clothing,BrightLux,4,331.18,0,66.24,14.96,1405.92,Credit Card,Delivered,Los Angeles,CA,Canada,SELL01695
ORD0001612,25-03-2022,CUST000489,Mohit Joshi,P00016,Air Fryer,Clothing,Apex,2,563.96,0,90.23,0.19,1218.34,Amazon Pay,Shipped,Los Angeles,CA,United States,SELL01352
ORD0001613,09-12-2021,CUST026365,Vikas Kumar,P00042,Projector Mini,Clothing,Apex,1,549.55,0.05,62.65,11.75,596.47,Cash on Delivery,Delivered,San Francisco,CA,India,SELL00729
ORD0001614,26-03-2024,CUST048207,Arjun Mehta,P00005,Laptop Sleeve,Clothing,FitLife,4,328.74,0.05,99.94,0.11,1349.26,Amazon Pay,Delivered,New York,NY,United States,SELL00557
ORD0001615,15-01-2022,CUST001339,Kabir Joshi,P00025,Running Shoes,Sports & Outdoors,Zenith,3,565.65,0.15,115.39,11.62,1569.42,Credit Card,Delivered,Chicago,IL,India,SELL00783
ORD0001616,19-10-2022,CUST033902,Rohit Verma,P00020,Office Chair,Electronics,NexPro,5,252.2,0,100.88,4.08,1365.96,Credit Card,Delivered,San Diego,CA,United States,SELL00653
ORD0001617,10-11-2023,CUST043882,Vihaan Singh,P00019,LED Desk Lamp,Sports & Outdoors,BrightLux,3,461.27,0.25,83.03,2.12,1123.01,Credit Card,Shipped,San Antonio,TX,United States,SELL01124
ORD0001618,07-12-2021,CUST037420,Vihaan Kapoor,P00026,Sunglasses,Toys & Games,Apex,1,95.64,0,7.65,6.62,109.91,UPI,Delivered,San Francisco,CA,United States,SELL00750
ORD0001619,15-04-2021,CUST043417,Sunita Patel,P00035,Desk Plant,Home & Kitchen,KiddoFun,1,521.34,0,26.07,1.86,549.27,Amazon Pay,Shipped,Houston,TX,United States,SELL00426
ORD0001620,16-02-2023,CUST003163,Karan Patel,P00047,Memory Card 128GB,Electronics,FitLife,5,512.94,0.15,261.6,0.04,2441.64,Debit Card,Delivered,Austin,TX,United States,SELL00434
ORD0001621,30-01-2021,CUST049391,Arjun Kumar,P00031,Kids Toy Car,Books,HomeEase,5,576.54,0.2,276.74,8.24,2591.14,Net Banking,Delivered,Dallas,TX,United States,SELL00248
ORD0001622,04-04-2024,CUST023852,Pooja Verma,P00018,Vacuum Cleaner,Electronics,Apex,2,305.19,0.1,27.47,5.32,582.13,Debit Card,Delivered,Dallas,TX,India,SELL00084
ORD0001623,17-09-2020,CUST028989,Sneha Reddy,P00041,Webcam Full HD,Books,HomeEase,5,336.04,0.05,79.81,11.96,1687.96,UPI,Delivered,Columbus,OH,United States,SELL01262
ORD0001624,15-03-2022,CUST041730,Kabir Kapoor,P00022,Water Bottle,Home & Kitchen,ReadMore,5,178.15,0.05,101.55,7.25,955.01,Net Banking,Shipped,Columbus,OH,United States,SELL00390
ORD0001625,22-07-2022,CUST007411,Kabir Gupta,P00016,Air Fryer,Home & Kitchen,Zenith,5,575.97,0.2,115.19,1.88,2420.95,Credit Card,Delivered,Indianapolis,IN,United States,SELL01780
ORD0001626,03-07-2023,CUST007121,Aarav Gupta,P00003,Smartphone Case,Electronics,KiddoFun,3,119.69,0.15,15.26,5.68,326.15,Debit Card,Delivered,Jacksonville,FL,United States,SELL00822
ORD0001627,23-10-2024,CUST026703,Rohit Reddy,P00002,Bluetooth Speaker,Sports & Outdoors,BrightLux,2,498.95,0.05,47.4,5.62,1001.02,Debit Card,Delivered,Denver,CO,United States,SELL01179
ORD0001628,23-06-2022,CUST014811,Kabir Reddy,P00010,Smartwatch,Clothing,HomeEase,5,473.14,0.3,82.8,3.57,1742.36,Amazon Pay,Shipped,Jacksonville,FL,United States,SELL00763
ORD0001629,03-06-2023,CUST036855,Rohit Mehta,P00028,Jeans,Home & Kitchen,NexPro,2,73.47,0,0,14.9,161.84,Credit Card,Delivered,Columbus,OH,United States,SELL01608
ORD0001630,12-12-2022,CUST032683,Priya Sharma,P00036,Smart Light Bulb,Sports & Outdoors,NexPro,5,41.59,0.05,23.71,3.97,225.23,Amazon Pay,Pending,Washington,DC,India,SELL01040
ORD0001631,28-07-2022,CUST016110,Sneha Joshi,P00050,Novel Bestseller,Sports & Outdoors,ReadMore,2,71.38,0.15,14.56,12.33,148.24,Credit Card,Shipped,Fort Worth,TX,United States,SELL01978
ORD0001632,03-03-2024,CUST049929,Sunita Verma,P00009,Portable SSD 1TB,Sports & Outdoors,ReadMore,2,585.87,0.2,0,10.84,948.23,UPI,Shipped,Phoenix,AZ,United States,SELL00804
ORD0001633,09-03-2024,CUST046781,Sneha Joshi,P00001,Wireless Earbuds,Toys & Games,KiddoFun,5,159.29,0.05,60.53,11.47,828.63,Debit Card,Delivered,Phoenix,AZ,United Kingdom,SELL00074
ORD0001634,03-05-2022,CUST020163,Kabir Verma,P00040,Microphone,Sports & Outdoors,UrbanStyle,5,498.08,0,199.23,8.51,2698.14,Debit Card,Delivered,Chicago,IL,United States,SELL00772
ORD0001635,19-10-2023,CUST037784,Aman Sharma,P00047,Memory Card 128GB,Books,KiddoFun,2,110.49,0.2,14.14,7.16,198.08,UPI,Shipped,San Jose,CA,United States,SELL01968
ORD0001636,27-07-2023,CUST014502,Vikas Patel,P00046,Car Charger,Clothing,NexPro,1,178.42,0,21.41,7.15,206.98,Amazon Pay,Delivered,San Francisco,CA,United States,SELL00026
ORD0001637,15-08-2021,CUST002949,Arjun Mehta,P00037,Router,Toys & Games,Zenith,2,409.71,0.05,38.92,4.4,821.77,Debit Card,Delivered,San Diego,CA,United States,SELL01684
ORD0001638,14-12-2021,CUST040004,Ritika Mehta,P00017,Electric Kettle,Toys & Games,FitLife,3,197.4,0.05,67.51,7.11,637.21,Debit Card,Shipped,San Antonio,TX,India,SELL01085
ORD0001639,27-03-2023,CUST048835,Vikas Reddy,P00023,Cookware Set,Home & Kitchen,KiddoFun,4,474.83,0.1,136.75,8.44,1854.58,Amazon Pay,Shipped,San Francisco,CA,United States,SELL01903
ORD0001640,23-09-2021,CUST047341,Mohit Joshi,P00022,Water Bottle,Home & Kitchen,NexPro,2,303.95,0.05,28.88,3.66,610.04,Credit Card,Delivered,Jacksonville,FL,United Kingdom,SELL00058
ORD0001641,28-02-2020,CUST018078,Aditya Sharma,P00018,Vacuum Cleaner,Clothing,Apex,2,103.43,0,10.34,10.59,227.79,Credit Card,Delivered,Dallas,TX,United States,SELL01635
ORD0001642,16-10-2024,CUST010711,Ritika Verma,P00044,Power Bank 20000mAh,Sports & Outdoors,KiddoFun,1,187.05,0.05,14.22,3.68,195.6,Credit Card,Delivered,San Diego,CA,United States,SELL01315
ORD0001643,07-05-2020,CUST011326,Aarav Gupta,P00006,Gaming Mouse,Books,ReadMore,5,369,0.15,78.41,2.52,1649.18,Credit Card,Delivered,Dallas,TX,United States,SELL01337
ORD0001644,05-01-2022,CUST017331,Rohit Sharma,P00046,Car Charger,Electronics,BrightLux,1,270.99,0,21.68,14.52,307.19,Debit Card,Delivered,Austin,TX,United States,SELL00016
ORD0001645,21-12-2021,CUST020640,Vivaan Mehta,P00005,Laptop Sleeve,Clothing,CoreTech,1,327.61,0.05,24.9,3.9,340.03,Net Banking,Pending,Fort Worth,TX,United Kingdom,SELL00926
ORD0001646,12-02-2023,CUST047723,Aman Gupta,P00040,Microphone,Sports & Outdoors,KiddoFun,1,189.15,0,15.13,11.42,215.7,Debit Card,Delivered,Houston,TX,Australia,SELL00802
ORD0001647,17-05-2023,CUST037706,Aman Mehta,P00029,T-Shirt,Clothing,KiddoFun,1,250.12,0.15,17.01,11.33,240.94,Credit Card,Delivered,Seattle,WA,India,SELL01220
ORD0001648,09-06-2021,CUST006899,Karan Mehta,P00035,Desk Plant,Toys & Games,ReadMore,1,292.68,0,23.41,7.09,323.18,UPI,Delivered,San Francisco,CA,United States,SELL01740
ORD0001649,04-06-2021,CUST010995,Aditya Reddy,P00014,Drone Mini,Toys & Games,ReadMore,2,168.56,0,26.97,5.02,369.11,Debit Card,Delivered,Indianapolis,IN,United States,SELL00518
ORD0001650,05-07-2021,CUST001125,Sahil Kapoor,P00020,Office Chair,Sports & Outdoors,ReadMore,4,154.5,0,111.24,11.46,740.7,Cash on Delivery,Returned,Chicago,IL,United States,SELL01816
ORD0001651,24-08-2020,CUST025825,Arjun Gupta,P00033,Puzzle 1000pc,Sports & Outdoors,Zenith,1,303.21,0.2,12.13,0.35,255.05,Debit Card,Shipped,San Jose,CA,United States,SELL01523
ORD0001652,28-07-2023,CUST015642,Aditya Gupta,P00017,Electric Kettle,Sports & Outdoors,FitLife,1,13.07,0,0.65,0.17,13.89,Debit Card,Delivered,Fort Worth,TX,United States,SELL00564
ORD0001653,14-10-2023,CUST001389,Aditya Reddy,P00012,Noise Cancelling Headphones,Sports & Outdoors,Zenith,1,525.47,0.1,37.83,5.48,516.23,Credit Card,Delivered,Phoenix,AZ,United States,SELL00491
ORD0001654,09-05-2023,CUST024030,Rohit Singh,P00031,Kids Toy Car,Toys & Games,FitLife,5,70.55,0.05,16.76,11,362.87,Debit Card,Delivered,Austin,TX,United States,SELL01667
ORD0001655,16-11-2024,CUST021527,Sahil Patel,P00012,Noise Cancelling Headphones,Electronics,CoreTech,5,28.16,0,7.04,13.92,161.76,Credit Card,Returned,Chicago,IL,United States,SELL00530
ORD0001656,25-07-2023,CUST003648,Sunita Kapoor,P00026,Sunglasses,Electronics,ReadMore,2,187.01,0,0,13.95,387.97,Debit Card,Delivered,San Antonio,TX,United States,SELL00439
ORD0001657,12-06-2023,CUST016349,Aditya Gupta,P00031,Kids Toy Car,Toys & Games,Zenith,3,243.7,0,36.56,8.31,775.97,UPI,Delivered,Jacksonville,FL,United States,SELL01143
ORD0001658,08-05-2021,CUST049992,Karan Kumar,P00046,Car Charger,Books,BrightLux,2,130.49,0.05,44.63,0.68,293.24,Net Banking,Delivered,Denver,CO,Canada,SELL01242
ORD0001659,04-01-2020,CUST033975,Vivaan Kumar,P00016,Air Fryer,Books,Zenith,1,346.37,0,41.56,9.17,397.1,Amazon Pay,Shipped,Dallas,TX,United States,SELL01091
ORD0001660,27-10-2021,CUST009848,Aditya Mehta,P00002,Bluetooth Speaker,Sports & Outdoors,CoreTech,5,74.72,0,67.25,4.85,445.7,Amazon Pay,Delivered,San Antonio,TX,United States,SELL01431
ORD0001661,17-03-2021,CUST037641,Vihaan Joshi,P00009,Portable SSD 1TB,Home & Kitchen,ReadMore,5,191.64,0,47.91,13.43,1019.54,Credit Card,Delivered,Indianapolis,IN,India,SELL00723
ORD0001662,29-01-2020,CUST046852,Kabir Kapoor,P00011,Fitness Band,Sports & Outdoors,KiddoFun,3,558.21,0,83.73,4.94,1763.3,UPI,Shipped,Columbus,OH,United States,SELL01856
ORD0001663,06-02-2023,CUST016935,Vivaan Gupta,P00006,Gaming Mouse,Toys & Games,KiddoFun,3,199.41,0.1,64.61,4.25,607.27,Amazon Pay,Delivered,Seattle,WA,United States,SELL00558
ORD0001664,01-09-2021,CUST008492,Mohit Verma,P00037,Router,Electronics,ReadMore,3,486.09,0.1,65.62,5.7,1383.76,Credit Card,Delivered,San Antonio,TX,United States,SELL01165
ORD0001665,16-10-2024,CUST005389,Aarav Singh,P00049,Children's Book,Electronics,CoreTech,1,437.85,0,21.89,4.27,464.01,Credit Card,Delivered,Columbus,OH,United States,SELL01959
ORD0001666,15-03-2022,CUST029260,Aarav Singh,P00013,Action Camera,Books,KiddoFun,5,173.41,0.25,52.02,13.27,715.58,Debit Card,Shipped,Indianapolis,IN,United States,SELL00673
ORD0001667,15-03-2020,CUST043977,Neha Patel,P00012,Noise Cancelling Headphones,Books,Zenith,4,133.49,0,96.11,10.02,640.09,UPI,Shipped,Washington,DC,United States,SELL00103
ORD0001668,17-04-2022,CUST020364,Aman Reddy,P00002,Bluetooth Speaker,Electronics,NexPro,4,253.79,0,81.21,9.4,1105.77,Debit Card,Delivered,Dallas,TX,United States,SELL00098
ORD0001669,15-03-2023,CUST013592,Pooja Singh,P00032,Board Game,Toys & Games,BrightLux,3,559.38,0.15,71.32,10.08,1507.82,Debit Card,Delivered,Fort Worth,TX,United States,SELL01439
ORD0001670,07-05-2020,CUST016382,Vikas Singh,P00041,Webcam Full HD,Clothing,HomeEase,1,96.66,0.05,11.02,5.8,108.65,UPI,Delivered,Dallas,TX,United Kingdom,SELL00206
ORD0001671,11-02-2020,CUST049357,Pooja Verma,P00026,Sunglasses,Clothing,UrbanStyle,5,181.56,0,108.94,4.35,1021.09,UPI,Delivered,Fort Worth,TX,United States,SELL01279
ORD0001672,11-10-2023,CUST014947,Aarav Patel,P00007,Mechanical Keyboard,Clothing,FitLife,5,43.88,0,10.97,6.77,237.14,Debit Card,Delivered,Houston,TX,India,SELL01286
ORD0001673,10-02-2020,CUST024998,Karan Gupta,P00007,Mechanical Keyboard,Sports & Outdoors,UrbanStyle,5,375.22,0,93.8,2.61,1972.51,Credit Card,Shipped,Houston,TX,India,SELL01340
ORD0001674,22-07-2022,CUST013262,Aman Verma,P00005,Laptop Sleeve,Sports & Outdoors,UrbanStyle,3,80.39,0.25,32.56,10.41,223.85,Credit Card,Delivered,Denver,CO,United States,SELL01322
ORD0001675,03-02-2020,CUST001986,Pooja Kapoor,P00038,External HDD 2TB,Books,CoreTech,4,217.45,0,43.49,7.03,920.32,Credit Card,Shipped,New York,NY,India,SELL01780
ORD0001676,06-11-2022,CUST010166,Aditya Joshi,P00027,Winter Jacket,Toys & Games,ReadMore,4,381.73,0.1,68.71,3.33,1446.27,UPI,Delivered,Austin,TX,India,SELL01354
ORD0001677,27-08-2024,CUST044821,Simran Reddy,P00024,Yoga Mat,Clothing,ReadMore,1,409.38,0.05,31.11,9.11,429.13,Credit Card,Delivered,Phoenix,AZ,United States,SELL01890
ORD0001678,22-03-2023,CUST032415,Vikas Sharma,P00032,Board Game,Home & Kitchen,Apex,2,329.82,0,0,9.07,668.71,Amazon Pay,Delivered,Dallas,TX,United States,SELL01489
ORD0001679,24-09-2022,CUST022848,Neha Kapoor,P00047,Memory Card 128GB,Clothing,Apex,1,69.85,0,5.59,11.39,86.83,Debit Card,Delivered,Los Angeles,CA,United States,SELL01046
ORD0001680,02-11-2023,CUST036515,Mohit Patel,P00004,USB-C Charger,Books,FitLife,4,440.33,0,140.91,11.92,1914.15,Debit Card,Returned,Los Angeles,CA,India,SELL01930
ORD0001681,10-08-2021,CUST007312,Mohit Gupta,P00014,Drone Mini,Toys & Games,Apex,4,121.66,0.1,0,12.25,450.23,Debit Card,Delivered,Washington,DC,United States,SELL01570
ORD0001682,10-06-2024,CUST022618,Vihaan Kapoor,P00035,Desk Plant,Sports & Outdoors,BrightLux,5,401.64,0,160.66,6.04,2174.9,Credit Card,Delivered,Fort Worth,TX,Australia,SELL00404
ORD0001683,10-07-2024,CUST012838,Vihaan Kumar,P00039,Graphic Tablet,Books,Zenith,2,488.03,0.2,62.47,12.47,855.79,UPI,Delivered,Phoenix,AZ,United States,SELL00683
ORD0001684,07-12-2020,CUST030467,Aman Sharma,P00050,Novel Bestseller,Books,BrightLux,5,198.49,0.05,75.43,8.93,1027.19,Cash on Delivery,Delivered,San Jose,CA,United States,SELL01608
ORD0001685,27-01-2020,CUST011429,Vivaan Sharma,P00031,Kids Toy Car,Home & Kitchen,KiddoFun,2,216.39,0,21.64,11.51,465.93,Debit Card,Delivered,Dallas,TX,United States,SELL01136
ORD0001686,03-08-2023,CUST008166,Sneha Sharma,P00012,Noise Cancelling Headphones,Toys & Games,CoreTech,3,493.49,0.1,239.84,7.52,1579.78,Debit Card,Shipped,Denver,CO,United States,SELL01108
ORD0001687,07-10-2021,CUST034562,Neha Patel,P00024,Yoga Mat,Home & Kitchen,Apex,5,412.35,0.05,235.04,6.61,2200.31,UPI,Shipped,Jacksonville,FL,United States,SELL00168
ORD0001688,31-12-2021,CUST006102,Sunita Singh,P00003,Smartphone Case,Clothing,BrightLux,1,347.83,0,27.83,7.19,382.85,Cash on Delivery,Delivered,Charlotte,NC,United States,SELL00067
ORD0001689,16-06-2020,CUST021763,Mohit Sharma,P00032,Board Game,Electronics,Zenith,1,187.28,0,0,3.91,191.19,Credit Card,Delivered,Philadelphia,PA,United States,SELL01678
ORD0001690,01-09-2021,CUST030312,Sahil Mehta,P00025,Running Shoes,Books,KiddoFun,3,336.31,0.1,45.4,13.65,967.09,Credit Card,Cancelled,Washington,DC,United States,SELL00434
ORD0001691,24-09-2020,CUST042671,Sneha Patel,P00036,Smart Light Bulb,Home & Kitchen,NexPro,2,450.12,0.1,40.51,1.99,852.72,Debit Card,Delivered,Austin,TX,United States,SELL00775
ORD0001692,07-11-2024,CUST032602,Sneha Mehta,P00011,Fitness Band,Books,Zenith,2,50.01,0,8,4.22,112.24,Credit Card,Cancelled,Columbus,OH,India,SELL00080
ORD0001693,31-03-2022,CUST038427,Anjali Gupta,P00028,Jeans,Sports & Outdoors,BrightLux,5,302.6,0.1,108.94,2.3,1472.94,UPI,Pending,Los Angeles,CA,United States,SELL01312
ORD0001694,30-03-2021,CUST022463,Aditya Kapoor,P00041,Webcam Full HD,Toys & Games,UrbanStyle,1,105.65,0.15,16.16,8.75,114.71,Debit Card,Delivered,San Jose,CA,United States,SELL01483
ORD0001695,24-06-2022,CUST044582,Vikas Verma,P00021,Backpack,Toys & Games,FitLife,3,598.25,0.05,85.25,13.9,1804.16,Amazon Pay,Cancelled,Dallas,TX,United States,SELL01766
ORD0001696,04-09-2024,CUST033452,Aman Sharma,P00029,T-Shirt,Home & Kitchen,KiddoFun,4,273.64,0,87.56,6.09,1188.21,Credit Card,Delivered,Jacksonville,FL,United States,SELL00165
ORD0001697,25-11-2023,CUST032791,Mohit Kumar,P00032,Board Game,Electronics,KiddoFun,3,124.45,0.15,0,2.85,320.2,Cash on Delivery,Delivered,Charlotte,NC,United States,SELL01557
ORD0001698,10-07-2022,CUST010681,Aman Sharma,P00033,Puzzle 1000pc,Home & Kitchen,CoreTech,5,218.49,0.15,46.43,10.81,985.82,Net Banking,Delivered,Charlotte,NC,United States,SELL01969
ORD0001699,07-09-2022,CUST027706,Sunita Verma,P00005,Laptop Sleeve,Toys & Games,NexPro,2,44.22,0.15,6.01,6.87,88.05,Net Banking,Delivered,San Jose,CA,United States,SELL01127
ORD0001700,08-02-2024,CUST022416,Simran Gupta,P00023,Cookware Set,Clothing,Zenith,1,330.52,0.1,14.87,2.98,315.32,Amazon Pay,Delivered,Philadelphia,PA,United States,SELL01729
ORD0001701,02-12-2021,CUST026394,Priya Patel,P00004,USB-C Charger,Sports & Outdoors,ReadMore,5,444.9,0.2,0,3.99,1783.59,Amazon Pay,Delivered,Indianapolis,IN,United States,SELL00953
ORD0001702,25-09-2021,CUST004783,Aditya Reddy,P00024,Yoga Mat,Toys & Games,Apex,1,437.3,0.05,49.85,2.86,468.15,Amazon Pay,Shipped,San Diego,CA,United States,SELL01754
ORD0001703,30-04-2024,CUST011360,Simran Sharma,P00005,Laptop Sleeve,Books,Zenith,1,533.17,0.1,0,4.84,484.69,Amazon Pay,Pending,Austin,TX,United States,SELL00570
ORD0001704,18-05-2024,CUST019880,Vikas Kumar,P00034,Desk Organizer,Electronics,CoreTech,2,343.47,0,0,14.66,701.6,Amazon Pay,Delivered,Denver,CO,United States,SELL00987
ORD0001705,09-05-2020,CUST012750,Priya Kapoor,P00007,Mechanical Keyboard,Books,ReadMore,4,440.51,0,88.1,13.06,1863.2,Debit Card,Delivered,Philadelphia,PA,India,SELL01051
ORD0001706,16-10-2022,CUST012917,Priya Kapoor,P00043,HDMI Cable 2m,Electronics,BrightLux,2,439.22,0.2,84.33,14.85,801.93,Credit Card,Shipped,Columbus,OH,India,SELL01890
ORD0001707,18-10-2023,CUST000752,Sneha Joshi,P00005,Laptop Sleeve,Sports & Outdoors,HomeEase,2,100.19,0.2,8.02,11.45,179.77,Credit Card,Delivered,Philadelphia,PA,United States,SELL00880
ORD0001708,24-09-2024,CUST007596,Vikas Kapoor,P00029,T-Shirt,Home & Kitchen,HomeEase,5,347.97,0,139.19,8.64,1887.68,UPI,Delivered,San Antonio,TX,India,SELL01795
ORD0001709,29-03-2022,CUST003427,Neha Kumar,P00007,Mechanical Keyboard,Clothing,NexPro,2,472.47,0,47.25,0.92,993.11,Cash on Delivery,Delivered,Washington,DC,Canada,SELL00178
ORD0001710,23-11-2021,CUST025242,Sahil Kumar,P00039,Graphic Tablet,Books,CoreTech,1,459.59,0.05,34.93,6.41,477.95,Cash on Delivery,Delivered,San Francisco,CA,United States,SELL01824
ORD0001711,08-08-2023,CUST041268,Arjun Sharma,P00025,Running Shoes,Electronics,Zenith,3,270.32,0.2,51.9,10.81,711.48,Debit Card,Delivered,Dallas,TX,United States,SELL01197
ORD0001712,26-10-2023,CUST047525,Karan Sharma,P00050,Novel Bestseller,Toys & Games,UrbanStyle,2,37.88,0.05,5.76,7.99,85.72,Amazon Pay,Delivered,Phoenix,AZ,India,SELL00584
ORD0001713,04-03-2022,CUST024879,Sneha Reddy,P00006,Gaming Mouse,Clothing,ReadMore,4,337.5,0.3,47.25,6.17,998.42,Net Banking,Shipped,San Francisco,CA,United States,SELL00508
ORD0001714,29-01-2020,CUST033480,Vikas Sharma,P00033,Puzzle 1000pc,Toys & Games,Apex,1,370.51,0.1,40.02,3.78,377.26,UPI,Shipped,Seattle,WA,United Kingdom,SELL01469
ORD0001715,28-05-2020,CUST016910,Anjali Sharma,P00044,Power Bank 20000mAh,Clothing,KiddoFun,1,390.83,0.25,14.66,13.68,321.46,Debit Card,Delivered,Seattle,WA,India,SELL00584
ORD0001716,07-12-2024,CUST040090,Sunita Gupta,P00011,Fitness Band,Books,Apex,3,515.96,0.1,69.65,13.51,1476.25,Credit Card,Delivered,Seattle,WA,United States,SELL00544
ORD0001717,12-08-2023,CUST012335,Vihaan Kumar,P00046,Car Charger,Home & Kitchen,UrbanStyle,2,517.84,0.2,66.28,12.35,907.17,Debit Card,Delivered,Austin,TX,India,SELL00855
ORD0001718,11-01-2020,CUST025336,Aman Kumar,P00007,Mechanical Keyboard,Sports & Outdoors,FitLife,1,530.84,0.1,38.22,1.98,517.96,Net Banking,Delivered,Denver,CO,United States,SELL00702
ORD0001719,15-03-2024,CUST004702,Karan Joshi,P00048,Wireless Charger,Sports & Outdoors,UrbanStyle,4,404.77,0.15,247.72,8.08,1632.02,Credit Card,Delivered,Columbus,OH,India,SELL01566
ORD0001720,06-11-2021,CUST024296,Vivaan Singh,P00021,Backpack,Electronics,CoreTech,1,8.86,0.25,0.53,3.07,10.24,Credit Card,Shipped,Los Angeles,CA,United Kingdom,SELL00323
ORD0001721,10-02-2023,CUST024682,Pooja Verma,P00014,Drone Mini,Electronics,ReadMore,5,339.34,0.1,122.16,10.09,1659.28,Debit Card,Delivered,Seattle,WA,United States,SELL00437
ORD0001722,05-07-2020,CUST024461,Vivaan Kumar,P00038,External HDD 2TB,Books,NexPro,3,171.99,0.05,24.51,7.95,522.63,Net Banking,Shipped,San Antonio,TX,United States,SELL00724
ORD0001723,17-03-2022,CUST021220,Aman Mehta,P00025,Running Shoes,Sports & Outdoors,Apex,1,259.4,0.2,0,5.63,213.15,Debit Card,Delivered,Austin,TX,United States,SELL01926
ORD0001724,13-01-2022,CUST000907,Vikas Joshi,P00020,Office Chair,Electronics,Apex,3,84.36,0.1,41,2.65,271.42,Net Banking,Pending,Columbus,OH,India,SELL01730
ORD0001725,04-06-2023,CUST043379,Aditya Kapoor,P00021,Backpack,Books,Zenith,5,411.44,0,246.86,1.28,2305.34,Net Banking,Returned,Fort Worth,TX,India,SELL00179
ORD0001726,26-08-2023,CUST045848,Vihaan Reddy,P00039,Graphic Tablet,Books,Zenith,1,362.3,0,43.48,6.03,411.81,Credit Card,Delivered,New York,NY,United States,SELL00299
ORD0001727,07-04-2020,CUST047100,Arjun Mehta,P00032,Board Game,Books,BrightLux,4,323.33,0,103.47,13.62,1410.41,Net Banking,Delivered,Denver,CO,United States,SELL00817
ORD0001728,24-02-2020,CUST039157,Aditya Kapoor,P00043,HDMI Cable 2m,Clothing,Zenith,1,255.85,0.1,18.42,9.29,257.98,Amazon Pay,Delivered,Philadelphia,PA,Canada,SELL01255
ORD0001729,14-09-2021,CUST036434,Ritika Sharma,P00007,Mechanical Keyboard,Electronics,UrbanStyle,1,229.76,0,11.49,5.51,246.76,Amazon Pay,Returned,Phoenix,AZ,United Kingdom,SELL01030
ORD0001730,25-10-2021,CUST038423,Karan Singh,P00043,HDMI Cable 2m,Books,Zenith,4,258.37,0.05,0,4.34,986.15,Amazon Pay,Delivered,Fort Worth,TX,United States,SELL01214
ORD0001731,27-01-2022,CUST030837,Sneha Gupta,P00025,Running Shoes,Sports & Outdoors,NexPro,2,381.08,0,38.11,11.94,812.21,Credit Card,Delivered,Indianapolis,IN,United States,SELL01081
ORD0001732,09-02-2021,CUST002926,Pooja Patel,P00044,Power Bank 20000mAh,Toys & Games,NexPro,5,112.77,0.05,0,8.31,543.97,Credit Card,Delivered,Washington,DC,United States,SELL00616
ORD0001733,09-03-2020,CUST028658,Sunita Patel,P00024,Yoga Mat,Clothing,UrbanStyle,2,22.97,0,5.51,1.7,53.15,Debit Card,Delivered,Chicago,IL,India,SELL00791
ORD0001734,28-08-2023,CUST016519,Anjali Joshi,P00027,Winter Jacket,Books,KiddoFun,4,226.02,0.1,146.46,13.96,974.09,Cash on Delivery,Shipped,Charlotte,NC,United States,SELL01219
ORD0001735,05-08-2023,CUST000737,Pooja Kumar,P00018,Vacuum Cleaner,Sports & Outdoors,UrbanStyle,5,90.36,0,0,4.33,456.13,Net Banking,Delivered,Fort Worth,TX,United States,SELL01974
ORD0001736,20-11-2024,CUST023418,Aditya Kumar,P00002,Bluetooth Speaker,Toys & Games,FitLife,3,385.28,0,0,13.32,1169.16,Credit Card,Delivered,Philadelphia,PA,United States,SELL01028
ORD0001737,20-04-2024,CUST008330,Arjun Kapoor,P00048,Wireless Charger,Electronics,KiddoFun,1,346.18,0.1,15.58,1.11,328.25,Credit Card,Delivered,Indianapolis,IN,United States,SELL01101
ORD0001738,20-01-2022,CUST034645,Vihaan Singh,P00029,T-Shirt,Electronics,KiddoFun,1,597.96,0.15,60.99,13.92,583.18,Cash on Delivery,Shipped,Fort Worth,TX,United Kingdom,SELL00131
ORD0001739,17-03-2023,CUST039625,Vihaan Singh,P00006,Gaming Mouse,Electronics,ReadMore,3,8.95,0,2.15,0.81,29.81,Debit Card,Delivered,Phoenix,AZ,United States,SELL00784
ORD0001740,30-01-2024,CUST036727,Simran Joshi,P00016,Air Fryer,Electronics,ReadMore,2,384.69,0.3,64.63,3.18,606.38,Debit Card,Returned,Houston,TX,Canada,SELL00866
ORD0001741,28-10-2024,CUST021936,Anjali Mehta,P00004,USB-C Charger,Clothing,KiddoFun,4,254.72,0.1,0,8.6,925.59,UPI,Shipped,Fort Worth,TX,United States,SELL00116
ORD0001742,21-06-2023,CUST006681,Vihaan Reddy,P00034,Desk Organizer,Toys & Games,KiddoFun,3,594.78,0.1,192.71,13.56,1812.18,UPI,Pending,Washington,DC,United States,SELL01690
ORD0001743,23-02-2024,CUST032985,Vikas Kumar,P00034,Desk Organizer,Toys & Games,NexPro,3,396.08,0,213.88,3.25,1405.37,UPI,Delivered,Dallas,TX,United States,SELL00952
ORD0001744,15-08-2022,CUST023035,Simran Gupta,P00035,Desk Plant,Books,FitLife,2,450.85,0,162.31,6.75,1070.76,Credit Card,Delivered,Fort Worth,TX,United States,SELL01728
ORD0001745,10-03-2024,CUST033155,Simran Gupta,P00028,Jeans,Electronics,BrightLux,5,580.02,0.15,0,11.37,2476.46,Amazon Pay,Delivered,Charlotte,NC,United States,SELL00149
ORD0001746,30-12-2020,CUST038022,Vihaan Verma,P00039,Graphic Tablet,Sports & Outdoors,Apex,5,71.88,0.05,40.97,9.58,391.98,Credit Card,Delivered,Columbus,OH,India,SELL01639
ORD0001747,26-04-2021,CUST005435,Mohit Gupta,P00022,Water Bottle,Toys & Games,Zenith,1,528.93,0.1,38.08,3.71,517.83,Net Banking,Delivered,Jacksonville,FL,United States,SELL01557
ORD0001748,19-07-2020,CUST033691,Kabir Sharma,P00013,Action Camera,Electronics,BrightLux,1,183.68,0,22.04,4.44,210.16,Amazon Pay,Cancelled,New York,NY,India,SELL00201
ORD0001749,02-06-2020,CUST012883,Rohit Patel,P00003,Smartphone Case,Toys & Games,CoreTech,1,232,0.25,0,5.7,179.7,Credit Card,Delivered,San Jose,CA,India,SELL01122
ORD0001750,13-01-2024,CUST011080,Arjun Verma,P00050,Novel Bestseller,Books,ReadMore,1,522.8,0.15,79.99,13.46,537.83,Credit Card,Delivered,Columbus,OH,United States,SELL01080
ORD0001751,04-03-2024,CUST025405,Sneha Patel,P00029,T-Shirt,Toys & Games,KiddoFun,1,350.44,0.1,37.85,12.42,365.67,Cash on Delivery,Shipped,Charlotte,NC,United States,SELL00280
ORD0001752,13-03-2020,CUST046823,Sunita Reddy,P00027,Winter Jacket,Toys & Games,Apex,3,349.82,0.25,62.97,0.99,851.06,Debit Card,Delivered,Houston,TX,India,SELL00253
ORD0001753,13-12-2021,CUST026212,Vivaan Gupta,P00031,Kids Toy Car,Clothing,BrightLux,2,249.52,0.05,37.93,0.3,512.32,Amazon Pay,Delivered,New York,NY,United States,SELL01182
ORD0001754,22-10-2020,CUST011730,Pooja Singh,P00012,Noise Cancelling Headphones,Books,CoreTech,1,37.09,0,6.68,3.08,46.85,Credit Card,Delivered,Charlotte,NC,Canada,SELL01614
ORD0001755,06-11-2022,CUST045767,Aarav Mehta,P00049,Children's Book,Electronics,BrightLux,1,420.52,0,50.46,14.59,485.57,Credit Card,Delivered,Indianapolis,IN,United States,SELL01856
ORD0001756,22-07-2024,CUST003265,Simran Reddy,P00012,Noise Cancelling Headphones,Books,Apex,2,479.09,0.3,80.49,4.8,756.02,UPI,Delivered,Washington,DC,Canada,SELL01566
ORD0001757,25-05-2023,CUST032133,Sahil Kumar,P00002,Bluetooth Speaker,Books,BrightLux,2,450.65,0.05,102.75,10.12,969.1,Debit Card,Delivered,New York,NY,United States,SELL00634
ORD0001758,01-03-2020,CUST006826,Vihaan Joshi,P00020,Office Chair,Toys & Games,HomeEase,5,485.81,0.1,109.31,3.88,2299.34,UPI,Delivered,Houston,TX,United States,SELL00687
ORD0001759,27-07-2022,CUST021646,Vihaan Singh,P00018,Vacuum Cleaner,Sports & Outdoors,KiddoFun,5,220.64,0,198.58,5.98,1307.76,Debit Card,Delivered,Chicago,IL,United States,SELL00851
ORD0001760,27-06-2024,CUST039160,Vihaan Sharma,P00012,Noise Cancelling Headphones,Home & Kitchen,BrightLux,5,555.32,0,222.13,12.57,3011.3,UPI,Delivered,Denver,CO,United States,SELL01109
ORD0001761,11-02-2020,CUST022028,Vivaan Kumar,P00049,Children's Book,Toys & Games,UrbanStyle,5,582.55,0.05,332.05,7.93,3107.09,Amazon Pay,Delivered,New York,NY,United States,SELL01326
ORD0001762,25-01-2020,CUST029395,Arjun Kumar,P00031,Kids Toy Car,Home & Kitchen,ReadMore,5,490.78,0.1,265.02,8.54,2482.07,Debit Card,Shipped,Phoenix,AZ,United States,SELL01629
ORD0001763,28-11-2022,CUST036226,Sunita Patel,P00028,Jeans,Clothing,FitLife,3,477.76,0,0,4.24,1437.52,Debit Card,Delivered,Phoenix,AZ,United Kingdom,SELL00144
ORD0001764,10-05-2020,CUST027406,Aditya Kapoor,P00046,Car Charger,Home & Kitchen,KiddoFun,2,475.94,0.05,45.21,14.08,963.58,Debit Card,Delivered,San Jose,CA,United States,SELL00976
ORD0001765,01-03-2024,CUST027971,Ritika Gupta,P00018,Vacuum Cleaner,Books,NexPro,2,135.69,0.1,12.21,3.13,259.58,Amazon Pay,Delivered,Dallas,TX,India,SELL01498
ORD0001766,06-06-2023,CUST042445,Aditya Sharma,P00032,Board Game,Clothing,Zenith,1,267.96,0.15,18.22,10.27,256.26,Credit Card,Delivered,Indianapolis,IN,India,SELL00061
ORD0001767,17-04-2020,CUST026609,Aditya Kumar,P00005,Laptop Sleeve,Clothing,BrightLux,2,75.87,0.05,11.53,3.13,158.81,Credit Card,Pending,Los Angeles,CA,India,SELL01980
ORD0001768,20-06-2020,CUST015630,Simran Singh,P00035,Desk Plant,Home & Kitchen,UrbanStyle,4,284.77,0,205.03,5.65,1349.76,Credit Card,Delivered,Washington,DC,Australia,SELL01031
ORD0001769,29-12-2023,CUST013218,Aditya Patel,P00050,Novel Bestseller,Home & Kitchen,Apex,5,275.64,0.3,77.18,7.79,1049.71,Debit Card,Shipped,San Diego,CA,United States,SELL00482
ORD0001770,10-02-2024,CUST038701,Vihaan Sharma,P00034,Desk Organizer,Sports & Outdoors,UrbanStyle,4,33.18,0.05,0,10.76,136.84,Credit Card,Delivered,San Francisco,CA,United States,SELL00527
ORD0001771,11-04-2020,CUST022589,Simran Sharma,P00019,LED Desk Lamp,Sports & Outdoors,BrightLux,4,401.02,0.05,182.87,10.15,1716.9,Amazon Pay,Delivered,Denver,CO,United Kingdom,SELL01695
ORD0001772,15-05-2022,CUST042934,Mohit Kapoor,P00009,Portable SSD 1TB,Toys & Games,NexPro,1,61.77,0.25,0,5.61,51.94,Amazon Pay,Delivered,Philadelphia,PA,United States,SELL00034
ORD0001773,07-06-2021,CUST027559,Karan Mehta,P00026,Sunglasses,Books,Zenith,4,365.06,0.25,131.42,10.14,1236.74,Amazon Pay,Cancelled,New York,NY,United States,SELL01340
ORD0001774,01-10-2020,CUST011262,Neha Sharma,P00042,Projector Mini,Books,HomeEase,3,242.57,0.1,117.89,12.31,785.14,UPI,Shipped,San Diego,CA,India,SELL01025
ORD0001775,24-06-2024,CUST018209,Sunita Mehta,P00041,Webcam Full HD,Books,Apex,4,470.63,0,225.9,10.4,2118.82,UPI,Delivered,San Francisco,CA,United States,SELL01704
ORD0001776,03-12-2022,CUST035735,Mohit Patel,P00033,Puzzle 1000pc,Home & Kitchen,ReadMore,5,577.47,0,144.37,12.92,3044.64,Net Banking,Delivered,Denver,CO,United States,SELL01931
ORD0001777,27-03-2022,CUST006472,Rohit Singh,P00015,Instant Pot,Books,ReadMore,1,280.24,0.05,21.3,6.37,293.9,Cash on Delivery,Shipped,Chicago,IL,United Kingdom,SELL01525
ORD0001778,14-08-2022,CUST027519,Pooja Gupta,P00047,Memory Card 128GB,Toys & Games,ReadMore,3,263.36,0,63.21,7.43,860.72,Credit Card,Delivered,Columbus,OH,United States,SELL00856
ORD0001779,06-11-2022,CUST018600,Simran Singh,P00029,T-Shirt,Home & Kitchen,HomeEase,3,114.16,0.1,55.48,7.23,370.94,Cash on Delivery,Delivered,Chicago,IL,Canada,SELL01776
ORD0001780,25-11-2020,CUST046615,Vivaan Kapoor,P00011,Fitness Band,Sports & Outdoors,CoreTech,1,42.54,0.2,2.72,3.44,40.19,UPI,Delivered,Charlotte,NC,Australia,SELL01018
ORD0001781,11-05-2024,CUST027707,Kabir Kapoor,P00010,Smartwatch,Electronics,BrightLux,4,196.75,0,0,2.72,789.72,Credit Card,Delivered,Charlotte,NC,India,SELL01845
ORD0001782,29-02-2024,CUST032178,Sneha Gupta,P00015,Instant Pot,Toys & Games,BrightLux,2,283.44,0.05,26.93,5.94,571.41,Credit Card,Delivered,Dallas,TX,India,SELL01625
ORD0001783,12-01-2020,CUST042944,Neha Mehta,P00020,Office Chair,Clothing,UrbanStyle,5,466.79,0,116.7,12.98,2463.63,Credit Card,Delivered,Seattle,WA,India,SELL01419
ORD0001784,03-09-2023,CUST042808,Sahil Joshi,P00008,4K Monitor,Toys & Games,Apex,4,13.13,0,6.3,11.53,70.35,Amazon Pay,Delivered,Los Angeles,CA,United States,SELL01433
ORD0001785,03-06-2024,CUST017067,Vivaan Verma,P00047,Memory Card 128GB,Home & Kitchen,Zenith,5,368.98,0,92.24,14.97,1952.11,Credit Card,Delivered,Philadelphia,PA,United States,SELL01747
ORD0001786,03-08-2020,CUST032639,Pooja Mehta,P00029,T-Shirt,Home & Kitchen,NexPro,5,249.62,0,62.4,10.44,1320.94,Amazon Pay,Delivered,Seattle,WA,United States,SELL01849
ORD0001787,04-12-2020,CUST010488,Arjun Mehta,P00035,Desk Plant,Home & Kitchen,Zenith,4,106.67,0,76.8,5.53,509.01,Net Banking,Delivered,Philadelphia,PA,United States,SELL01545
ORD0001788,04-12-2024,CUST037690,Rohit Reddy,P00047,Memory Card 128GB,Electronics,CoreTech,4,316.33,0.05,96.16,6.11,1304.32,Credit Card,Delivered,San Diego,CA,United States,SELL01878
ORD0001789,22-10-2021,CUST038384,Sneha Reddy,P00030,Dress Shirt,Clothing,BrightLux,3,532.16,0,127.72,5.96,1730.16,Amazon Pay,Shipped,Fort Worth,TX,India,SELL01298
ORD0001790,09-01-2023,CUST003968,Aarav Mehta,P00048,Wireless Charger,Clothing,BrightLux,1,100.1,0,12.01,14.92,127.03,UPI,Delivered,Houston,TX,Australia,SELL01838
ORD0001791,16-10-2024,CUST044428,Vikas Joshi,P00020,Office Chair,Electronics,UrbanStyle,5,520.39,0,130.1,8.57,2740.62,UPI,Delivered,San Antonio,TX,United Kingdom,SELL01835
ORD0001792,17-02-2024,CUST025508,Sahil Joshi,P00009,Portable SSD 1TB,Toys & Games,HomeEase,4,76.35,0.05,34.82,7.14,332.09,Net Banking,Returned,Chicago,IL,United Kingdom,SELL01884
ORD0001793,08-01-2021,CUST011209,Vikas Kapoor,P00032,Board Game,Electronics,KiddoFun,3,553.05,0.05,189.14,3.05,1768.38,Cash on Delivery,Delivered,Fort Worth,TX,India,SELL01858
ORD0001794,02-09-2022,CUST035297,Aman Patel,P00043,HDMI Cable 2m,Clothing,Apex,1,576.13,0,0,11.87,588,UPI,Pending,Los Angeles,CA,United States,SELL00356
ORD0001795,10-12-2021,CUST040224,Sunita Gupta,P00040,Microphone,Books,Zenith,4,409.73,0.2,104.89,1.19,1417.22,UPI,Delivered,Fort Worth,TX,Australia,SELL01616
ORD0001796,08-05-2023,CUST037057,Mohit Sharma,P00024,Yoga Mat,Clothing,UrbanStyle,2,49.93,0.05,4.74,5.53,105.14,Credit Card,Cancelled,Columbus,OH,United States,SELL00734
ORD0001797,09-04-2024,CUST008692,Anjali Kapoor,P00011,Fitness Band,Sports & Outdoors,NexPro,3,278.79,0.3,29.27,12.83,627.56,Net Banking,Delivered,New York,NY,India,SELL00259
ORD0001798,10-04-2021,CUST012440,Sneha Sharma,P00006,Gaming Mouse,Sports & Outdoors,CoreTech,3,283.13,0.15,57.76,3.13,782.87,Credit Card,Delivered,Los Angeles,CA,United States,SELL00041
ORD0001799,17-01-2023,CUST041629,Pooja Sharma,P00001,Wireless Earbuds,Sports & Outdoors,ReadMore,5,145.91,0.25,0,10.96,558.12,Cash on Delivery,Delivered,Dallas,TX,United States,SELL01102
ORD0001800,15-07-2023,CUST013832,Neha Reddy,P00037,Router,Clothing,UrbanStyle,5,516.66,0.1,116.25,7.89,2449.11,Net Banking,Delivered,Jacksonville,FL,United States,SELL01006
ORD0001801,05-08-2024,CUST043277,Vikas Kapoor,P00031,Kids Toy Car,Books,BrightLux,3,44.34,0,23.94,5.29,162.25,Debit Card,Delivered,Columbus,OH,Australia,SELL01220
ORD0001802,13-05-2024,CUST022041,Sneha Singh,P00014,Drone Mini,Home & Kitchen,ReadMore,4,163.26,0.2,26.12,6.42,554.97,Cash on Delivery,Pending,Charlotte,NC,United States,SELL01876
ORD0001803,03-05-2021,CUST002039,Vihaan Kumar,P00042,Projector Mini,Toys & Games,KiddoFun,1,40.87,0.05,1.94,0.51,41.28,UPI,Delivered,Jacksonville,FL,United States,SELL00944
ORD0001804,10-04-2024,CUST014493,Sneha Gupta,P00044,Power Bank 20000mAh,Home & Kitchen,ReadMore,2,109.7,0.2,8.78,1.74,186.04,Cash on Delivery,Delivered,New York,NY,United States,SELL01441
ORD0001805,16-02-2020,CUST033085,Sahil Sharma,P00022,Water Bottle,Toys & Games,NexPro,4,140.13,0.05,26.62,3.3,562.41,UPI,Shipped,Washington,DC,United Kingdom,SELL01276
ORD0001806,04-08-2023,CUST002648,Sneha Kapoor,P00047,Memory Card 128GB,Electronics,HomeEase,2,532.16,0.1,47.89,12.88,1018.66,Credit Card,Pending,Austin,TX,United States,SELL01931
ORD0001807,16-02-2022,CUST041947,Sunita Patel,P00035,Desk Plant,Books,KiddoFun,3,20.78,0,3.12,12.51,77.97,Amazon Pay,Delivered,New York,NY,United States,SELL01587
ORD0001808,05-11-2022,CUST013555,Mohit Singh,P00026,Sunglasses,Books,CoreTech,5,293.98,0.05,0,9.53,1405.94,Cash on Delivery,Delivered,San Antonio,TX,United States,SELL01347
ORD0001809,11-12-2021,CUST005658,Sneha Kapoor,P00017,Electric Kettle,Home & Kitchen,UrbanStyle,4,179.45,0.2,68.91,3.03,646.18,Amazon Pay,Delivered,Los Angeles,CA,United States,SELL00893
ORD0001810,04-02-2021,CUST014420,Anjali Patel,P00028,Jeans,Electronics,CoreTech,2,547.11,0,87.54,1.68,1183.44,Amazon Pay,Delivered,San Antonio,TX,United States,SELL00954
ORD0001811,22-12-2024,CUST028868,Ritika Sharma,P00012,Noise Cancelling Headphones,Toys & Games,Apex,5,9.33,0.1,3.36,1.42,46.76,Net Banking,Delivered,Charlotte,NC,Australia,SELL01843
ORD0001812,07-09-2022,CUST046215,Vikas Kapoor,P00046,Car Charger,Home & Kitchen,BrightLux,4,121,0.15,49.37,8.73,469.5,Debit Card,Shipped,San Jose,CA,United States,SELL00477
ORD0001813,14-01-2023,CUST038718,Ritika Singh,P00010,Smartwatch,Sports & Outdoors,Zenith,1,480.98,0.3,60.6,3.94,401.23,Debit Card,Delivered,Columbus,OH,United States,SELL00977
ORD0001814,06-09-2020,CUST004474,Ritika Kumar,P00040,Microphone,Electronics,CoreTech,2,320.68,0,51.31,2.74,695.41,Amazon Pay,Delivered,Houston,TX,United States,SELL00724
ORD0001815,25-01-2021,CUST034934,Neha Reddy,P00010,Smartwatch,Sports & Outdoors,KiddoFun,4,213.09,0.05,0,13.74,823.48,Debit Card,Delivered,Denver,CO,India,SELL00433
ORD0001816,10-12-2024,CUST016138,Priya Singh,P00020,Office Chair,Toys & Games,ReadMore,5,432.93,0.1,97.41,14.93,2060.52,Net Banking,Delivered,Los Angeles,CA,United States,SELL01565
ORD0001817,30-11-2020,CUST036639,Neha Sharma,P00004,USB-C Charger,Sports & Outdoors,UrbanStyle,3,538.71,0.2,155.15,12.69,1460.74,Debit Card,Delivered,Indianapolis,IN,India,SELL00993
ORD0001818,20-09-2021,CUST022554,Aditya Sharma,P00015,Instant Pot,Electronics,Zenith,1,207.57,0.2,19.93,3.55,189.54,Credit Card,Delivered,Fort Worth,TX,India,SELL00412
ORD0001819,22-03-2024,CUST044727,Sneha Kapoor,P00002,Bluetooth Speaker,Clothing,NexPro,5,223.95,0,55.99,13.62,1189.36,Credit Card,Delivered,San Antonio,TX,United States,SELL01392
ORD0001820,16-05-2020,CUST020719,Sneha Sharma,P00005,Laptop Sleeve,Toys & Games,KiddoFun,2,420.91,0,0,3.64,845.46,UPI,Delivered,San Antonio,TX,United States,SELL01705
ORD0001821,01-06-2022,CUST023661,Aman Joshi,P00027,Winter Jacket,Books,Apex,2,369.4,0,0,6,744.8,UPI,Delivered,Phoenix,AZ,United States,SELL01319
ORD0001822,18-11-2021,CUST005210,Aarav Patel,P00005,Laptop Sleeve,Clothing,Apex,4,421.37,0.2,161.81,6.06,1516.25,Cash on Delivery,Delivered,Houston,TX,United States,SELL00657
ORD0001823,01-03-2024,CUST035609,Kabir Kumar,P00001,Wireless Earbuds,Home & Kitchen,FitLife,2,383.78,0,92.11,7.23,866.9,Debit Card,Shipped,Dallas,TX,United States,SELL01637
ORD0001824,06-04-2022,CUST018040,Arjun Patel,P00023,Cookware Set,Clothing,Apex,1,80.7,0.3,4.52,14.21,75.22,Credit Card,Shipped,Jacksonville,FL,United States,SELL01328
ORD0001825,27-12-2021,CUST007860,Mohit Patel,P00025,Running Shoes,Home & Kitchen,KiddoFun,4,69.41,0.25,0,10.07,218.3,Credit Card,Returned,Austin,TX,United States,SELL01337
ORD0001826,09-02-2024,CUST037906,Vivaan Sharma,P00034,Desk Organizer,Sports & Outdoors,CoreTech,4,393.01,0,125.76,4.09,1701.89,Debit Card,Delivered,Columbus,OH,United States,SELL01823
ORD0001827,16-08-2021,CUST017048,Arjun Kapoor,P00041,Webcam Full HD,Books,CoreTech,5,78.23,0,19.56,11.16,421.87,Credit Card,Shipped,San Francisco,CA,United States,SELL01069
ORD0001828,31-05-2023,CUST000502,Arjun Verma,P00026,Sunglasses,Sports & Outdoors,BrightLux,2,55.71,0,5.57,6.45,123.44,Amazon Pay,Delivered,San Jose,CA,United States,SELL00011
ORD0001829,16-09-2022,CUST049772,Aman Patel,P00010,Smartwatch,Sports & Outdoors,UrbanStyle,5,195.82,0,48.96,14.22,1042.28,Credit Card,Delivered,Indianapolis,IN,United States,SELL00034
ORD0001830,06-01-2021,CUST023304,Aditya Patel,P00009,Portable SSD 1TB,Sports & Outdoors,HomeEase,1,544.99,0.05,25.89,15,558.63,Amazon Pay,Shipped,Charlotte,NC,United States,SELL01673
ORD0001831,23-07-2022,CUST016601,Sunita Kapoor,P00033,Puzzle 1000pc,Electronics,Apex,2,436.54,0.1,62.86,5.68,854.31,Amazon Pay,Delivered,New York,NY,Canada,SELL01874
ORD0001832,21-09-2022,CUST011235,Vihaan Patel,P00001,Wireless Earbuds,Toys & Games,BrightLux,2,198.77,0,0,1.68,399.22,Credit Card,Returned,Washington,DC,United States,SELL00768
ORD0001833,05-02-2021,CUST022552,Priya Patel,P00017,Electric Kettle,Toys & Games,KiddoFun,2,202.68,0.05,19.25,10.71,415.05,UPI,Delivered,Columbus,OH,United States,SELL00485
ORD0001834,06-01-2024,CUST038650,Arjun Singh,P00048,Wireless Charger,Toys & Games,KiddoFun,4,120.79,0.1,21.74,4.64,461.22,Amazon Pay,Delivered,Columbus,OH,United States,SELL00364
ORD0001835,22-02-2024,CUST021480,Karan Joshi,P00008,4K Monitor,Books,Apex,3,262.68,0.2,113.48,10.23,754.14,Debit Card,Delivered,Philadelphia,PA,United States,SELL00065
ORD0001836,06-09-2021,CUST022901,Anjali Singh,P00008,4K Monitor,Sports & Outdoors,KiddoFun,3,410.6,0,0,5.87,1237.67,Amazon Pay,Delivered,San Diego,CA,India,SELL00582
ORD0001837,20-07-2023,CUST013781,Sahil Kapoor,P00037,Router,Clothing,CoreTech,2,560.96,0,134.63,8.28,1264.83,Amazon Pay,Delivered,Austin,TX,United States,SELL00022
ORD0001838,29-03-2024,CUST015862,Vikas Kumar,P00010,Smartwatch,Home & Kitchen,FitLife,1,80.66,0.25,7.26,8.02,75.77,Amazon Pay,Delivered,Austin,TX,United States,SELL00384
ORD0001839,28-03-2023,CUST022337,Ritika Singh,P00015,Instant Pot,Electronics,KiddoFun,5,66.85,0,0,14.58,348.83,Debit Card,Delivered,Austin,TX,United States,SELL00305
ORD0001840,21-03-2023,CUST022042,Sunita Gupta,P00031,Kids Toy Car,Electronics,KiddoFun,4,114.57,0.2,65.99,1.48,434.09,UPI,Delivered,San Antonio,TX,United States,SELL01082
ORD0001841,21-09-2022,CUST008522,Priya Singh,P00041,Webcam Full HD,Clothing,Apex,3,346.24,0,186.97,14.35,1240.04,Debit Card,Returned,San Francisco,CA,United States,SELL00553
ORD0001842,11-09-2021,CUST023706,Mohit Sharma,P00049,Children's Book,Electronics,FitLife,5,394.95,0.05,0,0.95,1876.96,Credit Card,Delivered,Dallas,TX,United States,SELL00947
ORD0001843,06-07-2020,CUST017320,Ritika Mehta,P00009,Portable SSD 1TB,Toys & Games,Apex,1,20.77,0.2,0.83,3.21,20.66,Debit Card,Delivered,San Francisco,CA,United States,SELL01468
ORD0001844,26-01-2023,CUST016142,Ritika Sharma,P00018,Vacuum Cleaner,Books,UrbanStyle,2,589.18,0,58.92,2.38,1239.66,Amazon Pay,Delivered,Phoenix,AZ,United States,SELL00007
ORD0001845,10-05-2020,CUST042425,Mohit Kapoor,P00023,Cookware Set,Toys & Games,HomeEase,4,477.98,0,229.43,3.3,2144.65,Debit Card,Delivered,Fort Worth,TX,United States,SELL01196
ORD0001846,15-03-2022,CUST038529,Anjali Kapoor,P00018,Vacuum Cleaner,Toys & Games,HomeEase,1,142.08,0.05,16.2,8.09,159.27,Net Banking,Delivered,Washington,DC,United States,SELL01570
ORD0001847,09-04-2023,CUST027230,Sneha Kapoor,P00041,Webcam Full HD,Home & Kitchen,HomeEase,3,376.7,0.25,101.71,3.49,952.78,Debit Card,Pending,Chicago,IL,Australia,SELL00686
ORD0001848,24-07-2022,CUST015397,Vihaan Joshi,P00006,Gaming Mouse,Electronics,FitLife,2,364.32,0.1,52.46,11.76,720,UPI,Delivered,Columbus,OH,United States,SELL01908
ORD0001849,12-09-2022,CUST003346,Arjun Patel,P00046,Car Charger,Electronics,UrbanStyle,5,389.13,0.15,82.69,11.57,1748.06,Debit Card,Cancelled,Austin,TX,United States,SELL01692
ORD0001850,01-07-2020,CUST004796,Aditya Kumar,P00023,Cookware Set,Clothing,BrightLux,2,549.1,0.2,70.28,3.13,951.97,Credit Card,Delivered,San Diego,CA,India,SELL01474
ORD0001851,09-09-2022,CUST020593,Vikas Patel,P00038,External HDD 2TB,Clothing,Apex,3,42.77,0,6.42,13.79,148.52,Credit Card,Cancelled,Washington,DC,United States,SELL01486
ORD0001852,29-12-2020,CUST045598,Mohit Verma,P00024,Yoga Mat,Home & Kitchen,FitLife,4,447.54,0.05,204.08,7.07,1911.8,Amazon Pay,Delivered,Jacksonville,FL,United States,SELL00909
ORD0001853,08-02-2020,CUST009133,Anjali Joshi,P00027,Winter Jacket,Home & Kitchen,CoreTech,5,594.14,0.1,213.89,2.95,2890.47,Debit Card,Shipped,Chicago,IL,United States,SELL00499
ORD0001854,30-03-2024,CUST040548,Aarav Gupta,P00012,Noise Cancelling Headphones,Toys & Games,UrbanStyle,1,536.89,0.05,0,11.85,521.9,Credit Card,Delivered,San Jose,CA,United States,SELL01369
ORD0001855,11-05-2021,CUST046613,Rohit Kumar,P00005,Laptop Sleeve,Toys & Games,CoreTech,3,255.55,0.05,36.42,3.52,768.26,Credit Card,Shipped,New York,NY,Canada,SELL01727
ORD0001856,19-03-2024,CUST036278,Aditya Patel,P00041,Webcam Full HD,Home & Kitchen,HomeEase,3,381.87,0.05,0,7.96,1096.29,Credit Card,Shipped,Washington,DC,United States,SELL00618
ORD0001857,04-10-2023,CUST016402,Pooja Verma,P00012,Noise Cancelling Headphones,Toys & Games,Zenith,5,181.57,0.25,34.04,12.4,727.33,Credit Card,Delivered,Phoenix,AZ,United Kingdom,SELL00670
ORD0001858,08-09-2022,CUST047266,Aarav Sharma,P00038,External HDD 2TB,Electronics,BrightLux,2,417.34,0,41.73,5.2,881.61,Debit Card,Delivered,Jacksonville,FL,United Kingdom,SELL00991
ORD0001859,09-07-2022,CUST030156,Sunita Joshi,P00013,Action Camera,Home & Kitchen,NexPro,4,309.05,0.05,211.39,0.17,1385.95,Net Banking,Delivered,San Francisco,CA,United States,SELL00890
ORD0001860,21-11-2023,CUST049311,Karan Singh,P00021,Backpack,Electronics,Zenith,2,512.51,0.15,104.55,6.9,982.72,UPI,Returned,Indianapolis,IN,India,SELL00810
ORD0001861,22-12-2021,CUST017418,Karan Joshi,P00042,Projector Mini,Sports & Outdoors,KiddoFun,5,450.03,0,180.01,1.98,2432.14,Cash on Delivery,Delivered,Charlotte,NC,United States,SELL00021
ORD0001862,30-03-2023,CUST013161,Sunita Patel,P00041,Webcam Full HD,Books,Apex,5,16.8,0.05,0,1.58,81.38,Debit Card,Delivered,Jacksonville,FL,United States,SELL00831
ORD0001863,16-01-2020,CUST016375,Sahil Mehta,P00027,Winter Jacket,Clothing,FitLife,3,583.84,0.1,78.82,9.48,1664.67,Amazon Pay,Delivered,Seattle,WA,United States,SELL01245
ORD0001864,07-05-2021,CUST005882,Vihaan Joshi,P00001,Wireless Earbuds,Books,UrbanStyle,4,238.17,0.25,35.73,13.98,764.22,Credit Card,Delivered,San Jose,CA,United States,SELL00212
ORD0001865,20-12-2023,CUST013327,Ritika Kumar,P00019,LED Desk Lamp,Sports & Outdoors,KiddoFun,3,109.37,0,39.37,3.82,371.3,Credit Card,Delivered,Charlotte,NC,Australia,SELL00173
ORD0001866,05-02-2023,CUST016949,Mohit Joshi,P00021,Backpack,Home & Kitchen,HomeEase,3,537.4,0,193.46,7.66,1813.32,Credit Card,Delivered,Phoenix,AZ,United States,SELL01969
ORD0001867,12-06-2022,CUST008891,Aditya Sharma,P00020,Office Chair,Electronics,UrbanStyle,3,385.2,0,92.45,7,1255.05,Credit Card,Delivered,Chicago,IL,United Kingdom,SELL01148
ORD0001868,13-01-2024,CUST044087,Priya Sharma,P00029,T-Shirt,Toys & Games,Apex,1,414.78,0.25,56,4.15,371.23,UPI,Shipped,San Antonio,TX,Australia,SELL01979
ORD0001869,06-11-2020,CUST047018,Anjali Gupta,P00050,Novel Bestseller,Sports & Outdoors,BrightLux,3,92.56,0.15,18.88,12.08,266.99,Credit Card,Delivered,Indianapolis,IN,United States,SELL00344
ORD0001870,08-01-2022,CUST042729,Vihaan Verma,P00002,Bluetooth Speaker,Electronics,CoreTech,4,465.71,0.1,201.19,2.06,1879.81,Credit Card,Delivered,San Antonio,TX,United States,SELL00270
ORD0001871,08-04-2023,CUST044188,Anjali Singh,P00044,Power Bank 20000mAh,Toys & Games,ReadMore,2,455.15,0,72.82,7.49,990.61,Amazon Pay,Delivered,Charlotte,NC,United States,SELL00840
ORD0001872,29-06-2021,CUST009082,Sunita Singh,P00018,Vacuum Cleaner,Toys & Games,ReadMore,5,587.86,0.05,335.08,13.78,3141.2,Amazon Pay,Delivered,New York,NY,United States,SELL00139
ORD0001873,17-02-2021,CUST008583,Aditya Reddy,P00019,LED Desk Lamp,Clothing,UrbanStyle,3,407.19,0.05,92.84,3.72,1257.05,UPI,Delivered,Houston,TX,United States,SELL00593
ORD0001874,07-09-2020,CUST039051,Aditya Patel,P00009,Portable SSD 1TB,Sports & Outdoors,UrbanStyle,5,62.33,0,15.58,14.08,341.31,Credit Card,Shipped,Charlotte,NC,United Kingdom,SELL01857
ORD0001875,28-01-2022,CUST046754,Kabir Kapoor,P00001,Wireless Earbuds,Sports & Outdoors,Zenith,3,230.73,0.25,25.96,2.19,547.29,Credit Card,Delivered,Washington,DC,United States,SELL00205
ORD0001876,09-12-2024,CUST019194,Neha Sharma,P00037,Router,Electronics,NexPro,1,60.68,0,3.03,8.26,71.97,Amazon Pay,Delivered,New York,NY,United States,SELL01950
ORD0001877,10-03-2023,CUST034941,Karan Singh,P00007,Mechanical Keyboard,Clothing,FitLife,1,324.71,0,38.97,7.62,371.3,Credit Card,Shipped,Chicago,IL,Australia,SELL00299
ORD0001878,21-07-2023,CUST032606,Kabir Mehta,P00026,Sunglasses,Sports & Outdoors,NexPro,3,141.72,0.05,48.47,1.36,453.73,Amazon Pay,Shipped,San Antonio,TX,United States,SELL00721
ORD0001879,10-12-2023,CUST012569,Mohit Sharma,P00018,Vacuum Cleaner,Books,KiddoFun,5,39.38,0.1,21.27,3.91,202.39,Debit Card,Delivered,Columbus,OH,United States,SELL01389
ORD0001880,19-06-2024,CUST027064,Vihaan Patel,P00029,T-Shirt,Electronics,FitLife,3,303.32,0.25,0,7.76,690.23,Cash on Delivery,Shipped,San Antonio,TX,United States,SELL00344
ORD0001881,28-10-2024,CUST007920,Rohit Kumar,P00047,Memory Card 128GB,Electronics,KiddoFun,2,247.26,0,24.73,4.82,524.07,Credit Card,Delivered,Dallas,TX,Canada,SELL00484
ORD0001882,28-11-2022,CUST022630,Karan Reddy,P00007,Mechanical Keyboard,Clothing,KiddoFun,3,73.72,0,39.81,3.29,264.26,Amazon Pay,Delivered,Chicago,IL,United States,SELL01778
ORD0001883,24-03-2022,CUST035880,Sahil Gupta,P00047,Memory Card 128GB,Home & Kitchen,FitLife,5,538.69,0.25,161.61,0.26,2181.96,Debit Card,Cancelled,New York,NY,United States,SELL01074
ORD0001884,29-01-2020,CUST027095,Priya Gupta,P00010,Smartwatch,Electronics,CoreTech,3,241.82,0.1,0,14.56,667.47,Credit Card,Delivered,San Diego,CA,India,SELL00724
ORD0001885,15-08-2022,CUST046685,Sneha Verma,P00003,Smartphone Case,Home & Kitchen,NexPro,5,406.43,0,101.61,3.82,2137.58,Cash on Delivery,Pending,Chicago,IL,Canada,SELL01756
ORD0001886,21-04-2021,CUST024439,Vivaan Mehta,P00047,Memory Card 128GB,Clothing,UrbanStyle,3,21.09,0.05,10.82,11.99,82.92,Amazon Pay,Delivered,Columbus,OH,United States,SELL00282
ORD0001887,13-11-2020,CUST002482,Ritika Reddy,P00011,Fitness Band,Home & Kitchen,ReadMore,3,70.07,0.1,15.14,6.29,210.62,Cash on Delivery,Delivered,Fort Worth,TX,United States,SELL00026
ORD0001888,01-09-2020,CUST002059,Neha Singh,P00046,Car Charger,Clothing,Apex,1,458.28,0,82.49,9.32,550.09,Credit Card,Pending,Denver,CO,United States,SELL00855
ORD0001889,17-01-2022,CUST038588,Vivaan Patel,P00025,Running Shoes,Sports & Outdoors,ReadMore,4,156.86,0.05,29.8,13.97,639.84,Debit Card,Delivered,Seattle,WA,United States,SELL00261
ORD0001890,27-11-2021,CUST038134,Aarav Mehta,P00045,Phone Tripod,Electronics,BrightLux,3,392.12,0,58.82,8.3,1243.48,Credit Card,Shipped,Austin,TX,United States,SELL01170
ORD0001891,28-09-2020,CUST039044,Aditya Gupta,P00005,Laptop Sleeve,Home & Kitchen,KiddoFun,5,513.42,0,308.05,11.02,2886.17,Credit Card,Delivered,Phoenix,AZ,Canada,SELL01964
ORD0001892,03-01-2024,CUST006628,Kabir Joshi,P00025,Running Shoes,Home & Kitchen,BrightLux,4,511.19,0.1,220.83,1.32,2062.43,Credit Card,Pending,San Jose,CA,United States,SELL00845
ORD0001893,06-11-2024,CUST000415,Rohit Verma,P00014,Drone Mini,Books,ReadMore,4,423.09,0.05,128.62,6.99,1743.35,Amazon Pay,Delivered,Phoenix,AZ,United States,SELL00809
ORD0001894,16-06-2023,CUST047926,Aarav Kumar,P00009,Portable SSD 1TB,Books,FitLife,2,440.39,0,44.04,3.03,927.85,Credit Card,Delivered,Austin,TX,United States,SELL01390
ORD0001895,11-01-2021,CUST028496,Mohit Gupta,P00042,Projector Mini,Home & Kitchen,FitLife,2,49.95,0,5,6.31,111.21,Amazon Pay,Delivered,Charlotte,NC,United States,SELL00321
ORD0001896,22-09-2020,CUST037432,Aditya Joshi,P00010,Smartwatch,Books,BrightLux,3,459.01,0,165.24,11.99,1554.26,Credit Card,Shipped,San Jose,CA,United States,SELL00141
ORD0001897,14-07-2022,CUST032629,Vihaan Gupta,P00039,Graphic Tablet,Home & Kitchen,ReadMore,5,84.5,0.15,28.73,5.62,393.48,Credit Card,Delivered,Fort Worth,TX,United States,SELL00958
ORD0001898,09-07-2022,CUST011102,Sunita Joshi,P00032,Board Game,Books,UrbanStyle,3,428.94,0.15,87.5,9.13,1190.43,Amazon Pay,Shipped,Chicago,IL,United States,SELL00779
ORD0001899,14-10-2023,CUST035171,Neha Gupta,P00024,Yoga Mat,Toys & Games,ReadMore,5,356.08,0,142.43,2.69,1925.52,Credit Card,Shipped,Dallas,TX,United States,SELL01761
ORD0001900,05-12-2020,CUST034348,Aditya Reddy,P00034,Desk Organizer,Electronics,ReadMore,4,62.93,0.05,0,6.53,245.66,Debit Card,Delivered,Washington,DC,United States,SELL00901
ORD0001901,23-01-2021,CUST042705,Sunita Singh,P00015,Instant Pot,Toys & Games,NexPro,1,293.21,0.1,21.11,3.51,288.51,UPI,Delivered,San Jose,CA,United States,SELL01771
ORD0001902,30-07-2021,CUST024837,Vikas Mehta,P00023,Cookware Set,Electronics,UrbanStyle,3,451.24,0.2,129.96,5.47,1218.41,Credit Card,Delivered,Columbus,OH,United States,SELL01386
ORD0001903,08-09-2024,CUST023120,Vikas Singh,P00004,USB-C Charger,Books,KiddoFun,4,240.44,0,76.94,4.04,1042.74,Debit Card,Delivered,Philadelphia,PA,United States,SELL01037
ORD0001904,03-01-2020,CUST046067,Simran Sharma,P00045,Phone Tripod,Toys & Games,KiddoFun,3,555.12,0,0,6.81,1672.17,Credit Card,Delivered,Phoenix,AZ,Canada,SELL00227
ORD0001905,23-12-2023,CUST021060,Pooja Joshi,P00025,Running Shoes,Electronics,HomeEase,5,394.77,0,355.29,9.64,2338.78,Credit Card,Shipped,Indianapolis,IN,United States,SELL00718
ORD0001906,11-03-2023,CUST032393,Simran Gupta,P00003,Smartphone Case,Sports & Outdoors,KiddoFun,3,90.26,0,0,11.46,282.24,Amazon Pay,Delivered,Columbus,OH,United States,SELL01748
ORD0001907,10-01-2021,CUST039940,Sneha Gupta,P00002,Bluetooth Speaker,Electronics,HomeEase,1,116.13,0.1,5.23,6.17,115.92,UPI,Delivered,Denver,CO,United States,SELL01036
ORD0001908,20-08-2024,CUST030325,Ritika Sharma,P00014,Drone Mini,Clothing,HomeEase,3,173.8,0,26.07,7.79,555.26,Net Banking,Delivered,Chicago,IL,United States,SELL00909
ORD0001909,19-11-2020,CUST000095,Arjun Verma,P00032,Board Game,Electronics,UrbanStyle,4,512.1,0.05,97.3,12.76,2056.04,Debit Card,Delivered,Philadelphia,PA,United States,SELL00588
ORD0001910,25-05-2020,CUST011985,Aditya Patel,P00013,Action Camera,Home & Kitchen,FitLife,4,483.26,0.2,0,13.81,1560.24,Debit Card,Delivered,New York,NY,United States,SELL00548
ORD0001911,19-10-2020,CUST038928,Sahil Mehta,P00007,Mechanical Keyboard,Clothing,NexPro,4,392.15,0.3,87.84,0.91,1186.77,Amazon Pay,Delivered,Seattle,WA,India,SELL01985
ORD0001912,15-08-2024,CUST047079,Ritika Kumar,P00050,Novel Bestseller,Toys & Games,KiddoFun,1,440.8,0,22.04,0.67,463.51,Amazon Pay,Delivered,Dallas,TX,United States,SELL01048
ORD0001913,07-03-2021,CUST005231,Sahil Sharma,P00023,Cookware Set,Books,UrbanStyle,1,495.52,0,39.64,14.05,549.21,Credit Card,Shipped,Washington,DC,United States,SELL01234
ORD0001914,05-12-2021,CUST007439,Sunita Reddy,P00017,Electric Kettle,Electronics,HomeEase,1,431.7,0.05,20.51,9.79,440.42,UPI,Returned,Seattle,WA,United States,SELL00758
ORD0001915,06-08-2022,CUST009067,Karan Reddy,P00050,Novel Bestseller,Clothing,UrbanStyle,2,283.01,0.3,31.7,13.56,441.47,Credit Card,Delivered,Philadelphia,PA,United States,SELL00740
ORD0001916,07-08-2021,CUST043679,Neha Kapoor,P00013,Action Camera,Sports & Outdoors,KiddoFun,4,192.92,0.15,52.47,2.11,710.51,Credit Card,Shipped,Los Angeles,CA,United States,SELL01020
ORD0001917,02-02-2021,CUST045150,Sneha Joshi,P00002,Bluetooth Speaker,Sports & Outdoors,KiddoFun,4,525.1,0.15,89.27,12.64,1887.25,Cash on Delivery,Pending,Washington,DC,United States,SELL01470
ORD0001918,27-03-2022,CUST041296,Priya Verma,P00024,Yoga Mat,Sports & Outdoors,HomeEase,1,356.96,0.05,0,12.04,351.15,Amazon Pay,Delivered,San Francisco,CA,United States,SELL01895
ORD0001919,29-09-2023,CUST031532,Sunita Sharma,P00034,Desk Organizer,Home & Kitchen,Zenith,2,235.06,0,23.51,0.71,494.34,Credit Card,Delivered,Chicago,IL,United States,SELL00471
ORD0001920,21-08-2022,CUST026101,Aman Kapoor,P00019,LED Desk Lamp,Electronics,FitLife,2,240.35,0.25,43.26,2.26,406.04,Credit Card,Delivered,Washington,DC,United States,SELL00724
ORD0001921,09-03-2023,CUST016548,Aman Kapoor,P00032,Board Game,Home & Kitchen,ReadMore,1,258.88,0.05,29.51,0.7,276.15,Net Banking,Shipped,Dallas,TX,United Kingdom,SELL01303
ORD0001922,05-07-2020,CUST027518,Kabir Singh,P00017,Electric Kettle,Electronics,Apex,2,163.25,0,39.18,2.18,367.86,Credit Card,Cancelled,San Antonio,TX,India,SELL01980
ORD0001923,01-03-2020,CUST038274,Vihaan Joshi,P00013,Action Camera,Sports & Outdoors,Zenith,1,140.38,0,7.02,5.78,153.18,Amazon Pay,Delivered,Los Angeles,CA,United States,SELL00334
ORD0001924,27-07-2022,CUST039324,Mohit Singh,P00033,Puzzle 1000pc,Books,BrightLux,4,339.46,0,67.89,12.61,1438.34,UPI,Delivered,Jacksonville,FL,United Kingdom,SELL01425
ORD0001925,04-11-2023,CUST015656,Rohit Kumar,P00022,Water Bottle,Sports & Outdoors,FitLife,3,22.84,0.1,4.93,11.23,77.83,Net Banking,Delivered,Washington,DC,United States,SELL00299
ORD0001926,10-12-2021,CUST008511,Arjun Sharma,P00040,Microphone,Electronics,BrightLux,4,35.34,0.05,16.12,6.14,156.55,Credit Card,Delivered,San Diego,CA,India,SELL01969
ORD0001927,17-03-2022,CUST017663,Karan Verma,P00011,Fitness Band,Toys & Games,Zenith,4,520.51,0,166.56,11.36,2259.96,Debit Card,Delivered,San Diego,CA,Australia,SELL00357
ORD0001928,03-01-2024,CUST034623,Karan Kumar,P00049,Children's Book,Home & Kitchen,UrbanStyle,5,135.47,0.1,30.48,3.7,643.8,Credit Card,Delivered,San Diego,CA,United States,SELL01752
ORD0001929,04-09-2023,CUST042769,Arjun Kapoor,P00012,Noise Cancelling Headphones,Toys & Games,FitLife,4,25.18,0,5.04,4.86,110.62,Net Banking,Delivered,Dallas,TX,United States,SELL00075
ORD0001930,18-08-2023,CUST031209,Pooja Patel,P00025,Running Shoes,Books,KiddoFun,5,594.85,0,535.36,4.04,3513.65,UPI,Delivered,Phoenix,AZ,United Kingdom,SELL00955
ORD0001931,29-09-2023,CUST034212,Aditya Verma,P00005,Laptop Sleeve,Electronics,CoreTech,2,127.44,0.1,11.47,6.51,247.37,Credit Card,Delivered,New York,NY,United States,SELL00763
ORD0001932,11-01-2020,CUST030624,Sunita Reddy,P00021,Backpack,Home & Kitchen,BrightLux,1,289.58,0.05,0,6.63,281.73,UPI,Delivered,San Diego,CA,United States,SELL01178
ORD0001933,21-12-2022,CUST003766,Sunita Reddy,P00020,Office Chair,Books,KiddoFun,2,509.76,0.1,45.88,0.76,964.21,Credit Card,Delivered,Phoenix,AZ,United States,SELL01873
ORD0001934,13-08-2020,CUST016571,Anjali Gupta,P00007,Mechanical Keyboard,Electronics,ReadMore,2,432.35,0.15,58.8,11.01,804.8,Debit Card,Delivered,Fort Worth,TX,United States,SELL01688
ORD0001935,22-03-2023,CUST047129,Aman Joshi,P00037,Router,Home & Kitchen,KiddoFun,3,208.4,0,50.02,1.79,677.01,Credit Card,Delivered,Dallas,TX,United States,SELL01815
ORD0001936,30-09-2024,CUST006286,Aarav Kapoor,P00036,Smart Light Bulb,Home & Kitchen,KiddoFun,1,95.72,0.05,4.55,13.46,108.94,Amazon Pay,Delivered,Dallas,TX,United States,SELL00790
ORD0001937,17-07-2021,CUST049580,Ritika Reddy,P00010,Smartwatch,Home & Kitchen,Zenith,3,365.94,0.1,118.56,14.11,1120.71,Debit Card,Delivered,Austin,TX,Canada,SELL00147
ORD0001938,10-02-2022,CUST033916,Karan Verma,P00011,Fitness Band,Toys & Games,NexPro,3,272.95,0.05,62.23,7.76,847.9,Credit Card,Delivered,Austin,TX,United States,SELL00400
ORD0001939,13-05-2024,CUST036889,Karan Singh,P00026,Sunglasses,Home & Kitchen,NexPro,3,34.55,0,5.18,1.81,110.64,Credit Card,Delivered,San Antonio,TX,United States,SELL01348
ORD0001940,26-05-2024,CUST023375,Arjun Kapoor,P00014,Drone Mini,Clothing,BrightLux,4,273.69,0.2,70.06,12.93,958.8,Net Banking,Delivered,Denver,CO,United States,SELL00719
ORD0001941,10-08-2024,CUST003759,Ritika Kapoor,P00018,Vacuum Cleaner,Sports & Outdoors,FitLife,2,94.3,0.2,0,0.13,151.01,Debit Card,Delivered,Austin,TX,United States,SELL01193
ORD0001942,17-05-2024,CUST013743,Vihaan Verma,P00042,Projector Mini,Electronics,FitLife,1,348.84,0.25,13.08,11.27,285.98,Credit Card,Delivered,Dallas,TX,United States,SELL01818
ORD0001943,26-08-2023,CUST013544,Ritika Verma,P00002,Bluetooth Speaker,Toys & Games,HomeEase,4,596.6,0,286.37,11.31,2684.08,Net Banking,Pending,Fort Worth,TX,United States,SELL01887
ORD0001944,03-06-2022,CUST001681,Priya Reddy,P00031,Kids Toy Car,Electronics,KiddoFun,3,49.42,0.2,14.23,0.42,133.26,Net Banking,Delivered,New York,NY,United States,SELL01497
ORD0001945,20-06-2023,CUST015705,Vikas Mehta,P00049,Children's Book,Sports & Outdoors,UrbanStyle,3,402.42,0.1,54.33,9.21,1150.07,Amazon Pay,Shipped,San Antonio,TX,United States,SELL00230
ORD0001946,25-02-2024,CUST021527,Pooja Mehta,P00045,Phone Tripod,Sports & Outdoors,FitLife,3,576.8,0.05,197.27,9.39,1850.54,Debit Card,Delivered,Washington,DC,United States,SELL01917
ORD0001947,21-10-2023,CUST036576,Neha Kapoor,P00003,Smartphone Case,Toys & Games,NexPro,3,187.75,0.15,57.45,4.05,540.26,UPI,Delivered,Houston,TX,United States,SELL01383
ORD0001948,15-09-2023,CUST041082,Kabir Joshi,P00004,USB-C Charger,Books,NexPro,5,373.41,0.1,84.02,2.77,1767.14,Credit Card,Delivered,Phoenix,AZ,United States,SELL01653
ORD0001949,04-02-2023,CUST009446,Vivaan Singh,P00046,Car Charger,Sports & Outdoors,Zenith,5,588.43,0.15,125.04,11.53,2637.4,UPI,Delivered,Fort Worth,TX,United States,SELL01639
ORD0001950,13-08-2020,CUST024593,Pooja Mehta,P00013,Action Camera,Sports & Outdoors,Zenith,3,368.57,0.2,44.23,7.31,936.11,UPI,Delivered,Houston,TX,Canada,SELL00632
ORD0001951,04-04-2022,CUST046365,Arjun Kapoor,P00015,Instant Pot,Electronics,CoreTech,5,508.54,0,203.42,3.52,2749.64,Amazon Pay,Delivered,Columbus,OH,United States,SELL00765
ORD0001952,05-08-2020,CUST020482,Kabir Mehta,P00027,Winter Jacket,Clothing,CoreTech,1,591.84,0.05,28.11,9.75,600.11,Debit Card,Delivered,Seattle,WA,Australia,SELL01920
ORD0001953,25-07-2022,CUST008459,Vivaan Mehta,P00013,Action Camera,Electronics,Apex,3,549.61,0,82.44,6.7,1737.97,Credit Card,Delivered,Indianapolis,IN,United States,SELL01242
ORD0001954,22-01-2022,CUST038416,Anjali Kumar,P00050,Novel Bestseller,Toys & Games,HomeEase,5,538.93,0.1,121.26,10.87,2557.32,Credit Card,Delivered,Philadelphia,PA,United States,SELL00845
ORD0001955,20-05-2021,CUST012211,Vivaan Joshi,P00032,Board Game,Toys & Games,CoreTech,5,443.69,0,0,14.27,2232.72,Credit Card,Delivered,Austin,TX,United States,SELL01386
ORD0001956,15-09-2020,CUST026449,Pooja Patel,P00034,Desk Organizer,Sports & Outdoors,Zenith,2,264.54,0,63.49,5.36,597.93,Credit Card,Delivered,Jacksonville,FL,India,SELL01505
ORD0001957,02-12-2024,CUST030229,Aarav Patel,P00049,Children's Book,Books,ReadMore,2,315.35,0.05,29.96,7.29,636.42,Credit Card,Delivered,Phoenix,AZ,United States,SELL00189
ORD0001958,20-03-2024,CUST037141,Priya Gupta,P00050,Novel Bestseller,Toys & Games,HomeEase,1,73.18,0.25,4.39,9.86,69.14,Credit Card,Delivered,Columbus,OH,United States,SELL00005
ORD0001959,01-12-2024,CUST046086,Pooja Joshi,P00030,Dress Shirt,Electronics,FitLife,3,165.15,0,59.45,7.84,562.74,UPI,Pending,Chicago,IL,United States,SELL00008
ORD0001960,23-02-2020,CUST005934,Vihaan Kumar,P00041,Webcam Full HD,Home & Kitchen,ReadMore,2,162.67,0.2,0,14.77,275.04,Credit Card,Delivered,Denver,CO,United Kingdom,SELL01117
ORD0001961,06-12-2022,CUST005357,Arjun Gupta,P00047,Memory Card 128GB,Books,HomeEase,3,270.47,0.15,55.18,14.25,759.13,UPI,Delivered,Seattle,WA,India,SELL00121
ORD0001962,27-12-2021,CUST006077,Simran Patel,P00002,Bluetooth Speaker,Sports & Outdoors,NexPro,2,429.59,0.3,30.07,4.75,636.25,Amazon Pay,Delivered,Phoenix,AZ,United States,SELL00362
ORD0001963,19-11-2021,CUST018656,Pooja Mehta,P00023,Cookware Set,Books,Zenith,3,99.45,0.05,14.17,11.71,309.31,Credit Card,Delivered,Chicago,IL,India,SELL01499
ORD0001964,24-03-2024,CUST044583,Kabir Verma,P00022,Water Bottle,Clothing,HomeEase,5,360.18,0,90.05,11.71,1902.66,Net Banking,Delivered,San Jose,CA,United States,SELL00798
ORD0001965,27-01-2023,CUST033709,Rohit Joshi,P00019,LED Desk Lamp,Sports & Outdoors,Apex,5,550.86,0.1,198.31,8.54,2685.72,Debit Card,Shipped,Jacksonville,FL,United States,SELL01274
ORD0001966,09-11-2022,CUST040422,Rohit Mehta,P00005,Laptop Sleeve,Electronics,KiddoFun,1,207.09,0,10.35,9.75,227.19,Net Banking,Delivered,Charlotte,NC,India,SELL01032
ORD0001967,11-11-2024,CUST044445,Neha Reddy,P00021,Backpack,Books,NexPro,4,231.09,0,73.95,12.56,1010.87,Debit Card,Delivered,New York,NY,Australia,SELL01107
ORD0001968,15-05-2024,CUST046111,Vikas Sharma,P00001,Wireless Earbuds,Electronics,FitLife,5,95.49,0.15,32.47,5.5,443.8,Credit Card,Delivered,Columbus,OH,India,SELL00590
ORD0001969,22-02-2024,CUST008665,Aman Singh,P00011,Fitness Band,Books,KiddoFun,2,397.31,0.2,76.28,6.65,718.63,Amazon Pay,Shipped,Washington,DC,United States,SELL01294
ORD0001970,22-02-2021,CUST016898,Aditya Gupta,P00020,Office Chair,Toys & Games,KiddoFun,3,327.84,0,78.68,0.45,1062.65,Credit Card,Delivered,Los Angeles,CA,United States,SELL01570
ORD0001971,20-11-2021,CUST005462,Aman Mehta,P00035,Desk Plant,Toys & Games,UrbanStyle,3,452.04,0.15,57.64,3.91,1214.25,Credit Card,Delivered,Austin,TX,United States,SELL01926
ORD0001972,29-04-2022,CUST008492,Arjun Reddy,P00034,Desk Organizer,Toys & Games,KiddoFun,1,579.81,0.05,27.54,0.63,578.99,Credit Card,Delivered,San Francisco,CA,United States,SELL00051
ORD0001973,02-03-2020,CUST039887,Ritika Sharma,P00028,Jeans,Electronics,Apex,5,439.92,0.05,104.48,2.45,2196.55,Credit Card,Delivered,Jacksonville,FL,United States,SELL01527
ORD0001974,14-03-2023,CUST018886,Mohit Kumar,P00026,Sunglasses,Clothing,UrbanStyle,4,111.1,0,22.22,4.99,471.61,UPI,Pending,Chicago,IL,United States,SELL01776
ORD0001975,03-08-2020,CUST010879,Rohit Sharma,P00018,Vacuum Cleaner,Toys & Games,HomeEase,4,459.93,0.15,0,10.08,1573.84,Credit Card,Pending,Denver,CO,United States,SELL00774
ORD0001976,03-01-2020,CUST044863,Sneha Sharma,P00017,Electric Kettle,Clothing,ReadMore,4,498.43,0,159.5,6.46,2159.68,UPI,Shipped,San Antonio,TX,India,SELL01264
ORD0001977,08-06-2020,CUST020346,Simran Sharma,P00012,Noise Cancelling Headphones,Clothing,KiddoFun,4,460.25,0.15,187.78,13.48,1766.11,Amazon Pay,Delivered,San Francisco,CA,United States,SELL00171
ORD0001978,28-10-2024,CUST035297,Vikas Kumar,P00012,Noise Cancelling Headphones,Home & Kitchen,Apex,5,575.05,0,0,4.68,2879.93,Debit Card,Delivered,Seattle,WA,United States,SELL00847
ORD0001979,19-02-2022,CUST034891,Pooja Patel,P00044,Power Bank 20000mAh,Books,UrbanStyle,5,97.99,0.1,22.05,9.33,472.34,Amazon Pay,Returned,Denver,CO,United States,SELL00511
ORD0001980,17-02-2023,CUST018741,Simran Reddy,P00024,Yoga Mat,Toys & Games,Apex,4,192.81,0.15,52.44,11,718.99,Debit Card,Shipped,Philadelphia,PA,United States,SELL01780
ORD0001981,11-06-2022,CUST004172,Sunita Verma,P00029,T-Shirt,Home & Kitchen,UrbanStyle,3,208.92,0,50.14,7.01,683.91,Net Banking,Delivered,San Francisco,CA,India,SELL01781
ORD0001982,17-01-2023,CUST012248,Aarav Kumar,P00032,Board Game,Sports & Outdoors,BrightLux,3,388.68,0,93.28,12.62,1271.94,Debit Card,Delivered,San Francisco,CA,United States,SELL01442
ORD0001983,24-11-2020,CUST027011,Vikas Joshi,P00027,Winter Jacket,Electronics,UrbanStyle,3,462.29,0,249.64,0.17,1636.68,Net Banking,Delivered,Fort Worth,TX,India,SELL00405
ORD0001984,02-08-2021,CUST044307,Kabir Joshi,P00001,Wireless Earbuds,Electronics,Apex,2,200.57,0.05,45.73,4.91,431.72,Credit Card,Shipped,Indianapolis,IN,United States,SELL01824
ORD0001985,12-10-2023,CUST007469,Mohit Joshi,P00012,Noise Cancelling Headphones,Toys & Games,Zenith,5,589.13,0.3,247.43,14.85,2324.23,Debit Card,Delivered,Chicago,IL,United States,SELL00942
ORD0001986,21-06-2024,CUST027581,Ritika Reddy,P00025,Running Shoes,Clothing,Zenith,3,502.98,0.3,190.13,12.74,1259.13,Credit Card,Delivered,Austin,TX,United States,SELL00256
ORD0001987,14-07-2023,CUST035563,Vikas Patel,P00031,Kids Toy Car,Clothing,BrightLux,5,257.93,0.1,58.03,14.76,1233.48,Amazon Pay,Delivered,Philadelphia,PA,United States,SELL00486
ORD0001988,28-06-2024,CUST015415,Mohit Gupta,P00017,Electric Kettle,Toys & Games,UrbanStyle,4,94.28,0.15,57.7,10.88,389.13,Debit Card,Shipped,Philadelphia,PA,India,SELL00147
ORD0001989,09-08-2022,CUST012748,Aditya Gupta,P00022,Water Bottle,Books,Zenith,5,257.13,0.05,97.71,12.09,1331.17,Cash on Delivery,Delivered,Jacksonville,FL,Australia,SELL01428
ORD0001990,08-09-2023,CUST032754,Aarav Mehta,P00029,T-Shirt,Home & Kitchen,FitLife,4,448.06,0,143.38,8.05,1943.67,UPI,Delivered,San Diego,CA,United States,SELL00680
ORD0001991,26-09-2021,CUST026141,Vivaan Singh,P00015,Instant Pot,Electronics,KiddoFun,1,163.25,0.05,7.75,14.21,177.05,Credit Card,Delivered,Indianapolis,IN,United States,SELL01063
ORD0001992,14-09-2022,CUST022320,Ritika Kumar,P00001,Wireless Earbuds,Books,NexPro,5,229.1,0.05,0,8.24,1096.46,Amazon Pay,Delivered,San Antonio,TX,United States,SELL01209
ORD0001993,13-04-2024,CUST010056,Sneha Kumar,P00047,Memory Card 128GB,Electronics,KiddoFun,2,89.04,0.15,18.16,5.86,175.39,UPI,Delivered,Denver,CO,Canada,SELL00690
ORD0001994,30-07-2024,CUST036337,Rohit Gupta,P00047,Memory Card 128GB,Electronics,KiddoFun,5,512.5,0,307.5,14.27,2884.27,Credit Card,Delivered,San Diego,CA,United States,SELL00787
ORD0001995,03-05-2023,CUST014491,Karan Reddy,P00017,Electric Kettle,Clothing,UrbanStyle,5,511.56,0.1,184.16,9.7,2495.88,Net Banking,Delivered,Philadelphia,PA,United States,SELL00032
ORD0001996,09-07-2022,CUST033988,Aarav Sharma,P00043,HDMI Cable 2m,Books,KiddoFun,3,144.04,0,77.78,2.99,512.89,Credit Card,Cancelled,Los Angeles,CA,United States,SELL00780
ORD0001997,07-01-2022,CUST030144,Neha Singh,P00018,Vacuum Cleaner,Electronics,HomeEase,1,316.32,0.05,54.09,14.91,369.5,Credit Card,Shipped,Indianapolis,IN,United Kingdom,SELL00771
ORD0001998,17-09-2023,CUST003177,Mohit Kapoor,P00001,Wireless Earbuds,Clothing,HomeEase,3,25.48,0,9.17,1.22,86.83,Cash on Delivery,Shipped,Indianapolis,IN,United States,SELL01176
ORD0001999,18-06-2020,CUST034569,Aarav Kumar,P00019,LED Desk Lamp,Home & Kitchen,ReadMore,4,542.53,0.15,147.57,3.48,1995.65,Credit Card,Delivered,Charlotte,NC,United States,SELL00286
ORD0002000,04-06-2021,CUST037962,Pooja Kapoor,P00033,Puzzle 1000pc,Toys & Games,FitLife,1,524.18,0.25,70.76,14.53,478.42,Amazon Pay,Cancelled,Jacksonville,FL,United States,SELL00604
ORD0002001,26-01-2024,CUST009291,Priya Gupta,P00032,Board Game,Clothing,CoreTech,1,438.3,0.05,49.97,0.77,467.12,Debit Card,Delivered,San Jose,CA,United States,SELL00223
ORD0002002,09-02-2020,CUST042081,Karan Mehta,P00019,LED Desk Lamp,Home & Kitchen,KiddoFun,1,592.29,0.05,45.01,2.79,610.48,Credit Card,Delivered,Los Angeles,CA,United States,SELL01918
ORD0002003,09-04-2024,CUST023793,Vikas Joshi,P00032,Board Game,Home & Kitchen,CoreTech,5,498.44,0.05,189.41,11.25,2568.25,UPI,Delivered,Phoenix,AZ,United States,SELL01183
ORD0002004,08-07-2023,CUST013703,Pooja Kumar,P00006,Gaming Mouse,Home & Kitchen,BrightLux,3,186.55,0.05,95.7,11.7,639.07,Credit Card,Delivered,New York,NY,United States,SELL00411
ORD0002005,19-11-2023,CUST020107,Simran Gupta,P00038,External HDD 2TB,Toys & Games,CoreTech,4,251.09,0,50.22,5.1,1059.68,Credit Card,Delivered,Phoenix,AZ,Canada,SELL01787
ORD0002006,12-08-2022,CUST011366,Aman Kapoor,P00027,Winter Jacket,Home & Kitchen,Zenith,5,528.58,0.2,169.15,1.98,2285.45,Credit Card,Delivered,Charlotte,NC,United States,SELL01839
ORD0002007,03-06-2023,CUST012407,Sunita Kapoor,P00028,Jeans,Sports & Outdoors,ReadMore,2,320.49,0,115.38,13.2,769.56,Credit Card,Delivered,Dallas,TX,United States,SELL01600
ORD0002008,10-09-2022,CUST042568,Vihaan Sharma,P00017,Electric Kettle,Electronics,Apex,2,472.07,0.1,101.97,10.35,962.05,Credit Card,Delivered,Los Angeles,CA,United States,SELL00200
ORD0002009,21-02-2023,CUST011291,Aman Patel,P00001,Wireless Earbuds,Books,Apex,2,154,0,24.64,7.66,340.3,Cash on Delivery,Delivered,Los Angeles,CA,United States,SELL01234
ORD0002010,01-09-2022,CUST049302,Sahil Kapoor,P00033,Puzzle 1000pc,Books,HomeEase,3,317.5,0,171.45,6.48,1130.43,UPI,Cancelled,Charlotte,NC,Canada,SELL00355
ORD0002011,07-02-2020,CUST008874,Kabir Gupta,P00022,Water Bottle,Sports & Outdoors,BrightLux,5,270.84,0.15,138.13,1.65,1290.85,Net Banking,Delivered,San Diego,CA,United States,SELL00756
ORD0002012,23-11-2020,CUST030368,Priya Verma,P00011,Fitness Band,Home & Kitchen,UrbanStyle,1,12.09,0,1.45,1.23,14.77,Net Banking,Delivered,Houston,TX,United States,SELL01804
ORD0002013,28-06-2023,CUST029838,Neha Verma,P00018,Vacuum Cleaner,Electronics,HomeEase,5,68.42,0,17.1,4.57,363.77,Credit Card,Delivered,San Antonio,TX,United States,SELL01235
ORD0002014,14-04-2023,CUST048620,Anjali Gupta,P00047,Memory Card 128GB,Home & Kitchen,KiddoFun,5,412.21,0,247.33,6.84,2315.22,Debit Card,Delivered,Denver,CO,United States,SELL01571
ORD0002015,13-06-2024,CUST041143,Anjali Gupta,P00015,Instant Pot,Home & Kitchen,HomeEase,1,430.6,0.1,69.76,8.05,465.35,Debit Card,Delivered,Charlotte,NC,Canada,SELL01409
ORD0002016,02-07-2022,CUST007371,Pooja Gupta,P00016,Air Fryer,Clothing,ReadMore,2,223.33,0.1,48.24,13.42,463.65,Credit Card,Delivered,Austin,TX,India,SELL00901
ORD0002017,29-03-2021,CUST046151,Rohit Singh,P00001,Wireless Earbuds,Clothing,KiddoFun,1,70.88,0,0,6,76.88,Credit Card,Pending,New York,NY,United States,SELL01365
ORD0002018,06-02-2020,CUST010423,Aman Kumar,P00046,Car Charger,Home & Kitchen,FitLife,2,14.66,0.05,3.34,3.23,34.42,Debit Card,Delivered,Phoenix,AZ,United States,SELL01967
ORD0002019,01-09-2023,CUST008365,Vivaan Kapoor,P00003,Smartphone Case,Home & Kitchen,Apex,5,424.78,0.3,118.94,3.62,1609.29,Credit Card,Delivered,Fort Worth,TX,United States,SELL01325
ORD0002020,07-09-2024,CUST010782,Sunita Patel,P00001,Wireless Earbuds,Books,Apex,2,357.89,0,85.89,6.96,808.63,UPI,Shipped,Indianapolis,IN,United States,SELL01802
ORD0002021,30-08-2022,CUST023129,Arjun Sharma,P00047,Memory Card 128GB,Books,ReadMore,1,400.12,0.1,64.82,1.49,426.42,Credit Card,Delivered,San Francisco,CA,India,SELL01082
ORD0002022,06-03-2022,CUST043393,Neha Gupta,P00041,Webcam Full HD,Clothing,FitLife,4,98.15,0.1,42.4,13.66,409.4,Amazon Pay,Delivered,San Diego,CA,United States,SELL00674
ORD0002023,30-08-2022,CUST025309,Pooja Mehta,P00022,Water Bottle,Clothing,NexPro,2,73.75,0.25,5.53,2.09,118.24,Debit Card,Delivered,Los Angeles,CA,United States,SELL00034
ORD0002024,15-08-2021,CUST009112,Sunita Mehta,P00048,Wireless Charger,Sports & Outdoors,HomeEase,3,276.17,0.15,84.51,4.98,793.72,Cash on Delivery,Delivered,Philadelphia,PA,United States,SELL01667
ORD0002025,11-02-2023,CUST025911,Vivaan Kapoor,P00030,Dress Shirt,Sports & Outdoors,CoreTech,5,122.41,0.3,77.12,1.9,507.45,Credit Card,Delivered,Austin,TX,India,SELL00771
ORD0002026,29-11-2022,CUST024422,Ritika Kumar,P00033,Puzzle 1000pc,Electronics,ReadMore,1,264.49,0.15,26.98,7.55,259.35,UPI,Delivered,Columbus,OH,India,SELL00159
ORD0002027,17-08-2023,CUST048961,Anjali Kumar,P00033,Puzzle 1000pc,Home & Kitchen,FitLife,1,476.66,0,38.13,2.92,517.71,Amazon Pay,Delivered,Philadelphia,PA,United States,SELL00138
ORD0002028,11-08-2020,CUST046105,Sahil Joshi,P00030,Dress Shirt,Home & Kitchen,Apex,4,126.78,0.05,38.54,9.44,529.74,Credit Card,Delivered,Denver,CO,Australia,SELL00554
ORD0002029,13-11-2020,CUST021602,Vikas Reddy,P00002,Bluetooth Speaker,Toys & Games,HomeEase,2,212.58,0.05,20.2,2.22,426.32,Debit Card,Delivered,Jacksonville,FL,United States,SELL01361
ORD0002030,14-12-2020,CUST038188,Priya Singh,P00006,Gaming Mouse,Clothing,CoreTech,5,461.19,0.05,175.25,8.38,2374.28,Amazon Pay,Shipped,Philadelphia,PA,United States,SELL01083
ORD0002031,24-04-2020,CUST022412,Sahil Singh,P00023,Cookware Set,Books,Zenith,5,246.1,0.05,58.45,5.75,1233.18,Cash on Delivery,Delivered,Chicago,IL,Canada,SELL00582
ORD0002032,28-11-2021,CUST047880,Priya Verma,P00028,Jeans,Electronics,UrbanStyle,2,345.18,0,124.26,8.15,822.77,Amazon Pay,Shipped,Washington,DC,India,SELL01579
ORD0002033,08-09-2023,CUST041834,Neha Singh,P00033,Puzzle 1000pc,Books,BrightLux,5,129.74,0.05,30.81,0.94,648.02,Debit Card,Delivered,Chicago,IL,United States,SELL00032
ORD0002034,10-05-2024,CUST042047,Pooja Reddy,P00016,Air Fryer,Books,ReadMore,3,522.75,0.15,0,0.18,1333.19,UPI,Delivered,Dallas,TX,Australia,SELL01353
ORD0002035,29-11-2022,CUST017102,Mohit Patel,P00004,USB-C Charger,Home & Kitchen,HomeEase,2,197.07,0.05,29.95,10.45,414.83,Credit Card,Shipped,San Francisco,CA,United States,SELL00923
ORD0002036,09-02-2020,CUST010735,Aditya Kumar,P00010,Smartwatch,Books,HomeEase,3,280.92,0,101.13,11.75,955.64,Amazon Pay,Delivered,Houston,TX,India,SELL01222
ORD0002037,07-11-2024,CUST045480,Vikas Kumar,P00008,4K Monitor,Clothing,Apex,3,122.41,0.05,17.44,10.16,376.47,Amazon Pay,Delivered,San Diego,CA,United States,SELL00382
ORD0002038,05-08-2023,CUST048508,Priya Mehta,P00012,Noise Cancelling Headphones,Electronics,HomeEase,1,128.39,0.25,11.56,0.02,107.87,Debit Card,Delivered,San Jose,CA,United States,SELL01414
ORD0002039,09-07-2023,CUST044795,Anjali Patel,P00036,Smart Light Bulb,Toys & Games,ReadMore,5,265.48,0,106.19,13.06,1446.65,Debit Card,Shipped,Indianapolis,IN,United States,SELL00534
ORD0002040,03-08-2020,CUST004357,Pooja Kapoor,P00039,Graphic Tablet,Books,Apex,5,121.29,0.1,27.29,12.4,585.5,Net Banking,Delivered,San Jose,CA,United States,SELL00852
ORD0002041,16-03-2023,CUST000523,Priya Joshi,P00014,Drone Mini,Home & Kitchen,BrightLux,4,595.99,0.1,257.47,0.69,2403.72,Net Banking,Shipped,Columbus,OH,United States,SELL01592
ORD0002042,01-12-2020,CUST030710,Vihaan Joshi,P00020,Office Chair,Toys & Games,BrightLux,5,339.48,0.25,229.15,2.48,1504.68,UPI,Delivered,Seattle,WA,United States,SELL00526
ORD0002043,06-04-2023,CUST038788,Vivaan Kapoor,P00040,Microphone,Clothing,ReadMore,2,42.25,0.15,5.75,13.99,91.56,Amazon Pay,Shipped,San Jose,CA,United States,SELL01602
ORD0002044,01-04-2020,CUST014758,Ritika Kapoor,P00047,Memory Card 128GB,Clothing,Zenith,3,59.21,0,14.21,2.68,194.52,UPI,Delivered,Indianapolis,IN,United States,SELL01306
ORD0002045,18-12-2020,CUST038417,Aditya Joshi,P00002,Bluetooth Speaker,Toys & Games,UrbanStyle,2,279.8,0.2,35.81,1.44,484.93,Credit Card,Delivered,Austin,TX,India,SELL01876
ORD0002046,24-07-2021,CUST019012,Rohit Reddy,P00002,Bluetooth Speaker,Electronics,Zenith,5,35.19,0,14.08,8.66,198.69,UPI,Delivered,Columbus,OH,India,SELL00370
ORD0002047,13-05-2024,CUST008608,Vihaan Mehta,P00014,Drone Mini,Electronics,ReadMore,2,449.23,0.3,50.31,7.99,687.22,Credit Card,Delivered,Dallas,TX,United States,SELL00360
ORD0002048,26-03-2022,CUST019461,Aman Gupta,P00006,Gaming Mouse,Clothing,HomeEase,5,425.9,0,170.36,0.18,2300.04,Amazon Pay,Delivered,Seattle,WA,India,SELL01993
ORD0002049,31-08-2024,CUST033686,Karan Sharma,P00018,Vacuum Cleaner,Books,Apex,4,455.03,0,218.41,14.42,2052.95,UPI,Delivered,San Diego,CA,India,SELL01319
ORD0002050,19-02-2022,CUST041166,Arjun Singh,P00015,Instant Pot,Books,NexPro,4,453.06,0.05,309.89,11.67,2043.19,Amazon Pay,Cancelled,Indianapolis,IN,United States,SELL01081
ORD0002051,28-12-2020,CUST022997,Rohit Patel,P00029,T-Shirt,Clothing,ReadMore,5,114.22,0.05,65.11,2.08,609.74,Credit Card,Delivered,Columbus,OH,United States,SELL01822
ORD0002052,10-07-2021,CUST043090,Karan Kapoor,P00043,HDMI Cable 2m,Clothing,FitLife,2,536.8,0,85.89,14.94,1174.43,Debit Card,Shipped,Philadelphia,PA,United States,SELL00932
ORD0002053,30-09-2023,CUST042051,Simran Singh,P00050,Novel Bestseller,Clothing,FitLife,3,502.88,0.05,114.66,12.13,1560,Credit Card,Shipped,Austin,TX,United States,SELL01950
ORD0002054,12-09-2024,CUST021237,Anjali Singh,P00025,Running Shoes,Toys & Games,UrbanStyle,5,325.11,0.05,185.31,5.34,1734.92,Credit Card,Shipped,Chicago,IL,India,SELL01623
ORD0002055,08-04-2023,CUST045807,Aditya Joshi,P00011,Fitness Band,Sports & Outdoors,BrightLux,4,152.86,0.1,0,6.76,557.06,Net Banking,Delivered,Jacksonville,FL,United Kingdom,SELL00502
ORD0002056,21-12-2020,CUST009956,Anjali Singh,P00010,Smartwatch,Books,NexPro,1,542.63,0,27.13,8.66,578.42,Credit Card,Pending,Los Angeles,CA,United States,SELL00099
ORD0002057,09-07-2020,CUST037339,Anjali Sharma,P00002,Bluetooth Speaker,Electronics,HomeEase,5,461.75,0,115.44,9.54,2433.73,Credit Card,Delivered,Seattle,WA,India,SELL01649
ORD0002058,17-08-2024,CUST026086,Aarav Joshi,P00045,Phone Tripod,Sports & Outdoors,Apex,1,7.89,0.1,0,2.64,9.74,Debit Card,Delivered,San Antonio,TX,United States,SELL01258
ORD0002059,25-02-2021,CUST049305,Pooja Kumar,P00034,Desk Organizer,Home & Kitchen,FitLife,1,240.49,0.25,9.02,2.13,191.52,Credit Card,Delivered,Seattle,WA,United Kingdom,SELL01631
ORD0002060,30-11-2021,CUST016938,Mohit Kapoor,P00017,Electric Kettle,Clothing,UrbanStyle,3,228.52,0,54.84,9.6,750,Credit Card,Delivered,Chicago,IL,United States,SELL01691
ORD0002061,07-01-2020,CUST037351,Mohit Joshi,P00011,Fitness Band,Clothing,KiddoFun,4,358.11,0,71.62,13.7,1517.76,Cash on Delivery,Returned,San Diego,CA,United States,SELL01313
ORD0002062,12-05-2020,CUST007971,Aditya Singh,P00049,Children's Book,Home & Kitchen,BrightLux,5,155.18,0,38.8,5.31,820.01,Amazon Pay,Shipped,Chicago,IL,United States,SELL01096
ORD0002063,05-11-2024,CUST007759,Kabir Mehta,P00002,Bluetooth Speaker,Electronics,UrbanStyle,1,538.75,0.2,34.48,8.48,473.96,UPI,Delivered,Indianapolis,IN,United States,SELL01281
ORD0002064,10-07-2021,CUST043579,Karan Mehta,P00001,Wireless Earbuds,Toys & Games,KiddoFun,4,94.71,0,18.94,8.9,406.68,Credit Card,Pending,San Diego,CA,United States,SELL01642
ORD0002065,05-04-2022,CUST027253,Karan Joshi,P00020,Office Chair,Sports & Outdoors,KiddoFun,4,161.89,0.05,0,5.4,620.58,Amazon Pay,Shipped,San Francisco,CA,United States,SELL00312
ORD0002066,30-01-2022,CUST047865,Sunita Sharma,P00038,External HDD 2TB,Home & Kitchen,Apex,4,146.22,0,46.79,4.21,635.88,Credit Card,Delivered,Washington,DC,United Kingdom,SELL01737
ORD0002067,20-11-2022,CUST011989,Vivaan Reddy,P00001,Wireless Earbuds,Toys & Games,BrightLux,4,92.47,0.05,28.11,10.34,389.84,UPI,Pending,Jacksonville,FL,United States,SELL01078
ORD0002068,18-06-2021,CUST012035,Rohit Patel,P00041,Webcam Full HD,Clothing,BrightLux,4,217.49,0.1,39.15,2.28,824.39,Debit Card,Delivered,Dallas,TX,Canada,SELL01519
ORD0002069,01-03-2021,CUST023576,Aarav Patel,P00014,Drone Mini,Home & Kitchen,CoreTech,4,145.35,0,104.65,10.72,696.77,Credit Card,Delivered,Chicago,IL,United States,SELL01127
ORD0002070,18-11-2023,CUST034167,Aman Kumar,P00032,Board Game,Electronics,CoreTech,2,307.8,0.15,62.79,13.97,600.02,Amazon Pay,Delivered,Los Angeles,CA,United States,SELL00656
ORD0002071,02-11-2021,CUST042732,Aarav Sharma,P00012,Noise Cancelling Headphones,Clothing,BrightLux,2,563.26,0.05,85.62,0.7,1156.51,Credit Card,Delivered,San Francisco,CA,United States,SELL00483
ORD0002072,28-12-2020,CUST003429,Sneha Kumar,P00038,External HDD 2TB,Books,NexPro,4,33.07,0.15,5.62,2.44,120.5,UPI,Delivered,Los Angeles,CA,United States,SELL01102
ORD0002073,31-12-2023,CUST047279,Vikas Gupta,P00028,Jeans,Toys & Games,UrbanStyle,2,469.09,0.1,0,1.1,845.46,Debit Card,Delivered,Fort Worth,TX,United States,SELL00631
ORD0002074,20-08-2024,CUST002613,Arjun Verma,P00047,Memory Card 128GB,Home & Kitchen,Zenith,5,499.89,0.15,254.94,13.02,2392.49,Amazon Pay,Delivered,Austin,TX,United States,SELL01040
ORD0002075,23-04-2024,CUST025543,Sunita Reddy,P00001,Wireless Earbuds,Books,BrightLux,3,48.59,0.05,11.08,3.35,152.91,Debit Card,Delivered,Dallas,TX,United States,SELL00070
ORD0002076,22-03-2020,CUST036565,Ritika Gupta,P00023,Cookware Set,Toys & Games,BrightLux,2,217.99,0,34.88,5.34,476.2,Credit Card,Delivered,Denver,CO,India,SELL00592
ORD0002077,21-12-2020,CUST013510,Mohit Verma,P00017,Electric Kettle,Books,Zenith,2,515.37,0,82.46,14.69,1127.89,UPI,Shipped,Philadelphia,PA,United States,SELL01018
ORD0002078,05-07-2023,CUST040744,Vivaan Gupta,P00039,Graphic Tablet,Toys & Games,KiddoFun,1,353.19,0.2,22.6,12.96,318.11,Debit Card,Shipped,Columbus,OH,United States,SELL00022
ORD0002079,07-10-2024,CUST025598,Priya Joshi,P00003,Smartphone Case,Home & Kitchen,Apex,3,331.8,0,0,9.28,1004.68,UPI,Delivered,Jacksonville,FL,United States,SELL01668
ORD0002080,11-08-2021,CUST007171,Aman Kapoor,P00020,Office Chair,Books,BrightLux,4,203.17,0.05,38.6,7.18,817.83,Credit Card,Shipped,Seattle,WA,United States,SELL01802
ORD0002081,27-03-2024,CUST019505,Aman Patel,P00010,Smartwatch,Electronics,UrbanStyle,4,49.69,0.1,0,7.84,186.72,Amazon Pay,Delivered,Washington,DC,India,SELL00213
ORD0002082,21-10-2020,CUST019470,Karan Singh,P00005,Laptop Sleeve,Sports & Outdoors,KiddoFun,4,195.99,0,62.72,4.43,851.11,Debit Card,Delivered,San Jose,CA,United States,SELL00292
ORD0002083,01-06-2023,CUST015764,Anjali Joshi,P00048,Wireless Charger,Books,UrbanStyle,5,24.31,0,6.08,7.87,135.5,Credit Card,Delivered,Columbus,OH,United States,SELL00881
ORD0002084,28-03-2024,CUST028366,Vikas Kumar,P00046,Car Charger,Toys & Games,Zenith,1,193.43,0.15,0,2,166.42,Net Banking,Delivered,San Francisco,CA,United Kingdom,SELL00185
ORD0002085,05-12-2022,CUST011458,Mohit Mehta,P00023,Cookware Set,Books,BrightLux,3,555.59,0.15,170.01,0.3,1587.06,Amazon Pay,Delivered,Charlotte,NC,United States,SELL01655
ORD0002086,17-08-2024,CUST011033,Aarav Kumar,P00016,Air Fryer,Toys & Games,BrightLux,2,491.24,0.05,46.67,12.04,992.07,Amazon Pay,Delivered,Los Angeles,CA,United States,SELL00808
ORD0002087,10-02-2023,CUST042921,Sneha Singh,P00036,Smart Light Bulb,Books,ReadMore,1,113.35,0,20.4,7.92,141.67,Credit Card,Returned,Columbus,OH,United States,SELL01120
ORD0002088,10-06-2023,CUST016631,Rohit Sharma,P00044,Power Bank 20000mAh,Books,CoreTech,2,249.92,0,0,6.67,506.51,UPI,Delivered,Columbus,OH,United States,SELL00390
ORD0002089,17-01-2020,CUST049719,Ritika Reddy,P00014,Drone Mini,Home & Kitchen,KiddoFun,5,466.68,0.05,177.34,8.63,2402.7,Credit Card,Delivered,Washington,DC,United States,SELL01236
ORD0002090,25-12-2020,CUST045314,Mohit Verma,P00026,Sunglasses,Home & Kitchen,UrbanStyle,1,578.45,0.15,24.58,3.87,520.13,Net Banking,Delivered,Jacksonville,FL,India,SELL00488
ORD0002091,31-05-2023,CUST022636,Vikas Sharma,P00038,External HDD 2TB,Books,KiddoFun,1,342.22,0.05,16.26,0.09,341.46,Debit Card,Delivered,Phoenix,AZ,United States,SELL00641
ORD0002092,15-05-2022,CUST020656,Sunita Gupta,P00002,Bluetooth Speaker,Clothing,NexPro,2,185.47,0.25,33.38,7.99,319.58,Debit Card,Delivered,San Jose,CA,United States,SELL01823
ORD0002093,30-11-2021,CUST033237,Sahil Kapoor,P00017,Electric Kettle,Electronics,ReadMore,1,324.34,0.15,49.62,1.4,326.71,UPI,Delivered,Chicago,IL,United States,SELL00602
ORD0002094,23-03-2021,CUST036727,Vivaan Kapoor,P00019,LED Desk Lamp,Clothing,KiddoFun,3,573.84,0,86.08,12.37,1819.97,UPI,Shipped,Philadelphia,PA,United States,SELL01776
ORD0002095,05-05-2022,CUST045875,Vivaan Verma,P00050,Novel Bestseller,Books,FitLife,2,435.8,0.1,62.76,14.79,861.99,Credit Card,Delivered,Washington,DC,United States,SELL00792
ORD0002096,30-12-2020,CUST004248,Aarav Sharma,P00009,Portable SSD 1TB,Sports & Outdoors,UrbanStyle,4,7.66,0.1,0,3.24,30.82,Credit Card,Delivered,San Francisco,CA,United States,SELL01173
ORD0002097,05-11-2021,CUST021780,Vihaan Mehta,P00041,Webcam Full HD,Sports & Outdoors,ReadMore,5,438.62,0.05,0,5.74,2089.18,UPI,Delivered,Seattle,WA,United States,SELL01591
ORD0002098,04-10-2022,CUST013112,Simran Mehta,P00046,Car Charger,Books,UrbanStyle,2,425.16,0.3,71.43,7.43,674.08,Amazon Pay,Delivered,San Jose,CA,India,SELL01254
ORD0002099,11-09-2023,CUST010521,Vihaan Reddy,P00046,Car Charger,Sports & Outdoors,KiddoFun,4,478.7,0.05,218.29,4.86,2042.21,Amazon Pay,Delivered,Washington,DC,United States,SELL00514
ORD0002100,11-04-2021,CUST034390,Pooja Joshi,P00038,External HDD 2TB,Books,Apex,2,440.86,0.1,0,12.45,806,Credit Card,Delivered,Houston,TX,Canada,SELL01089
ORD0002101,17-02-2021,CUST019380,Arjun Kumar,P00016,Air Fryer,Home & Kitchen,BrightLux,5,165.51,0,0,5.53,833.08,Amazon Pay,Shipped,San Antonio,TX,India,SELL01188
ORD0002102,18-01-2024,CUST041391,Aarav Gupta,P00042,Projector Mini,Sports & Outdoors,KiddoFun,4,589.92,0.2,151.02,4.86,2043.62,UPI,Delivered,Los Angeles,CA,United States,SELL01200
ORD0002103,08-08-2021,CUST012286,Karan Verma,P00036,Smart Light Bulb,Books,BrightLux,2,380.95,0.25,28.57,14.75,614.74,Debit Card,Shipped,Austin,TX,United States,SELL00868
ORD0002104,10-06-2023,CUST028240,Aman Gupta,P00037,Router,Books,Zenith,2,506.24,0,182.25,5.01,1199.74,Amazon Pay,Delivered,Dallas,TX,India,SELL00318
ORD0002105,01-06-2023,CUST037184,Kabir Kapoor,P00023,Cookware Set,Toys & Games,Apex,3,10.01,0.15,2.04,0.18,27.75,Credit Card,Delivered,San Antonio,TX,United States,SELL01502
ORD0002106,20-09-2022,CUST027819,Arjun Mehta,P00006,Gaming Mouse,Electronics,CoreTech,5,170.73,0.2,54.63,6.13,743.68,Credit Card,Delivered,Columbus,OH,United States,SELL00870
ORD0002107,06-12-2023,CUST002119,Vihaan Reddy,P00010,Smartwatch,Electronics,KiddoFun,3,534.47,0.05,121.86,1.58,1646.68,Amazon Pay,Delivered,Fort Worth,TX,United States,SELL00599
ORD0002108,25-07-2021,CUST028729,Kabir Verma,P00029,T-Shirt,Toys & Games,KiddoFun,3,37.97,0.1,5.13,7.78,115.43,UPI,Shipped,Denver,CO,United States,SELL01983
ORD0002109,30-11-2020,CUST002215,Priya Verma,P00036,Smart Light Bulb,Electronics,UrbanStyle,4,183.63,0,88.14,1.39,824.05,Net Banking,Delivered,Columbus,OH,United States,SELL01960
ORD0002110,30-05-2023,CUST004727,Vihaan Joshi,P00043,HDMI Cable 2m,Sports & Outdoors,Zenith,5,35.43,0.25,15.94,5.27,154.07,UPI,Delivered,San Antonio,TX,United States,SELL01337
ORD0002111,06-02-2020,CUST017181,Rohit Kapoor,P00009,Portable SSD 1TB,Toys & Games,BrightLux,5,79.59,0.15,27.06,8.97,374.29,Credit Card,Shipped,Chicago,IL,United States,SELL00522
ORD0002112,15-09-2022,CUST003308,Rohit Gupta,P00032,Board Game,Books,NexPro,3,274.25,0.1,37.02,5.97,783.46,Amazon Pay,Shipped,San Antonio,TX,United States,SELL00170
ORD0002113,04-10-2020,CUST002970,Aman Kumar,P00044,Power Bank 20000mAh,Clothing,ReadMore,1,211.51,0,0,7.87,219.38,Credit Card,Delivered,San Jose,CA,United States,SELL01727
ORD0002114,04-05-2023,CUST009614,Vikas Mehta,P00047,Memory Card 128GB,Sports & Outdoors,ReadMore,4,559.51,0,111.9,11.33,2361.27,Amazon Pay,Delivered,San Antonio,TX,United States,SELL01577
ORD0002115,04-07-2022,CUST022848,Priya Singh,P00030,Dress Shirt,Clothing,ReadMore,3,178.41,0.15,54.59,2.17,511.71,Debit Card,Returned,Austin,TX,United States,SELL00981
ORD0002116,28-04-2021,CUST005935,Vivaan Reddy,P00047,Memory Card 128GB,Electronics,Zenith,5,451.03,0,112.76,14.91,2382.82,UPI,Delivered,Jacksonville,FL,Canada,SELL00435
ORD0002117,19-06-2023,CUST004628,Neha Kumar,P00026,Sunglasses,Toys & Games,Zenith,3,97.28,0,0,6.21,298.05,UPI,Delivered,New York,NY,United Kingdom,SELL00598
ORD0002118,09-09-2023,CUST020487,Neha Patel,P00037,Router,Toys & Games,HomeEase,2,7.51,0.2,0,7.35,19.37,UPI,Delivered,New York,NY,United States,SELL01544
ORD0002119,31-12-2021,CUST026322,Sneha Sharma,P00046,Car Charger,Toys & Games,Apex,5,256.94,0.05,146.46,3.32,1370.24,UPI,Delivered,San Jose,CA,United States,SELL00087
ORD0002120,10-07-2020,CUST043466,Aarav Verma,P00047,Memory Card 128GB,Books,ReadMore,3,407.61,0,146.74,10.04,1379.61,Credit Card,Delivered,San Jose,CA,United States,SELL00215
ORD0002121,06-11-2022,CUST024814,Vihaan Kapoor,P00028,Jeans,Toys & Games,BrightLux,4,457.3,0.05,139.02,4.54,1881.3,Credit Card,Delivered,Washington,DC,United Kingdom,SELL01341
ORD0002122,07-06-2021,CUST024414,Neha Singh,P00011,Fitness Band,Sports & Outdoors,FitLife,3,42.49,0.15,8.67,7.37,124.39,Credit Card,Shipped,New York,NY,United States,SELL01651
ORD0002123,06-07-2022,CUST035267,Aditya Reddy,P00009,Portable SSD 1TB,Electronics,FitLife,1,358.3,0.25,21.5,11.68,301.91,Cash on Delivery,Cancelled,Chicago,IL,United States,SELL00130
ORD0002124,04-02-2021,CUST048000,Aditya Verma,P00023,Cookware Set,Home & Kitchen,Apex,3,110.62,0.25,44.8,7.74,301.44,Amazon Pay,Shipped,Dallas,TX,United States,SELL00021
ORD0002125,04-06-2022,CUST005234,Pooja Kumar,P00009,Portable SSD 1TB,Clothing,CoreTech,4,310.09,0.1,200.94,7.38,1324.64,Credit Card,Returned,Charlotte,NC,United Kingdom,SELL00159
ORD0002126,05-12-2021,CUST012780,Simran Gupta,P00050,Novel Bestseller,Electronics,UrbanStyle,5,535.2,0,133.8,6.61,2816.41,UPI,Delivered,Houston,TX,United States,SELL00263
ORD0002127,22-01-2020,CUST041409,Pooja Joshi,P00036,Smart Light Bulb,Clothing,BrightLux,1,28.6,0.05,1.36,2.82,31.35,Credit Card,Shipped,Washington,DC,United States,SELL01581
ORD0002128,18-04-2021,CUST019614,Vivaan Verma,P00012,Noise Cancelling Headphones,Toys & Games,NexPro,3,366.14,0.05,125.22,3.27,1171.99,Amazon Pay,Delivered,Houston,TX,United States,SELL00170
ORD0002129,17-02-2023,CUST041965,Mohit Sharma,P00040,Microphone,Home & Kitchen,HomeEase,3,269.53,0,145.55,10.96,965.1,Credit Card,Delivered,Indianapolis,IN,United States,SELL01171
ORD0002130,28-07-2020,CUST008002,Priya Patel,P00012,Noise Cancelling Headphones,Books,KiddoFun,1,55.36,0,4.43,8.13,67.92,Credit Card,Delivered,Houston,TX,India,SELL01092
ORD0002131,01-11-2020,CUST017023,Anjali Mehta,P00014,Drone Mini,Toys & Games,Zenith,1,491.41,0.05,37.35,7.09,511.28,Amazon Pay,Pending,San Jose,CA,United States,SELL00908
ORD0002132,17-07-2023,CUST043211,Vihaan Verma,P00014,Drone Mini,Sports & Outdoors,Apex,5,586.48,0,351.89,7.44,3291.73,Credit Card,Delivered,Los Angeles,CA,India,SELL01548
ORD0002133,04-12-2021,CUST007904,Vivaan Sharma,P00046,Car Charger,Home & Kitchen,Apex,1,485.92,0.1,34.99,14.38,486.7,Credit Card,Delivered,San Antonio,TX,United States,SELL01695
ORD0002134,17-11-2021,CUST048582,Arjun Singh,P00019,LED Desk Lamp,Toys & Games,Zenith,2,158.6,0,15.86,10.65,343.71,Amazon Pay,Delivered,Austin,TX,United States,SELL00863
ORD0002135,11-10-2020,CUST011100,Anjali Patel,P00034,Desk Organizer,Books,FitLife,5,186.74,0.15,95.24,0.95,889.84,Amazon Pay,Delivered,San Diego,CA,United States,SELL00554
ORD0002136,16-12-2021,CUST028792,Simran Kapoor,P00021,Backpack,Sports & Outdoors,FitLife,5,434.01,0,260.41,7.92,2438.38,Amazon Pay,Shipped,Austin,TX,United States,SELL00973
ORD0002137,26-08-2024,CUST004761,Pooja Verma,P00033,Puzzle 1000pc,Sports & Outdoors,NexPro,3,371.99,0,55.8,7.88,1179.65,Credit Card,Delivered,Dallas,TX,United States,SELL00011
ORD0002138,01-02-2022,CUST001559,Vikas Patel,P00015,Instant Pot,Sports & Outdoors,HomeEase,4,209.57,0,41.91,14.98,895.17,Amazon Pay,Delivered,Los Angeles,CA,United States,SELL00617
ORD0002139,04-06-2023,CUST032396,Mohit Verma,P00034,Desk Organizer,Electronics,Apex,2,148.29,0,14.83,10.23,321.64,Debit Card,Delivered,Jacksonville,FL,India,SELL01001
ORD0002140,05-08-2022,CUST013232,Sunita Mehta,P00041,Webcam Full HD,Electronics,KiddoFun,4,205.91,0.15,56.01,1.5,757.6,Credit Card,Delivered,New York,NY,Canada,SELL01698
ORD0002141,15-01-2021,CUST010864,Simran Gupta,P00027,Winter Jacket,Sports & Outdoors,ReadMore,5,453.52,0.1,244.9,3.65,2289.39,UPI,Shipped,Houston,TX,India,SELL00434
ORD0002142,04-04-2021,CUST024202,Sunita Joshi,P00039,Graphic Tablet,Clothing,FitLife,2,483.74,0,77.4,6.28,1051.16,Amazon Pay,Shipped,Charlotte,NC,United States,SELL00952
ORD0002143,27-10-2022,CUST002961,Karan Singh,P00009,Portable SSD 1TB,Toys & Games,NexPro,3,208.29,0,49.99,0.84,675.7,Debit Card,Delivered,San Jose,CA,United Kingdom,SELL01812
ORD0002144,29-01-2020,CUST034996,Vihaan Singh,P00016,Air Fryer,Toys & Games,ReadMore,4,350.85,0,70.17,4.36,1477.93,Credit Card,Delivered,Austin,TX,United States,SELL01241
ORD0002145,25-06-2022,CUST029303,Vivaan Singh,P00013,Action Camera,Home & Kitchen,ReadMore,3,34.77,0,0,13.93,118.24,Debit Card,Delivered,Houston,TX,United States,SELL01016
ORD0002146,22-11-2022,CUST045698,Vihaan Mehta,P00012,Noise Cancelling Headphones,Home & Kitchen,CoreTech,2,216.02,0.15,18.36,14.51,400.1,Net Banking,Delivered,Charlotte,NC,United States,SELL01291
ORD0002147,27-07-2024,CUST009728,Ritika Joshi,P00003,Smartphone Case,Home & Kitchen,NexPro,1,322.15,0,25.77,3.14,351.06,Amazon Pay,Shipped,San Diego,CA,United States,SELL00049
ORD0002148,28-05-2022,CUST033261,Ritika Joshi,P00018,Vacuum Cleaner,Toys & Games,HomeEase,2,553.6,0.05,126.22,7.06,1185.12,Debit Card,Pending,Seattle,WA,United States,SELL00467
ORD0002149,19-03-2020,CUST040649,Mohit Kapoor,P00026,Sunglasses,Home & Kitchen,NexPro,2,37.17,0,3.72,9.43,87.49,Credit Card,Delivered,Austin,TX,Australia,SELL01847
ORD0002150,04-08-2022,CUST019375,Sunita Patel,P00025,Running Shoes,Clothing,Apex,3,464.77,0.05,105.97,11.36,1441.92,Debit Card,Returned,Chicago,IL,Australia,SELL00353
ORD0002151,03-04-2021,CUST036167,Kabir Sharma,P00016,Air Fryer,Home & Kitchen,Apex,3,361.02,0.1,116.97,3.26,1094.98,UPI,Delivered,Seattle,WA,United States,SELL00952
ORD0002152,23-07-2021,CUST010637,Arjun Joshi,P00036,Smart Light Bulb,Clothing,KiddoFun,4,186.57,0.1,80.6,0.44,752.69,Debit Card,Delivered,San Jose,CA,United States,SELL01570
ORD0002153,10-04-2024,CUST048714,Neha Verma,P00002,Bluetooth Speaker,Toys & Games,Zenith,1,444.83,0.1,20.02,14.41,434.78,Amazon Pay,Delivered,Los Angeles,CA,Canada,SELL00194
ORD0002154,14-02-2024,CUST019968,Karan Joshi,P00029,T-Shirt,Sports & Outdoors,ReadMore,2,85.99,0.1,12.38,3.38,170.54,Net Banking,Delivered,Charlotte,NC,India,SELL00736
ORD0002155,24-12-2023,CUST013980,Vivaan Verma,P00034,Desk Organizer,Clothing,BrightLux,1,410.39,0.25,24.62,3.05,335.46,Amazon Pay,Returned,Charlotte,NC,United States,SELL00646
ORD0002156,07-01-2022,CUST031927,Pooja Patel,P00014,Drone Mini,Clothing,ReadMore,1,14.47,0.05,0.69,7.56,22,Credit Card,Delivered,Austin,TX,United States,SELL00704
ORD0002157,01-08-2023,CUST006066,Aarav Reddy,P00037,Router,Clothing,BrightLux,5,143.39,0,86.03,4.44,807.42,Amazon Pay,Shipped,San Francisco,CA,United States,SELL01356
ORD0002158,30-05-2021,CUST025706,Ritika Kapoor,P00019,LED Desk Lamp,Sports & Outdoors,FitLife,1,164.59,0.1,11.85,7.2,167.18,Credit Card,Delivered,Dallas,TX,Australia,SELL00577
ORD0002159,27-01-2023,CUST028540,Sneha Patel,P00025,Running Shoes,Electronics,FitLife,1,54.25,0,9.76,4.38,68.39,Amazon Pay,Shipped,Los Angeles,CA,United States,SELL01638
ORD0002160,31-01-2021,CUST015858,Aman Reddy,P00014,Drone Mini,Sports & Outdoors,Zenith,3,164.63,0,88.9,13.02,595.81,Credit Card,Delivered,Columbus,OH,India,SELL00192
ORD0002161,21-02-2024,CUST002382,Kabir Verma,P00033,Puzzle 1000pc,Clothing,Apex,1,462.45,0.05,21.97,0.4,461.7,Debit Card,Delivered,Jacksonville,FL,United Kingdom,SELL01611
ORD0002162,08-02-2020,CUST025974,Karan Kumar,P00044,Power Bank 20000mAh,Home & Kitchen,KiddoFun,5,13.24,0.25,3.97,11.4,65.02,UPI,Delivered,San Antonio,TX,United States,SELL01289
ORD0002163,18-07-2023,CUST028123,Neha Patel,P00002,Bluetooth Speaker,Sports & Outdoors,Zenith,2,283.35,0,45.34,8.5,620.54,Credit Card,Delivered,Columbus,OH,India,SELL01494
ORD0002164,05-06-2022,CUST002500,Sunita Singh,P00025,Running Shoes,Clothing,FitLife,1,308.89,0,24.71,7.06,340.66,Debit Card,Cancelled,Washington,DC,United States,SELL01369
ORD0002165,07-03-2022,CUST004280,Sahil Kapoor,P00042,Projector Mini,Sports & Outdoors,CoreTech,4,456.76,0.05,138.86,0.9,1875.45,Amazon Pay,Shipped,San Antonio,TX,United States,SELL01127
ORD0002166,05-06-2020,CUST032654,Vivaan Sharma,P00004,USB-C Charger,Clothing,NexPro,4,551.39,0.05,377.15,12.21,2484.64,Debit Card,Delivered,Chicago,IL,United States,SELL00886
ORD0002167,03-01-2023,CUST039616,Mohit Reddy,P00033,Puzzle 1000pc,Electronics,Zenith,1,444.58,0.1,32.01,12.15,444.28,UPI,Delivered,Chicago,IL,United States,SELL01593
ORD0002168,02-06-2022,CUST032343,Neha Joshi,P00004,USB-C Charger,Books,NexPro,2,417.05,0.05,95.09,6.78,894.26,Credit Card,Delivered,Charlotte,NC,United States,SELL01255
ORD0002169,28-12-2024,CUST029590,Mohit Verma,P00012,Noise Cancelling Headphones,Books,ReadMore,4,420.16,0,134.45,3.22,1818.31,Credit Card,Delivered,Washington,DC,United States,SELL01680
ORD0002170,27-02-2023,CUST014208,Neha Patel,P00024,Yoga Mat,Toys & Games,FitLife,4,73.11,0.2,28.07,6.63,268.65,UPI,Delivered,Phoenix,AZ,United States,SELL01021
ORD0002171,06-09-2024,CUST045228,Sneha Patel,P00024,Yoga Mat,Toys & Games,Apex,3,489.88,0,73.48,5.33,1548.45,Debit Card,Shipped,Austin,TX,India,SELL00134
ORD0002172,31-08-2022,CUST043386,Pooja Sharma,P00027,Winter Jacket,Sports & Outdoors,Apex,4,50.9,0.2,8.14,14.93,185.95,Debit Card,Delivered,Houston,TX,United States,SELL00760
ORD0002173,12-01-2023,CUST037475,Aman Kumar,P00038,External HDD 2TB,Electronics,FitLife,4,88.06,0,17.61,11.4,381.25,Debit Card,Delivered,Denver,CO,United States,SELL01317
ORD0002174,11-11-2022,CUST010276,Sahil Mehta,P00024,Yoga Mat,Clothing,KiddoFun,1,288.44,0,14.42,7.05,309.91,Debit Card,Shipped,Fort Worth,TX,United States,SELL00373
ORD0002175,22-01-2024,CUST032993,Sunita Kumar,P00027,Winter Jacket,Toys & Games,NexPro,1,582.4,0,29.12,10.28,621.8,Credit Card,Shipped,Denver,CO,India,SELL00865
ORD0002176,11-04-2024,CUST010233,Aditya Joshi,P00050,Novel Bestseller,Electronics,KiddoFun,2,451.09,0,0,2.65,904.83,Debit Card,Shipped,Fort Worth,TX,United States,SELL01659
ORD0002177,26-09-2024,CUST007000,Simran Kapoor,P00015,Instant Pot,Home & Kitchen,HomeEase,2,63.09,0,10.09,11.42,147.69,Credit Card,Pending,Columbus,OH,United States,SELL00736
ORD0002178,28-04-2022,CUST003545,Simran Verma,P00017,Electric Kettle,Clothing,Apex,4,41.99,0,8.4,14.01,190.37,UPI,Shipped,Houston,TX,United States,SELL00232
ORD0002179,06-11-2023,CUST015613,Neha Joshi,P00003,Smartphone Case,Electronics,CoreTech,2,368.62,0.05,56.03,11.88,768.29,Credit Card,Delivered,Indianapolis,IN,India,SELL00432
ORD0002180,17-01-2022,CUST013363,Anjali Verma,P00020,Office Chair,Sports & Outdoors,NexPro,2,57.8,0.05,13.18,7.54,130.54,Net Banking,Delivered,Dallas,TX,United States,SELL01163
ORD0002181,03-01-2024,CUST014489,Neha Sharma,P00022,Water Bottle,Toys & Games,HomeEase,5,122.47,0,73.48,6.9,692.73,Credit Card,Delivered,Austin,TX,United States,SELL01625
ORD0002182,15-06-2024,CUST022358,Vihaan Mehta,P00023,Cookware Set,Books,FitLife,3,442.15,0.25,49.74,7.07,1051.65,Credit Card,Delivered,Indianapolis,IN,India,SELL01294
ORD0002183,15-09-2022,CUST035565,Karan Sharma,P00020,Office Chair,Toys & Games,NexPro,3,365.06,0.15,74.47,3.12,1008.49,Credit Card,Delivered,Austin,TX,Australia,SELL01667
ORD0002184,21-01-2020,CUST040197,Sahil Reddy,P00015,Instant Pot,Electronics,FitLife,5,105.72,0,42.29,5.46,576.35,UPI,Shipped,San Antonio,TX,United States,SELL00533
ORD0002185,29-10-2020,CUST034440,Aarav Verma,P00032,Board Game,Books,FitLife,5,139.12,0.05,33.04,6.33,700.19,Net Banking,Delivered,Indianapolis,IN,United States,SELL00332
ORD0002186,18-05-2022,CUST039733,Kabir Kapoor,P00042,Projector Mini,Clothing,NexPro,2,191.64,0.2,55.19,1.03,362.84,Credit Card,Shipped,Dallas,TX,United States,SELL01303
ORD0002187,24-03-2020,CUST004463,Priya Reddy,P00014,Drone Mini,Electronics,Zenith,4,453.93,0.15,277.81,1.17,1822.34,Net Banking,Delivered,Houston,TX,United States,SELL01164
ORD0002188,02-12-2024,CUST038171,Sahil Kumar,P00018,Vacuum Cleaner,Clothing,CoreTech,5,222.01,0,0,1.31,1111.36,Debit Card,Shipped,San Francisco,CA,United States,SELL00956
ORD0002189,09-08-2024,CUST000833,Simran Patel,P00022,Water Bottle,Electronics,BrightLux,2,409.66,0.05,38.92,11.25,828.52,Amazon Pay,Delivered,Jacksonville,FL,United States,SELL00101
ORD0002190,16-01-2024,CUST029780,Vikas Sharma,P00029,T-Shirt,Electronics,HomeEase,1,431.18,0,21.56,7.7,460.44,Amazon Pay,Delivered,Dallas,TX,Canada,SELL01201
ORD0002191,11-11-2023,CUST022215,Sneha Joshi,P00021,Backpack,Electronics,Apex,3,331.58,0.1,71.62,7.95,974.84,UPI,Delivered,Phoenix,AZ,United States,SELL01135
ORD0002192,10-03-2024,CUST041984,Anjali Reddy,P00043,HDMI Cable 2m,Toys & Games,CoreTech,5,456.12,0,0,9.5,2290.1,Credit Card,Delivered,Columbus,OH,United States,SELL01584
ORD0002193,04-07-2023,CUST029741,Kabir Kapoor,P00008,4K Monitor,Toys & Games,ReadMore,5,87.12,0.2,41.82,5.8,396.1,Net Banking,Pending,Seattle,WA,United States,SELL01027
ORD0002194,23-07-2021,CUST034179,Neha Patel,P00030,Dress Shirt,Electronics,Zenith,5,335.35,0.15,114.02,3.42,1542.68,Net Banking,Cancelled,New York,NY,United States,SELL00471
ORD0002195,22-07-2022,CUST033981,Simran Verma,P00017,Electric Kettle,Electronics,NexPro,3,554.21,0,133.01,6.31,1801.95,Amazon Pay,Delivered,Denver,CO,United States,SELL00223
ORD0002196,30-03-2024,CUST012280,Vihaan Kumar,P00037,Router,Toys & Games,Apex,5,199.26,0.05,0,11.61,958.09,Cash on Delivery,Shipped,Jacksonville,FL,United States,SELL01907
ORD0002197,31-03-2023,CUST022578,Aarav Patel,P00027,Winter Jacket,Home & Kitchen,CoreTech,2,72.66,0,17.44,4.43,167.19,UPI,Delivered,San Diego,CA,United States,SELL00333
ORD0002198,01-04-2023,CUST045872,Vikas Gupta,P00032,Board Game,Electronics,ReadMore,3,193.35,0.05,0,13.55,564.6,Cash on Delivery,Shipped,San Antonio,TX,United States,SELL00884
ORD0002199,05-10-2022,CUST002249,Sahil Reddy,P00023,Cookware Set,Electronics,CoreTech,3,199.06,0,71.66,4.98,673.82,Credit Card,Delivered,Denver,CO,United States,SELL01661
ORD0002200,03-03-2022,CUST008367,Vikas Verma,P00033,Puzzle 1000pc,Toys & Games,HomeEase,4,544.46,0.05,103.45,4.12,2176.52,UPI,Delivered,Denver,CO,United States,SELL01006
ORD0002201,02-03-2022,CUST026766,Vivaan Singh,P00022,Water Bottle,Clothing,ReadMore,5,569.24,0.2,273.24,7.69,2557.89,Debit Card,Delivered,Dallas,TX,United States,SELL01584
ORD0002202,27-03-2024,CUST003347,Neha Singh,P00021,Backpack,Books,FitLife,2,386.02,0,92.64,5.3,869.98,Credit Card,Delivered,Charlotte,NC,United States,SELL01654
ORD0002203,14-12-2024,CUST049115,Karan Verma,P00029,T-Shirt,Home & Kitchen,ReadMore,5,330.73,0.1,267.89,1.17,1757.35,Debit Card,Cancelled,Washington,DC,United Kingdom,SELL01194
ORD0002204,18-07-2023,CUST002238,Pooja Kapoor,P00046,Car Charger,Home & Kitchen,BrightLux,2,216.28,0.2,62.29,11.56,419.9,UPI,Delivered,New York,NY,United States,SELL00721
ORD0002205,06-05-2021,CUST040839,Rohit Kumar,P00032,Board Game,Books,ReadMore,1,354.09,0.2,22.66,2.06,307.99,Amazon Pay,Delivered,Los Angeles,CA,United States,SELL00759
ORD0002206,26-07-2020,CUST018021,Vihaan Mehta,P00008,4K Monitor,Books,Zenith,5,71.95,0,43.17,14.94,417.86,Credit Card,Delivered,Chicago,IL,United Kingdom,SELL01386
ORD0002207,11-04-2024,CUST009050,Rohit Joshi,P00007,Mechanical Keyboard,Books,FitLife,3,501.92,0.05,114.44,4.68,1549.59,Amazon Pay,Delivered,Houston,TX,United States,SELL00251
ORD0002208,26-05-2024,CUST043789,Rohit Patel,P00018,Vacuum Cleaner,Books,CoreTech,4,10.16,0,2.03,1.2,43.87,Cash on Delivery,Shipped,San Diego,CA,United States,SELL00857
ORD0002209,19-12-2022,CUST015205,Vihaan Mehta,P00044,Power Bank 20000mAh,Home & Kitchen,HomeEase,5,96.17,0.05,54.82,10.49,522.12,Credit Card,Delivered,Jacksonville,FL,United States,SELL01348
ORD0002210,05-03-2021,CUST007982,Vivaan Kapoor,P00041,Webcam Full HD,Electronics,ReadMore,3,239.68,0,57.52,9.73,786.29,Debit Card,Delivered,Fort Worth,TX,United States,SELL00911
ORD0002211,11-09-2022,CUST034337,Vihaan Joshi,P00041,Webcam Full HD,Toys & Games,UrbanStyle,3,123.35,0.05,28.12,3.15,382.82,Credit Card,Delivered,Charlotte,NC,India,SELL01014
ORD0002212,07-08-2024,CUST001652,Simran Kapoor,P00005,Laptop Sleeve,Clothing,HomeEase,4,364.65,0.1,65.64,9.69,1388.07,Credit Card,Pending,Chicago,IL,United States,SELL00092
ORD0002213,16-06-2024,CUST029737,Aman Singh,P00025,Running Shoes,Sports & Outdoors,CoreTech,1,580.64,0,0,14,594.64,Cash on Delivery,Delivered,San Francisco,CA,United States,SELL01893
ORD0002214,25-08-2023,CUST011205,Neha Sharma,P00037,Router,Toys & Games,BrightLux,1,537.42,0.25,0,0.81,403.87,Debit Card,Delivered,Philadelphia,PA,United States,SELL00588
ORD0002215,03-06-2021,CUST040437,Aman Sharma,P00033,Puzzle 1000pc,Toys & Games,CoreTech,3,530.66,0.05,75.62,8.83,1596.83,Debit Card,Delivered,Indianapolis,IN,United States,SELL01412
ORD0002216,13-08-2021,CUST034165,Sahil Mehta,P00011,Fitness Band,Clothing,Apex,1,73.68,0,5.89,5.64,85.21,Amazon Pay,Delivered,New York,NY,United States,SELL00336
ORD0002217,16-11-2022,CUST003583,Ritika Joshi,P00012,Noise Cancelling Headphones,Clothing,Apex,5,329.67,0,0,14.16,1662.51,Credit Card,Delivered,Columbus,OH,United States,SELL00853
ORD0002218,05-09-2024,CUST035591,Aman Singh,P00038,External HDD 2TB,Electronics,KiddoFun,2,586.55,0,93.85,14.85,1281.8,Credit Card,Delivered,Fort Worth,TX,United States,SELL00245
ORD0002219,04-05-2024,CUST015030,Ritika Singh,P00026,Sunglasses,Home & Kitchen,NexPro,1,309.89,0,37.19,4.36,351.44,Credit Card,Delivered,Seattle,WA,United Kingdom,SELL01519
ORD0002220,17-07-2020,CUST035298,Arjun Verma,P00009,Portable SSD 1TB,Clothing,UrbanStyle,2,195.76,0.1,17.62,11.49,381.48,Debit Card,Delivered,San Antonio,TX,United States,SELL01055
ORD0002221,21-01-2021,CUST026635,Sunita Kapoor,P00005,Laptop Sleeve,Toys & Games,Apex,2,99.61,0,15.94,10.83,225.99,UPI,Delivered,Charlotte,NC,India,SELL00905
ORD0002222,14-12-2020,CUST009770,Kabir Patel,P00050,Novel Bestseller,Sports & Outdoors,Zenith,3,382.71,0,137.78,8.83,1294.74,Net Banking,Delivered,Phoenix,AZ,India,SELL01777
ORD0002223,17-08-2022,CUST005587,Aman Mehta,P00037,Router,Home & Kitchen,FitLife,1,301.6,0.1,13.57,14.65,299.66,Amazon Pay,Delivered,Indianapolis,IN,United States,SELL01574
ORD0002224,23-11-2021,CUST015109,Karan Kapoor,P00028,Jeans,Clothing,Apex,2,68.25,0,24.57,2.89,163.96,Amazon Pay,Delivered,San Francisco,CA,United States,SELL01149
ORD0002225,08-04-2024,CUST000431,Sneha Gupta,P00025,Running Shoes,Home & Kitchen,UrbanStyle,1,237.39,0,11.87,2.73,251.99,Amazon Pay,Delivered,San Diego,CA,United Kingdom,SELL00701
ORD0002226,12-01-2021,CUST019970,Sunita Patel,P00044,Power Bank 20000mAh,Toys & Games,Apex,3,381.08,0,57.16,2.72,1203.12,Debit Card,Shipped,Los Angeles,CA,United States,SELL01568
ORD0002227,17-06-2022,CUST046123,Priya Joshi,P00020,Office Chair,Toys & Games,CoreTech,5,271.07,0.05,64.38,10.95,1362.91,Debit Card,Delivered,Chicago,IL,United States,SELL01482
ORD0002228,04-07-2022,CUST038916,Arjun Singh,P00049,Children's Book,Electronics,FitLife,3,445.59,0.05,228.59,5.54,1504.06,Credit Card,Delivered,San Francisco,CA,United States,SELL00511
ORD0002229,30-04-2024,CUST020817,Karan Kapoor,P00011,Fitness Band,Electronics,Apex,2,320.93,0.1,103.98,1.51,683.16,Credit Card,Delivered,Jacksonville,FL,United States,SELL00424
ORD0002230,10-06-2021,CUST045431,Aman Gupta,P00019,LED Desk Lamp,Electronics,ReadMore,3,549.7,0,82.46,7.67,1739.23,Debit Card,Shipped,Houston,TX,India,SELL01392
ORD0002231,22-03-2023,CUST025695,Sahil Patel,P00019,LED Desk Lamp,Electronics,FitLife,1,64.06,0,5.12,13.36,82.54,Debit Card,Delivered,Houston,TX,United States,SELL00007
ORD0002232,03-01-2022,CUST040383,Sahil Kumar,P00038,External HDD 2TB,Home & Kitchen,KiddoFun,5,97.7,0.15,74.74,9.64,499.6,Debit Card,Delivered,San Jose,CA,United States,SELL01617
ORD0002233,24-07-2020,CUST036894,Rohit Kumar,P00001,Wireless Earbuds,Toys & Games,UrbanStyle,5,85.04,0.05,32.32,14.3,450.56,Credit Card,Delivered,San Antonio,TX,United Kingdom,SELL00649
ORD0002234,30-03-2021,CUST025474,Kabir Gupta,P00014,Drone Mini,Electronics,FitLife,5,299.69,0.1,0,7.04,1355.64,Credit Card,Delivered,Austin,TX,Australia,SELL00667
ORD0002235,20-07-2023,CUST015448,Vikas Singh,P00024,Yoga Mat,Electronics,KiddoFun,5,234.39,0.1,126.57,6.16,1187.48,Credit Card,Delivered,Washington,DC,United States,SELL01709
ORD0002236,13-06-2023,CUST026844,Mohit Reddy,P00030,Dress Shirt,Home & Kitchen,UrbanStyle,5,359.34,0.05,136.55,6.17,1849.58,UPI,Delivered,Austin,TX,United States,SELL00352
ORD0002237,29-10-2024,CUST022656,Sahil Patel,P00025,Running Shoes,Home & Kitchen,Zenith,4,396.68,0.25,142.8,2.25,1335.09,Debit Card,Delivered,San Francisco,CA,United States,SELL00799
ORD0002238,04-06-2021,CUST027819,Vihaan Patel,P00024,Yoga Mat,Toys & Games,UrbanStyle,3,84.3,0.2,16.19,10.67,229.18,UPI,Delivered,San Jose,CA,India,SELL00852
ORD0002239,28-08-2024,CUST034656,Sahil Joshi,P00003,Smartphone Case,Toys & Games,FitLife,1,312.3,0,15.62,12.59,340.51,Debit Card,Delivered,Seattle,WA,United States,SELL01886
ORD0002240,13-10-2022,CUST036114,Ritika Kapoor,P00046,Car Charger,Toys & Games,NexPro,5,412.93,0,103.23,13.95,2181.83,Credit Card,Delivered,San Francisco,CA,United Kingdom,SELL01857
ORD0002241,13-08-2022,CUST049560,Karan Reddy,P00011,Fitness Band,Home & Kitchen,FitLife,2,338.87,0,81.33,12.65,771.72,Net Banking,Delivered,Indianapolis,IN,United States,SELL01357
ORD0002242,26-12-2021,CUST023205,Priya Mehta,P00001,Wireless Earbuds,Electronics,FitLife,4,504.88,0.3,169.64,3.71,1587.01,Net Banking,Delivered,New York,NY,United States,SELL00193
ORD0002243,10-10-2022,CUST018590,Aarav Reddy,P00027,Winter Jacket,Sports & Outdoors,Apex,5,487.59,0.05,185.28,0.73,2502.06,Credit Card,Delivered,Denver,CO,United States,SELL01072
ORD0002244,15-05-2021,CUST032571,Vihaan Sharma,P00043,HDMI Cable 2m,Home & Kitchen,FitLife,3,288.04,0,103.69,3.05,970.86,Debit Card,Delivered,Los Angeles,CA,United States,SELL00265
ORD0002245,26-04-2020,CUST039319,Sunita Singh,P00050,Novel Bestseller,Toys & Games,HomeEase,2,208.16,0,33.31,1.77,451.4,UPI,Pending,Austin,TX,United States,SELL01951
ORD0002246,20-01-2021,CUST012318,Vivaan Sharma,P00032,Board Game,Electronics,UrbanStyle,5,257.9,0.3,72.21,7.72,982.58,Credit Card,Delivered,Los Angeles,CA,United Kingdom,SELL01818
ORD0002247,29-09-2023,CUST043827,Rohit Gupta,P00034,Desk Organizer,Books,ReadMore,2,575.76,0.1,124.36,11.62,1172.35,Debit Card,Delivered,Austin,TX,United States,SELL01503
ORD0002248,06-08-2021,CUST001423,Mohit Gupta,P00041,Webcam Full HD,Toys & Games,UrbanStyle,3,491.99,0.25,0,8.17,1115.15,Credit Card,Delivered,Chicago,IL,India,SELL00212
ORD0002249,29-01-2021,CUST012472,Pooja Singh,P00012,Noise Cancelling Headphones,Electronics,HomeEase,4,481.58,0,96.32,3.95,2026.59,UPI,Delivered,San Antonio,TX,United States,SELL01370
ORD0002250,23-12-2022,CUST048878,Vivaan Gupta,P00022,Water Bottle,Sports & Outdoors,Apex,5,357.73,0.05,135.94,6.03,1841.19,UPI,Delivered,Charlotte,NC,Canada,SELL01007
ORD0002251,06-10-2024,CUST015297,Rohit Reddy,P00017,Electric Kettle,Clothing,KiddoFun,5,271.2,0.1,61.02,2.39,1283.81,Debit Card,Delivered,New York,NY,United States,SELL01537
ORD0002252,21-12-2021,CUST019658,Vivaan Patel,P00002,Bluetooth Speaker,Clothing,BrightLux,1,576.58,0,46.13,4.38,627.09,Net Banking,Delivered,New York,NY,India,SELL00646
ORD0002253,12-03-2020,CUST031820,Simran Verma,P00002,Bluetooth Speaker,Home & Kitchen,BrightLux,3,14.5,0,0,0.34,43.84,Debit Card,Delivered,San Francisco,CA,United States,SELL01363
ORD0002254,17-12-2024,CUST045377,Kabir Reddy,P00041,Webcam Full HD,Toys & Games,HomeEase,1,107.11,0.1,11.57,5.74,113.71,Cash on Delivery,Cancelled,San Francisco,CA,United States,SELL01258
ORD0002255,30-09-2020,CUST026626,Sneha Reddy,P00001,Wireless Earbuds,Home & Kitchen,ReadMore,4,378.02,0.05,71.82,0.53,1508.83,Credit Card,Delivered,San Diego,CA,Canada,SELL00503
ORD0002256,05-09-2023,CUST018427,Sunita Kumar,P00042,Projector Mini,Sports & Outdoors,Zenith,1,106.6,0,12.79,0.95,120.34,Amazon Pay,Pending,Washington,DC,India,SELL01936
ORD0002257,03-12-2020,CUST048651,Aman Gupta,P00011,Fitness Band,Sports & Outdoors,BrightLux,1,6.53,0,0.52,5.54,12.59,Debit Card,Delivered,Seattle,WA,United States,SELL00154
ORD0002258,21-10-2023,CUST036428,Vivaan Mehta,P00015,Instant Pot,Toys & Games,Apex,5,153.35,0,61.34,2.81,830.9,Credit Card,Delivered,Indianapolis,IN,United States,SELL00911
ORD0002259,27-02-2024,CUST027740,Sunita Mehta,P00020,Office Chair,Home & Kitchen,Apex,2,104.11,0.2,13.33,3.44,183.35,Credit Card,Delivered,Jacksonville,FL,United States,SELL01971
ORD0002260,29-08-2021,CUST025770,Anjali Reddy,P00026,Sunglasses,Books,ReadMore,1,559.42,0.15,38.04,3.52,517.07,Amazon Pay,Delivered,Indianapolis,IN,United States,SELL00448
ORD0002261,14-06-2020,CUST019203,Vivaan Sharma,P00006,Gaming Mouse,Toys & Games,Apex,5,450.38,0,112.6,13.2,2377.7,Credit Card,Pending,San Francisco,CA,United States,SELL01575
ORD0002262,16-04-2024,CUST030505,Pooja Kumar,P00046,Car Charger,Clothing,ReadMore,2,327.47,0.05,49.78,12.03,684,UPI,Delivered,Charlotte,NC,United Kingdom,SELL00294
ORD0002263,11-01-2020,CUST042289,Kabir Joshi,P00009,Portable SSD 1TB,Electronics,FitLife,1,250.91,0.1,40.65,5.16,271.63,UPI,Delivered,Phoenix,AZ,United States,SELL00268
ORD0002264,17-08-2023,CUST004178,Sneha Patel,P00035,Desk Plant,Toys & Games,Apex,1,304.21,0.1,13.69,14.37,301.85,UPI,Delivered,Austin,TX,Canada,SELL00662
ORD0002265,29-12-2021,CUST034085,Ritika Reddy,P00044,Power Bank 20000mAh,Toys & Games,KiddoFun,1,355.35,0.2,0,13.04,297.32,Credit Card,Delivered,Los Angeles,CA,United States,SELL01698
ORD0002266,11-03-2022,CUST015708,Kabir Kumar,P00041,Webcam Full HD,Clothing,ReadMore,3,283.92,0,102.21,14.31,968.28,UPI,Delivered,Los Angeles,CA,United States,SELL00155
ORD0002267,11-04-2020,CUST012511,Rohit Gupta,P00028,Jeans,Toys & Games,KiddoFun,1,131.24,0.1,14.17,12.24,144.53,Credit Card,Delivered,Dallas,TX,United States,SELL00529
ORD0002268,19-12-2023,CUST039687,Simran Singh,P00050,Novel Bestseller,Home & Kitchen,FitLife,1,131.07,0.25,11.8,1.32,111.42,Amazon Pay,Delivered,New York,NY,United States,SELL00458
ORD0002269,16-11-2023,CUST009254,Aditya Singh,P00015,Instant Pot,Toys & Games,CoreTech,3,303.94,0.1,98.48,12.04,931.16,Credit Card,Delivered,Indianapolis,IN,United States,SELL01008
ORD0002270,17-02-2022,CUST049747,Mohit Reddy,P00002,Bluetooth Speaker,Sports & Outdoors,ReadMore,3,166.44,0.15,21.22,5.98,451.62,UPI,Pending,Washington,DC,United States,SELL01082
ORD0002271,01-08-2020,CUST015565,Vihaan Mehta,P00005,Laptop Sleeve,Home & Kitchen,ReadMore,4,74.65,0.25,11.2,0.01,235.16,Debit Card,Delivered,San Jose,CA,United States,SELL00779
ORD0002272,10-09-2024,CUST029607,Vivaan Mehta,P00032,Board Game,Home & Kitchen,NexPro,5,35.03,0,8.76,10.75,194.66,Net Banking,Delivered,Washington,DC,United Kingdom,SELL01400
ORD0002273,16-01-2023,CUST026652,Pooja Reddy,P00017,Electric Kettle,Home & Kitchen,UrbanStyle,2,24.14,0.2,1.93,4.43,44.98,Credit Card,Delivered,Philadelphia,PA,United States,SELL00512
ORD0002274,25-04-2024,CUST020665,Pooja Singh,P00004,USB-C Charger,Sports & Outdoors,NexPro,2,306.78,0,49.08,1.15,663.79,Debit Card,Delivered,Houston,TX,United States,SELL00910
ORD0002275,04-02-2021,CUST046210,Mohit Kapoor,P00038,External HDD 2TB,Sports & Outdoors,FitLife,5,525.81,0.15,178.78,10.17,2423.64,Debit Card,Shipped,Denver,CO,United States,SELL00456
ORD0002276,10-08-2021,CUST047174,Pooja Sharma,P00016,Air Fryer,Toys & Games,FitLife,1,136,0.05,15.5,12.47,157.17,UPI,Delivered,San Antonio,TX,United States,SELL00054
ORD0002277,07-06-2022,CUST031439,Anjali Joshi,P00010,Smartwatch,Home & Kitchen,Apex,2,97.14,0.05,33.22,7.15,224.94,Amazon Pay,Delivered,Houston,TX,United States,SELL01090
ORD0002278,05-12-2022,CUST017052,Arjun Sharma,P00030,Dress Shirt,Books,BrightLux,2,566.98,0.1,122.47,0.95,1143.98,UPI,Delivered,Fort Worth,TX,United States,SELL01867
ORD0002279,22-08-2024,CUST016601,Arjun Patel,P00050,Novel Bestseller,Toys & Games,NexPro,3,49.78,0,7.47,7.22,164.03,Debit Card,Delivered,San Francisco,CA,United States,SELL00237
ORD0002280,26-01-2024,CUST006008,Kabir Sharma,P00043,HDMI Cable 2m,Toys & Games,NexPro,4,104.31,0,20.86,2.87,440.97,UPI,Delivered,San Jose,CA,United Kingdom,SELL01055
ORD0002281,14-08-2021,CUST037472,Kabir Gupta,P00017,Electric Kettle,Electronics,Zenith,4,164.49,0.05,50,9.95,685.01,Credit Card,Delivered,Austin,TX,United States,SELL01791
ORD0002282,26-08-2023,CUST045751,Neha Kapoor,P00037,Router,Clothing,Apex,4,296.68,0.15,50.44,0.24,1059.39,Amazon Pay,Returned,Jacksonville,FL,Australia,SELL00890
ORD0002283,14-01-2023,CUST043748,Sahil Patel,P00027,Winter Jacket,Sports & Outdoors,HomeEase,3,38.71,0.05,19.86,10.09,140.27,UPI,Delivered,Phoenix,AZ,India,SELL00435
ORD0002284,01-04-2020,CUST024542,Aditya Patel,P00024,Yoga Mat,Electronics,NexPro,1,429.5,0.15,43.81,9.31,418.2,Amazon Pay,Delivered,Washington,DC,United States,SELL00283
ORD0002285,10-08-2024,CUST014317,Aman Kumar,P00015,Instant Pot,Toys & Games,Zenith,3,495.77,0,118.98,2.2,1608.49,Debit Card,Pending,Denver,CO,United States,SELL01908
ORD0002286,03-11-2021,CUST012760,Mohit Reddy,P00029,T-Shirt,Sports & Outdoors,BrightLux,2,350.11,0,56.02,5.8,762.04,UPI,Shipped,San Antonio,TX,United States,SELL01377
ORD0002287,14-12-2021,CUST042322,Aditya Reddy,P00021,Backpack,Home & Kitchen,Zenith,2,473.02,0,75.68,6.56,1028.28,Credit Card,Delivered,Indianapolis,IN,United States,SELL00389
ORD0002288,24-07-2022,CUST037249,Mohit Mehta,P00035,Desk Plant,Home & Kitchen,BrightLux,5,361.58,0,90.4,14.03,1912.33,Amazon Pay,Delivered,Philadelphia,PA,United States,SELL01609
ORD0002289,29-08-2020,CUST012291,Sahil Reddy,P00021,Backpack,Sports & Outdoors,Zenith,4,324.67,0.1,93.5,1.15,1263.46,Credit Card,Cancelled,Los Angeles,CA,United States,SELL01084
ORD0002290,02-01-2020,CUST014919,Sunita Verma,P00003,Smartphone Case,Sports & Outdoors,NexPro,2,442.96,0,70.87,12.08,968.87,Debit Card,Delivered,Charlotte,NC,United States,SELL00863
ORD0002291,12-08-2020,CUST004193,Vikas Kumar,P00046,Car Charger,Home & Kitchen,FitLife,3,537.34,0.15,164.43,10.31,1544.96,Credit Card,Delivered,Seattle,WA,United States,SELL01735
ORD0002292,11-03-2022,CUST035567,Rohit Patel,P00030,Dress Shirt,Electronics,FitLife,3,452.56,0.05,64.49,9.47,1363.76,Credit Card,Delivered,Austin,TX,United States,SELL01689
ORD0002293,03-11-2024,CUST037552,Anjali Patel,P00039,Graphic Tablet,Sports & Outdoors,Apex,5,166.01,0,66.4,5.09,901.54,UPI,Delivered,Denver,CO,United States,SELL01286
ORD0002294,11-08-2021,CUST021123,Priya Kumar,P00015,Instant Pot,Sports & Outdoors,HomeEase,5,131.15,0.25,39.34,2.44,533.59,Debit Card,Delivered,Austin,TX,United States,SELL01968
ORD0002295,25-04-2020,CUST036347,Kabir Reddy,P00033,Puzzle 1000pc,Home & Kitchen,Apex,5,177.33,0.05,67.39,1.83,911.54,Amazon Pay,Delivered,Columbus,OH,India,SELL00405
ORD0002296,16-08-2024,CUST029285,Neha Reddy,P00036,Smart Light Bulb,Books,NexPro,5,285.36,0.05,108.44,12.6,1476.5,UPI,Delivered,Denver,CO,United States,SELL00128
ORD0002297,06-07-2022,CUST038328,Aarav Verma,P00016,Air Fryer,Books,KiddoFun,5,271.6,0,244.44,10.9,1613.34,UPI,Shipped,Denver,CO,United States,SELL01063
ORD0002298,31-01-2023,CUST000700,Vikas Joshi,P00024,Yoga Mat,Clothing,ReadMore,5,208.85,0,52.21,2.93,1099.39,Cash on Delivery,Shipped,San Francisco,CA,India,SELL01058
ORD0002299,12-07-2020,CUST049149,Sneha Kapoor,P00030,Dress Shirt,Sports & Outdoors,UrbanStyle,5,90.9,0,22.72,1.92,479.14,UPI,Pending,New York,NY,United States,SELL01217
ORD0002300,04-04-2023,CUST019702,Kabir Kumar,P00031,Kids Toy Car,Clothing,BrightLux,5,591.01,0.1,212.76,1.48,2873.79,Credit Card,Delivered,Washington,DC,Canada,SELL00897
ORD0002301,20-05-2022,CUST033121,Vivaan Patel,P00038,External HDD 2TB,Books,BrightLux,5,440.1,0,110.02,6.61,2317.13,Credit Card,Delivered,Seattle,WA,United States,SELL01851
ORD0002302,30-03-2020,CUST048397,Sunita Verma,P00038,External HDD 2TB,Toys & Games,NexPro,5,122.69,0.1,27.61,12.88,592.6,Debit Card,Delivered,Austin,TX,United States,SELL00737
ORD0002303,05-09-2024,CUST047285,Sunita Gupta,P00013,Action Camera,Books,Apex,4,298.34,0,95.47,11.38,1300.21,Amazon Pay,Delivered,San Antonio,TX,United States,SELL01954
ORD0002304,01-05-2020,CUST010034,Sahil Gupta,P00026,Sunglasses,Toys & Games,BrightLux,2,200.21,0.1,28.83,13.83,403.04,Amazon Pay,Delivered,San Diego,CA,United States,SELL01574
ORD0002305,22-05-2020,CUST008669,Aarav Reddy,P00033,Puzzle 1000pc,Sports & Outdoors,FitLife,5,530.48,0.05,201.58,6.85,2728.21,UPI,Delivered,Phoenix,AZ,United States,SELL00832
ORD0002306,20-09-2022,CUST042387,Vikas Reddy,P00021,Backpack,Clothing,ReadMore,3,456.23,0,109.5,9.47,1487.66,Credit Card,Delivered,Denver,CO,United States,SELL01384
ORD0002307,15-04-2020,CUST020475,Aman Joshi,P00018,Vacuum Cleaner,Books,UrbanStyle,3,189.65,0.2,36.41,4.88,496.45,Credit Card,Delivered,Dallas,TX,United States,SELL00716
ORD0002308,05-06-2022,CUST015541,Neha Sharma,P00013,Action Camera,Electronics,Zenith,2,508.04,0.15,0,0.58,864.25,Credit Card,Shipped,Denver,CO,Canada,SELL00206
ORD0002309,03-03-2021,CUST044089,Priya Kumar,P00025,Running Shoes,Home & Kitchen,HomeEase,3,56.24,0.2,16.2,12.17,163.35,Net Banking,Delivered,San Jose,CA,Canada,SELL01806
ORD0002310,21-08-2023,CUST022519,Anjali Reddy,P00013,Action Camera,Clothing,FitLife,5,457.76,0,0,5.12,2293.92,Amazon Pay,Delivered,Charlotte,NC,India,SELL01693
ORD0002311,12-11-2020,CUST043430,Aditya Verma,P00034,Desk Organizer,Electronics,HomeEase,5,164.74,0,65.9,9.61,899.21,Credit Card,Delivered,Columbus,OH,United States,SELL01176
ORD0002312,26-09-2021,CUST031625,Mohit Reddy,P00043,HDMI Cable 2m,Clothing,FitLife,5,146.83,0.05,0,0.89,698.33,Debit Card,Delivered,Washington,DC,United States,SELL01389
ORD0002313,09-01-2020,CUST033838,Sahil Sharma,P00047,Memory Card 128GB,Electronics,BrightLux,2,314.59,0.05,29.89,1.97,629.58,Amazon Pay,Returned,Washington,DC,United States,SELL00787
ORD0002314,12-02-2022,CUST000862,Aditya Kumar,P00028,Jeans,Books,Zenith,2,136.14,0.05,12.93,12.82,284.42,UPI,Shipped,Denver,CO,United States,SELL00320
ORD0002315,01-01-2023,CUST000086,Rohit Mehta,P00021,Backpack,Toys & Games,CoreTech,4,24.58,0,7.87,0.12,106.31,Net Banking,Delivered,Jacksonville,FL,United States,SELL00591
ORD0002316,14-10-2023,CUST039659,Vihaan Kumar,P00007,Mechanical Keyboard,Home & Kitchen,KiddoFun,5,130.3,0,52.12,7.24,710.86,Amazon Pay,Delivered,San Jose,CA,United States,SELL01258
ORD0002317,10-08-2020,CUST028036,Sahil Mehta,P00042,Projector Mini,Sports & Outdoors,NexPro,1,61.54,0.2,5.91,6.02,61.16,Credit Card,Delivered,Los Angeles,CA,United Kingdom,SELL00082
ORD0002318,10-12-2023,CUST016327,Aditya Singh,P00045,Phone Tripod,Home & Kitchen,UrbanStyle,3,228.74,0.2,65.88,9.37,624.23,Debit Card,Delivered,Denver,CO,United States,SELL01636
ORD0002319,06-07-2021,CUST015229,Aarav Joshi,P00036,Smart Light Bulb,Sports & Outdoors,ReadMore,4,425.78,0.05,80.9,11.51,1710.37,Credit Card,Delivered,Seattle,WA,United States,SELL01834
ORD0002320,25-10-2023,CUST035410,Anjali Sharma,P00037,Router,Books,CoreTech,5,505.64,0,126.41,2,2656.61,Credit Card,Delivered,Seattle,WA,United States,SELL01988
ORD0002321,16-12-2021,CUST042822,Aditya Verma,P00003,Smartphone Case,Books,HomeEase,3,317.82,0,76.28,1.08,1030.82,Net Banking,Delivered,Jacksonville,FL,Canada,SELL01468
ORD0002322,11-07-2023,CUST044125,Vivaan Singh,P00036,Smart Light Bulb,Books,UrbanStyle,1,549.44,0.25,20.6,14.74,447.42,Debit Card,Returned,Austin,TX,United States,SELL00723
ORD0002323,09-09-2024,CUST006021,Pooja Reddy,P00024,Yoga Mat,Electronics,ReadMore,1,151.88,0.05,25.97,3.87,174.13,Net Banking,Delivered,Columbus,OH,United States,SELL01619
ORD0002324,03-09-2023,CUST028358,Aditya Kapoor,P00034,Desk Organizer,Home & Kitchen,UrbanStyle,5,136.9,0.25,25.67,2.29,541.33,UPI,Shipped,Washington,DC,United States,SELL01936
ORD0002325,12-01-2023,CUST015522,Sneha Gupta,P00012,Noise Cancelling Headphones,Books,HomeEase,5,553.55,0.05,0,4.29,2633.65,Debit Card,Delivered,Fort Worth,TX,United States,SELL01420
ORD0002326,03-09-2023,CUST014529,Karan Mehta,P00012,Noise Cancelling Headphones,Toys & Games,CoreTech,5,548.2,0,328.92,11.07,3080.99,Debit Card,Delivered,Denver,CO,United States,SELL00916
ORD0002327,20-04-2020,CUST005266,Simran Mehta,P00047,Memory Card 128GB,Home & Kitchen,BrightLux,3,138.1,0,20.72,5.22,440.24,Credit Card,Delivered,Seattle,WA,United States,SELL00682
ORD0002328,07-09-2020,CUST007422,Karan Patel,P00009,Portable SSD 1TB,Toys & Games,BrightLux,3,378.55,0,56.78,7.15,1199.58,Amazon Pay,Delivered,Columbus,OH,United States,SELL00666
ORD0002329,17-01-2021,CUST015131,Aarav Mehta,P00035,Desk Plant,Toys & Games,FitLife,4,457.14,0.25,246.86,4.55,1622.83,Amazon Pay,Delivered,San Francisco,CA,United States,SELL01110
ORD0002330,07-01-2020,CUST047591,Vihaan Reddy,P00007,Mechanical Keyboard,Home & Kitchen,Apex,2,71.03,0.05,24.29,10.28,169.53,Credit Card,Delivered,Seattle,WA,United States,SELL00063
ORD0002331,03-04-2021,CUST012755,Aarav Kapoor,P00044,Power Bank 20000mAh,Clothing,UrbanStyle,1,238.9,0.2,22.93,0.54,214.59,Net Banking,Delivered,Austin,TX,United States,SELL01622
ORD0002332,12-01-2023,CUST039357,Aditya Kapoor,P00039,Graphic Tablet,Sports & Outdoors,HomeEase,5,64.21,0,57.79,1.09,379.93,Net Banking,Delivered,Columbus,OH,United States,SELL00317
ORD0002333,26-07-2020,CUST041846,Vivaan Verma,P00030,Dress Shirt,Electronics,Zenith,2,211.22,0.05,48.16,3.8,453.28,UPI,Delivered,Phoenix,AZ,United States,SELL00260
ORD0002334,18-06-2022,CUST021910,Vikas Reddy,P00016,Air Fryer,Sports & Outdoors,ReadMore,1,114.9,0,13.79,1.79,130.48,Debit Card,Delivered,Fort Worth,TX,United States,SELL01061
ORD0002335,14-11-2023,CUST003978,Vihaan Gupta,P00017,Electric Kettle,Books,ReadMore,2,251.67,0.05,23.91,11.24,513.32,Credit Card,Delivered,Phoenix,AZ,United States,SELL00262
ORD0002336,30-08-2023,CUST029561,Priya Kapoor,P00013,Action Camera,Home & Kitchen,BrightLux,2,367.27,0.15,49.95,2.55,676.86,Credit Card,Shipped,Columbus,OH,United States,SELL01097
ORD0002337,22-01-2020,CUST036844,Aditya Gupta,P00047,Memory Card 128GB,Electronics,KiddoFun,2,336.46,0,33.65,12.06,718.63,Amazon Pay,Delivered,New York,NY,United States,SELL00399
ORD0002338,13-02-2021,CUST026715,Simran Mehta,P00017,Electric Kettle,Home & Kitchen,NexPro,3,552.84,0,199.02,1.04,1858.58,Debit Card,Delivered,Philadelphia,PA,United States,SELL00144
ORD0002339,13-06-2022,CUST041023,Sunita Sharma,P00031,Kids Toy Car,Toys & Games,BrightLux,4,300.31,0.2,0,7.15,968.14,Credit Card,Shipped,Philadelphia,PA,United States,SELL01096
ORD0002340,29-05-2021,CUST012303,Neha Singh,P00001,Wireless Earbuds,Electronics,CoreTech,3,296.66,0.2,56.96,9.68,778.62,Amazon Pay,Delivered,Philadelphia,PA,United States,SELL00171
ORD0002341,24-02-2023,CUST034546,Sahil Kumar,P00018,Vacuum Cleaner,Books,FitLife,2,126.67,0.05,12.03,5.02,257.72,Credit Card,Delivered,Columbus,OH,United Kingdom,SELL00934
ORD0002342,19-03-2022,CUST004031,Arjun Mehta,P00031,Kids Toy Car,Toys & Games,NexPro,3,167.9,0.1,22.67,4.17,480.17,Cash on Delivery,Delivered,Chicago,IL,India,SELL01576
ORD0002343,19-09-2024,CUST044023,Sahil Gupta,P00034,Desk Organizer,Toys & Games,BrightLux,5,14.57,0.2,2.91,14.54,75.73,Credit Card,Delivered,Phoenix,AZ,India,SELL00301
ORD0002344,23-05-2022,CUST026473,Arjun Gupta,P00017,Electric Kettle,Clothing,BrightLux,5,555.56,0,333.34,1.6,3112.74,Amazon Pay,Delivered,Denver,CO,United States,SELL00485
ORD0002345,14-01-2020,CUST013528,Vikas Sharma,P00041,Webcam Full HD,Sports & Outdoors,KiddoFun,5,594.59,0,237.84,14.2,3224.99,UPI,Shipped,Houston,TX,United States,SELL00999
ORD0002346,28-08-2022,CUST046854,Sahil Reddy,P00011,Fitness Band,Home & Kitchen,CoreTech,5,69.96,0,17.49,9.94,377.23,UPI,Returned,Los Angeles,CA,India,SELL01685
ORD0002347,04-09-2022,CUST027357,Arjun Verma,P00037,Router,Home & Kitchen,ReadMore,2,267.92,0,0,11.48,547.32,Credit Card,Delivered,San Antonio,TX,Canada,SELL00858
ORD0002348,10-10-2022,CUST031014,Vivaan Sharma,P00001,Wireless Earbuds,Toys & Games,FitLife,1,14.88,0,0.74,6.52,22.14,Net Banking,Shipped,Austin,TX,United States,SELL01571
ORD0002349,01-11-2022,CUST049968,Ritika Kapoor,P00033,Puzzle 1000pc,Electronics,Apex,4,556.06,0,177.94,14.54,2416.72,Debit Card,Delivered,Austin,TX,United States,SELL00376
ORD0002350,27-03-2020,CUST042511,Sunita Reddy,P00011,Fitness Band,Home & Kitchen,ReadMore,1,75.7,0.3,2.65,1.31,56.95,Credit Card,Delivered,Seattle,WA,United States,SELL01323
ORD0002351,27-03-2024,CUST014594,Sahil Verma,P00024,Yoga Mat,Books,BrightLux,4,273.38,0,196.83,4.75,1295.1,Debit Card,Delivered,Los Angeles,CA,United Kingdom,SELL01429
ORD0002352,27-06-2022,CUST039625,Priya Kumar,P00025,Running Shoes,Toys & Games,KiddoFun,1,400.75,0,32.06,12.19,445,Credit Card,Delivered,Los Angeles,CA,United States,SELL00455
ORD0002353,09-04-2024,CUST022416,Vikas Kumar,P00020,Office Chair,Home & Kitchen,NexPro,5,216.96,0.25,0,0.28,813.88,UPI,Delivered,Seattle,WA,India,SELL00727
ORD0002354,17-08-2023,CUST011706,Karan Reddy,P00047,Memory Card 128GB,Books,KiddoFun,5,245.57,0,61.39,7.26,1296.5,UPI,Delivered,Los Angeles,CA,India,SELL00037
ORD0002355,20-06-2023,CUST028248,Arjun Singh,P00043,HDMI Cable 2m,Books,ReadMore,3,183.54,0,99.11,2.11,651.84,Net Banking,Delivered,New York,NY,United States,SELL01874
ORD0002356,01-05-2020,CUST018594,Mohit Kumar,P00024,Yoga Mat,Toys & Games,KiddoFun,3,263.39,0.15,120.9,0.11,792.65,Debit Card,Delivered,Seattle,WA,United States,SELL01482
ORD0002357,16-03-2023,CUST003070,Kabir Gupta,P00013,Action Camera,Clothing,KiddoFun,2,175.18,0,17.52,5.1,372.98,Net Banking,Delivered,San Francisco,CA,United States,SELL01330
ORD0002358,09-05-2024,CUST008619,Rohit Verma,P00019,LED Desk Lamp,Clothing,NexPro,4,248.27,0.05,113.21,11.77,1068.41,Credit Card,Pending,San Francisco,CA,India,SELL01666
ORD0002359,19-01-2022,CUST024600,Mohit Kapoor,P00040,Microphone,Toys & Games,KiddoFun,4,345.86,0.1,224.12,14.14,1483.36,Credit Card,Delivered,San Antonio,TX,United Kingdom,SELL00795
ORD0002360,11-10-2023,CUST046321,Vivaan Reddy,P00024,Yoga Mat,Home & Kitchen,UrbanStyle,2,159.53,0,25.52,7.6,352.18,Amazon Pay,Shipped,Los Angeles,CA,United States,SELL00803
ORD0002361,15-11-2021,CUST037862,Simran Reddy,P00018,Vacuum Cleaner,Electronics,ReadMore,5,23.44,0,5.86,0.82,123.88,UPI,Delivered,Denver,CO,United States,SELL01637
ORD0002362,22-10-2024,CUST005222,Aditya Gupta,P00022,Water Bottle,Clothing,CoreTech,3,345.32,0.15,44.03,11.55,936.15,Amazon Pay,Delivered,Los Angeles,CA,United States,SELL00400
ORD0002363,12-07-2024,CUST034073,Aditya Gupta,P00019,LED Desk Lamp,Sports & Outdoors,HomeEase,2,34.38,0,12.38,4.52,85.66,UPI,Delivered,Seattle,WA,United States,SELL00273
ORD0002364,04-11-2020,CUST011689,Vihaan Kumar,P00032,Board Game,Sports & Outdoors,NexPro,5,363.13,0.05,86.24,4.32,1815.43,Debit Card,Delivered,Houston,TX,United States,SELL01356
ORD0002365,25-11-2021,CUST010869,Ritika Joshi,P00041,Webcam Full HD,Books,KiddoFun,1,81.45,0,6.52,2.4,90.37,Credit Card,Delivered,San Jose,CA,Australia,SELL01400
ORD0002366,14-10-2020,CUST014881,Anjali Patel,P00044,Power Bank 20000mAh,Electronics,CoreTech,2,428.05,0,68.49,6.43,931.02,Net Banking,Returned,Houston,TX,India,SELL00773
ORD0002367,02-11-2020,CUST036716,Arjun Kumar,P00003,Smartphone Case,Books,Zenith,2,302.45,0.05,0,2.94,577.6,UPI,Delivered,Fort Worth,TX,United States,SELL01664
ORD0002368,05-06-2024,CUST024318,Vihaan Gupta,P00010,Smartwatch,Toys & Games,NexPro,5,557.47,0,0,4.42,2791.77,Credit Card,Returned,San Diego,CA,United States,SELL01895
ORD0002369,02-07-2022,CUST020779,Kabir Verma,P00041,Webcam Full HD,Sports & Outdoors,UrbanStyle,1,151.28,0,7.56,1.93,160.77,Credit Card,Delivered,San Jose,CA,United States,SELL00564
ORD0002370,12-10-2024,CUST046097,Rohit Patel,P00044,Power Bank 20000mAh,Toys & Games,CoreTech,3,440.47,0.05,150.64,2.87,1408.85,Credit Card,Delivered,San Diego,CA,United States,SELL00720
ORD0002371,23-10-2021,CUST003079,Neha Joshi,P00011,Fitness Band,Clothing,NexPro,2,538.81,0,86.21,5.57,1169.4,Credit Card,Delivered,San Francisco,CA,United States,SELL00181
ORD0002372,02-07-2021,CUST007099,Anjali Kapoor,P00008,4K Monitor,Toys & Games,Zenith,2,557.8,0,55.78,4.76,1176.14,Amazon Pay,Delivered,Denver,CO,Canada,SELL01110
ORD0002373,07-10-2023,CUST040475,Priya Kapoor,P00044,Power Bank 20000mAh,Clothing,UrbanStyle,2,201.88,0.1,43.61,14.5,421.49,UPI,Delivered,San Francisco,CA,Canada,SELL01213
ORD0002374,07-11-2020,CUST025124,Arjun Kapoor,P00035,Desk Plant,Toys & Games,KiddoFun,3,194.53,0,0,3.11,586.7,Debit Card,Delivered,Denver,CO,United States,SELL01911
ORD0002375,22-05-2022,CUST021907,Ritika Patel,P00022,Water Bottle,Toys & Games,Apex,3,78.01,0.05,0,14.75,237.08,Credit Card,Delivered,Washington,DC,United States,SELL00759
ORD0002376,18-12-2022,CUST043279,Anjali Mehta,P00017,Electric Kettle,Electronics,HomeEase,1,476.92,0.15,0,10.73,416.11,Debit Card,Delivered,Jacksonville,FL,United States,SELL00541
ORD0002377,24-07-2024,CUST010310,Mohit Sharma,P00005,Laptop Sleeve,Home & Kitchen,NexPro,1,457.87,0,54.94,13.5,526.31,Amazon Pay,Delivered,San Jose,CA,India,SELL00445
ORD0002378,12-07-2022,CUST023737,Anjali Kumar,P00034,Desk Organizer,Home & Kitchen,NexPro,4,301.85,0,60.37,5.84,1273.61,Cash on Delivery,Delivered,Columbus,OH,United States,SELL00176
ORD0002379,03-10-2024,CUST023621,Sneha Mehta,P00012,Noise Cancelling Headphones,Electronics,Apex,4,324.45,0.05,0,13.17,1246.08,Credit Card,Delivered,Seattle,WA,United States,SELL00642
ORD0002380,24-01-2022,CUST047341,Pooja Patel,P00001,Wireless Earbuds,Clothing,CoreTech,3,250.25,0.15,31.91,13.12,683.17,Net Banking,Returned,Phoenix,AZ,United States,SELL00583
ORD0002381,04-02-2020,CUST016581,Arjun Patel,P00015,Instant Pot,Toys & Games,NexPro,2,537.7,0.1,48.39,4.9,1021.15,Credit Card,Delivered,Chicago,IL,India,SELL00446
ORD0002382,20-03-2021,CUST042498,Neha Joshi,P00047,Memory Card 128GB,Sports & Outdoors,FitLife,3,288.85,0,43.33,4.5,914.38,Net Banking,Delivered,Phoenix,AZ,United States,SELL00369
ORD0002383,02-04-2020,CUST009323,Simran Patel,P00017,Electric Kettle,Books,KiddoFun,4,262.1,0.05,49.8,1.98,1047.76,UPI,Returned,San Diego,CA,United States,SELL01407
ORD0002384,15-05-2023,CUST040082,Priya Joshi,P00028,Jeans,Sports & Outdoors,ReadMore,4,185.98,0.25,27.9,5.33,591.17,Credit Card,Delivered,New York,NY,United States,SELL01386
ORD0002385,18-12-2020,CUST019616,Sahil Verma,P00020,Office Chair,Sports & Outdoors,KiddoFun,5,594.63,0.05,508.41,6.94,3339.84,Amazon Pay,Delivered,San Jose,CA,United States,SELL00043
ORD0002386,21-06-2022,CUST029935,Mohit Kapoor,P00026,Sunglasses,Clothing,BrightLux,4,368.46,0.05,168.02,13.08,1581.25,Amazon Pay,Delivered,Fort Worth,TX,United States,SELL00132
ORD0002387,17-09-2023,CUST016753,Aditya Gupta,P00038,External HDD 2TB,Books,UrbanStyle,1,94.6,0,17.03,6.67,118.3,Debit Card,Shipped,Washington,DC,United States,SELL01310
ORD0002388,11-05-2022,CUST015486,Arjun Reddy,P00044,Power Bank 20000mAh,Electronics,Zenith,5,453.36,0.05,107.67,7.14,2268.27,Credit Card,Delivered,Austin,TX,United States,SELL00415
ORD0002389,14-10-2024,CUST019613,Rohit Gupta,P00048,Wireless Charger,Sports & Outdoors,Apex,5,586.11,0.15,199.28,14.37,2704.62,Credit Card,Delivered,Philadelphia,PA,Canada,SELL01541
ORD0002390,07-06-2020,CUST009009,Aditya Verma,P00012,Noise Cancelling Headphones,Sports & Outdoors,UrbanStyle,2,482.87,0.2,139.07,6.29,917.95,Credit Card,Shipped,Fort Worth,TX,United States,SELL00060
ORD0002391,14-08-2022,CUST001492,Aarav Reddy,P00007,Mechanical Keyboard,Clothing,HomeEase,4,501.98,0.25,120.48,5.96,1632.38,UPI,Delivered,Dallas,TX,United States,SELL01889
ORD0002392,24-01-2020,CUST044499,Aarav Kapoor,P00023,Cookware Set,Clothing,BrightLux,4,374.82,0.1,107.95,0.34,1457.64,Net Banking,Delivered,Philadelphia,PA,United States,SELL00890
ORD0002393,07-02-2021,CUST023412,Ritika Mehta,P00029,T-Shirt,Home & Kitchen,CoreTech,5,217.63,0,130.58,14.31,1233.04,Credit Card,Delivered,Washington,DC,United States,SELL01961
ORD0002394,15-03-2022,CUST017104,Ritika Kumar,P00015,Instant Pot,Books,FitLife,3,350.48,0,84.12,7.14,1142.7,Debit Card,Delivered,Columbus,OH,United States,SELL01559
ORD0002395,30-05-2021,CUST035531,Vivaan Reddy,P00023,Cookware Set,Toys & Games,HomeEase,1,184.76,0,33.26,1.39,219.41,Amazon Pay,Pending,Seattle,WA,Canada,SELL01655
ORD0002396,01-01-2022,CUST044348,Pooja Reddy,P00026,Sunglasses,Electronics,BrightLux,4,187.79,0,60.09,14.83,826.08,Credit Card,Shipped,Denver,CO,United States,SELL00045
ORD0002397,19-10-2023,CUST041756,Sahil Joshi,P00023,Cookware Set,Electronics,FitLife,3,121,0.2,14.52,13.29,318.21,Debit Card,Delivered,Columbus,OH,United States,SELL01706
ORD0002398,06-11-2023,CUST031697,Arjun Patel,P00042,Projector Mini,Clothing,KiddoFun,4,570,0,114,3.56,2397.56,Credit Card,Pending,Fort Worth,TX,United States,SELL01432
ORD0002399,15-06-2021,CUST035976,Sunita Kumar,P00003,Smartphone Case,Electronics,HomeEase,3,116.19,0.15,53.33,5.3,354.91,UPI,Delivered,Houston,TX,India,SELL00556
ORD0002400,13-08-2022,CUST002504,Ritika Gupta,P00014,Drone Mini,Books,ReadMore,1,31.89,0.1,2.3,6.01,37.01,Debit Card,Delivered,Dallas,TX,United States,SELL00838
ORD0002401,31-05-2020,CUST038551,Arjun Joshi,P00002,Bluetooth Speaker,Home & Kitchen,HomeEase,1,482.47,0.25,43.42,2.91,408.18,Credit Card,Shipped,Washington,DC,India,SELL00917
ORD0002402,04-05-2024,CUST013292,Aman Reddy,P00036,Smart Light Bulb,Books,HomeEase,1,377.2,0,67.9,12.63,457.73,Credit Card,Returned,Denver,CO,United States,SELL00395
ORD0002403,08-09-2024,CUST021519,Aditya Mehta,P00017,Electric Kettle,Books,Apex,1,191.19,0.2,18.35,13.62,184.92,Debit Card,Delivered,Seattle,WA,United States,SELL00396
ORD0002404,04-08-2022,CUST018267,Vikas Reddy,P00045,Phone Tripod,Toys & Games,KiddoFun,2,132.93,0,13.29,10.34,289.49,Debit Card,Delivered,San Jose,CA,United States,SELL01967
ORD0002405,30-08-2021,CUST043136,Aarav Kumar,P00023,Cookware Set,Sports & Outdoors,ReadMore,5,397.95,0.1,143.26,3.44,1937.48,UPI,Shipped,Jacksonville,FL,Canada,SELL00733
ORD0002406,28-06-2024,CUST009595,Kabir Singh,P00047,Memory Card 128GB,Sports & Outdoors,FitLife,4,446.31,0.1,128.54,9.48,1744.74,Credit Card,Delivered,Houston,TX,United States,SELL00452
ORD0002407,23-02-2021,CUST034756,Aman Singh,P00038,External HDD 2TB,Books,FitLife,4,383.77,0,76.75,4.7,1616.53,Debit Card,Delivered,San Jose,CA,India,SELL01259
ORD0002408,27-06-2023,CUST047528,Simran Singh,P00039,Graphic Tablet,Electronics,CoreTech,3,306,0.1,66.1,0.03,892.33,Net Banking,Delivered,Charlotte,NC,United States,SELL01498
ORD0002409,14-02-2023,CUST024672,Mohit Kapoor,P00043,HDMI Cable 2m,Electronics,FitLife,2,36.69,0.1,7.93,3.83,77.8,Credit Card,Delivered,New York,NY,Australia,SELL00028
ORD0002410,15-05-2022,CUST032057,Ritika Singh,P00020,Office Chair,Home & Kitchen,Zenith,4,404.09,0,129.31,12.4,1758.07,UPI,Delivered,Chicago,IL,United States,SELL01729
ORD0002411,15-03-2024,CUST049967,Neha Patel,P00018,Vacuum Cleaner,Books,ReadMore,1,293.37,0,35.2,3.39,331.96,Credit Card,Cancelled,Philadelphia,PA,United States,SELL01797
ORD0002412,29-10-2024,CUST019045,Vivaan Kumar,P00007,Mechanical Keyboard,Home & Kitchen,BrightLux,4,297.1,0.2,47.54,1.33,999.59,Debit Card,Delivered,Indianapolis,IN,United States,SELL01185
ORD0002413,31-07-2021,CUST025718,Neha Kumar,P00028,Jeans,Clothing,CoreTech,3,246.75,0.05,35.16,9.11,747.51,Debit Card,Delivered,Philadelphia,PA,Canada,SELL01665
ORD0002414,30-11-2020,CUST014264,Aditya Gupta,P00044,Power Bank 20000mAh,Books,Zenith,4,352.86,0,169.37,10.68,1591.49,Cash on Delivery,Cancelled,Denver,CO,United States,SELL01159
ORD0002415,12-12-2023,CUST027765,Vikas Kumar,P00016,Air Fryer,Books,FitLife,3,93.74,0.05,48.09,7.24,322.49,Debit Card,Delivered,Dallas,TX,United States,SELL01180
ORD0002416,20-07-2022,CUST007348,Vivaan Kumar,P00026,Sunglasses,Clothing,BrightLux,1,223.79,0,26.85,1.03,251.67,Credit Card,Delivered,Jacksonville,FL,United States,SELL01996
ORD0002417,02-12-2024,CUST012512,Aman Patel,P00028,Jeans,Home & Kitchen,BrightLux,3,325.04,0.1,70.21,11.97,959.79,Amazon Pay,Shipped,Denver,CO,India,SELL00352
ORD0002418,21-10-2020,CUST010488,Sunita Joshi,P00008,4K Monitor,Electronics,FitLife,4,252.21,0,50.44,5.14,1064.42,Debit Card,Delivered,San Francisco,CA,India,SELL00683
ORD0002419,24-01-2022,CUST007422,Simran Sharma,P00008,4K Monitor,Clothing,Zenith,4,88.95,0.2,14.23,3.34,302.21,Debit Card,Delivered,Chicago,IL,United States,SELL01848
ORD0002420,26-10-2023,CUST015679,Vivaan Patel,P00009,Portable SSD 1TB,Electronics,Zenith,3,325.6,0,78.14,14.48,1069.42,Credit Card,Delivered,Houston,TX,United States,SELL01854
ORD0002421,04-07-2020,CUST004019,Vihaan Reddy,P00019,LED Desk Lamp,Electronics,Zenith,2,102.51,0,16.4,10.49,231.91,Credit Card,Delivered,Fort Worth,TX,United States,SELL00278
ORD0002422,23-06-2023,CUST017359,Pooja Gupta,P00025,Running Shoes,Books,HomeEase,3,166.86,0.05,85.6,10.82,571.97,Debit Card,Delivered,Chicago,IL,United States,SELL00835
ORD0002423,28-09-2021,CUST034630,Ritika Reddy,P00027,Winter Jacket,Sports & Outdoors,HomeEase,4,424.74,0,135.92,2.57,1837.45,Amazon Pay,Delivered,San Francisco,CA,United States,SELL01848
ORD0002424,15-07-2023,CUST000649,Ritika Singh,P00002,Bluetooth Speaker,Toys & Games,NexPro,1,210.08,0.1,15.13,12.44,216.64,Debit Card,Delivered,Philadelphia,PA,India,SELL01761
ORD0002425,24-07-2024,CUST047966,Sunita Mehta,P00037,Router,Sports & Outdoors,FitLife,3,155.87,0.05,0,0.55,444.78,Credit Card,Delivered,Washington,DC,United States,SELL01890
ORD0002426,14-06-2023,CUST035368,Vikas Kapoor,P00040,Microphone,Home & Kitchen,FitLife,1,268.14,0,21.45,2.27,291.86,Debit Card,Delivered,Houston,TX,Canada,SELL00462
ORD0002427,13-06-2021,CUST037648,Aditya Reddy,P00001,Wireless Earbuds,Sports & Outdoors,Zenith,4,575.88,0,115.18,13.78,2432.48,Amazon Pay,Shipped,Philadelphia,PA,United States,SELL01727
ORD0002428,24-04-2024,CUST018172,Pooja Mehta,P00013,Action Camera,Toys & Games,BrightLux,4,283.29,0,135.98,1.92,1271.06,Cash on Delivery,Delivered,Philadelphia,PA,United States,SELL00983
ORD0002429,21-01-2020,CUST011289,Sneha Reddy,P00011,Fitness Band,Sports & Outdoors,BrightLux,5,424.1,0,106.02,0.59,2227.11,UPI,Delivered,Seattle,WA,United States,SELL01345
ORD0002430,29-06-2022,CUST032906,Sunita Patel,P00038,External HDD 2TB,Home & Kitchen,NexPro,4,178.16,0,35.63,3.44,751.71,Cash on Delivery,Delivered,Charlotte,NC,United States,SELL01713
ORD0002431,26-10-2024,CUST048030,Vikas Joshi,P00037,Router,Toys & Games,FitLife,3,157.9,0.1,0,6.29,432.62,Credit Card,Pending,Washington,DC,United Kingdom,SELL01995
ORD0002432,16-05-2022,CUST034825,Neha Kapoor,P00015,Instant Pot,Sports & Outdoors,HomeEase,3,478.89,0,0,3.73,1440.4,Credit Card,Delivered,Seattle,WA,United States,SELL00726
ORD0002433,04-03-2022,CUST001832,Aarav Reddy,P00033,Puzzle 1000pc,Toys & Games,NexPro,5,358.76,0.1,129.15,13.02,1756.59,Debit Card,Delivered,Philadelphia,PA,Canada,SELL00697
ORD0002434,23-03-2024,CUST031022,Arjun Joshi,P00046,Car Charger,Books,BrightLux,3,183.61,0,27.54,2.45,580.82,Cash on Delivery,Delivered,Houston,TX,United States,SELL00602
ORD0002435,09-04-2020,CUST021111,Mohit Kumar,P00017,Electric Kettle,Books,CoreTech,2,193.66,0.1,0,8.23,356.82,Credit Card,Delivered,Phoenix,AZ,United States,SELL01561
ORD0002436,21-01-2022,CUST005895,Aditya Reddy,P00014,Drone Mini,Electronics,Apex,4,432.61,0.15,264.76,4.7,1740.33,Debit Card,Delivered,Philadelphia,PA,United States,SELL00677
ORD0002437,22-04-2021,CUST020651,Pooja Kumar,P00049,Children's Book,Electronics,HomeEase,4,471.68,0,94.34,5.87,1986.93,Debit Card,Delivered,Fort Worth,TX,United States,SELL00761
ORD0002438,10-06-2024,CUST009076,Arjun Singh,P00003,Smartphone Case,Sports & Outdoors,UrbanStyle,5,101.74,0,40.7,6.63,556.03,Net Banking,Delivered,Dallas,TX,India,SELL00274
ORD0002439,14-08-2023,CUST020992,Mohit Patel,P00003,Smartphone Case,Clothing,CoreTech,4,385.52,0,185.05,0.41,1727.54,Debit Card,Delivered,San Antonio,TX,India,SELL01798
ORD0002440,28-07-2022,CUST042880,Kabir Verma,P00030,Dress Shirt,Sports & Outdoors,KiddoFun,2,360.38,0,86.49,5.39,812.64,Credit Card,Shipped,Seattle,WA,United States,SELL01252
ORD0002441,09-06-2021,CUST012208,Sneha Mehta,P00023,Cookware Set,Clothing,KiddoFun,4,432.74,0,0,10.99,1741.95,Debit Card,Returned,Dallas,TX,United States,SELL01823
ORD0002442,29-11-2020,CUST047473,Anjali Verma,P00020,Office Chair,Toys & Games,ReadMore,3,126.84,0.1,41.1,8.69,392.26,Credit Card,Delivered,Dallas,TX,United States,SELL01781
ORD0002443,02-01-2020,CUST007679,Neha Joshi,P00025,Running Shoes,Toys & Games,Apex,4,595.9,0,119.18,1.35,2504.13,Debit Card,Cancelled,San Francisco,CA,United States,SELL00391
ORD0002444,09-01-2021,CUST024780,Neha Kumar,P00012,Noise Cancelling Headphones,Toys & Games,BrightLux,2,122.8,0.05,28,2.7,264.02,Debit Card,Delivered,Philadelphia,PA,United States,SELL00281
ORD0002445,19-10-2020,CUST020537,Ritika Singh,P00025,Running Shoes,Home & Kitchen,HomeEase,3,523.13,0,78.47,12.87,1660.73,Amazon Pay,Delivered,San Antonio,TX,United States,SELL01726
ORD0002446,16-04-2022,CUST017041,Karan Sharma,P00035,Desk Plant,Toys & Games,BrightLux,3,418.36,0.25,169.44,7.71,1118.46,Debit Card,Cancelled,San Diego,CA,India,SELL00107
ORD0002447,01-10-2022,CUST025625,Sneha Sharma,P00004,USB-C Charger,Sports & Outdoors,NexPro,2,331.46,0.15,28.17,6.47,598.12,Credit Card,Delivered,Philadelphia,PA,United States,SELL01610
ORD0002448,06-07-2021,CUST048751,Arjun Kapoor,P00008,4K Monitor,Clothing,UrbanStyle,5,145.32,0,58.13,14.87,799.6,Amazon Pay,Delivered,Indianapolis,IN,United States,SELL01549
ORD0002449,13-11-2020,CUST019847,Ritika Singh,P00040,Microphone,Books,NexPro,5,345.96,0.3,96.87,14.12,1321.85,Credit Card,Delivered,Los Angeles,CA,United States,SELL01730
ORD0002450,05-03-2024,CUST019511,Arjun Reddy,P00041,Webcam Full HD,Clothing,UrbanStyle,4,234.84,0.15,95.81,2.86,897.13,Amazon Pay,Delivered,Dallas,TX,United States,SELL00016
ORD0002451,15-01-2021,CUST030867,Vivaan Kapoor,P00046,Car Charger,Electronics,NexPro,1,485.24,0.05,23.05,0.69,484.72,Credit Card,Delivered,Seattle,WA,Australia,SELL00790
ORD0002452,04-07-2024,CUST003025,Arjun Sharma,P00036,Smart Light Bulb,Electronics,NexPro,3,33.5,0.1,7.24,3.48,101.17,Credit Card,Delivered,Denver,CO,United States,SELL00170
ORD0002453,14-01-2020,CUST044576,Mohit Gupta,P00046,Car Charger,Books,FitLife,2,283.59,0,68.06,10.53,645.77,Credit Card,Delivered,Dallas,TX,United States,SELL00329
ORD0002454,18-05-2021,CUST015447,Mohit Reddy,P00005,Laptop Sleeve,Sports & Outdoors,KiddoFun,2,595.62,0,142.95,2.44,1336.63,Debit Card,Delivered,Indianapolis,IN,United States,SELL01077
ORD0002455,18-08-2020,CUST036512,Sunita Kapoor,P00037,Router,Books,Apex,3,471.23,0.1,63.62,9.72,1345.66,Net Banking,Delivered,Fort Worth,TX,United States,SELL01375
ORD0002456,12-01-2023,CUST016456,Ritika Sharma,P00042,Projector Mini,Electronics,ReadMore,2,268.89,0,96.8,14.11,648.69,Net Banking,Delivered,Washington,DC,United States,SELL01929
ORD0002457,09-05-2020,CUST005654,Priya Verma,P00007,Mechanical Keyboard,Electronics,BrightLux,5,304.14,0,121.66,0.09,1642.45,UPI,Delivered,Chicago,IL,India,SELL01126
ORD0002458,01-11-2024,CUST049902,Rohit Joshi,P00031,Kids Toy Car,Electronics,HomeEase,5,105.74,0,0,13.6,542.3,UPI,Delivered,Columbus,OH,India,SELL00126
ORD0002459,17-04-2022,CUST048823,Kabir Joshi,P00025,Running Shoes,Electronics,FitLife,3,265.46,0.05,90.79,12.36,859.71,Debit Card,Shipped,Philadelphia,PA,United States,SELL01989
ORD0002460,14-03-2023,CUST033721,Neha Singh,P00012,Noise Cancelling Headphones,Electronics,BrightLux,5,473.21,0,118.3,2.49,2486.84,UPI,Delivered,Fort Worth,TX,United States,SELL01628
ORD0002461,09-06-2022,CUST006280,Sneha Mehta,P00027,Winter Jacket,Toys & Games,FitLife,3,335.27,0.25,37.72,14.09,806.17,Debit Card,Delivered,Seattle,WA,India,SELL00118
ORD0002462,28-01-2020,CUST046126,Kabir Singh,P00019,LED Desk Lamp,Electronics,BrightLux,4,346.08,0.15,58.83,9.78,1245.28,Cash on Delivery,Delivered,Austin,TX,United States,SELL01681
ORD0002463,06-03-2020,CUST037381,Ritika Singh,P00013,Action Camera,Toys & Games,KiddoFun,1,313.76,0,15.69,12.85,342.3,Credit Card,Returned,San Francisco,CA,United States,SELL01318
ORD0002464,01-04-2023,CUST036891,Kabir Reddy,P00031,Kids Toy Car,Toys & Games,UrbanStyle,2,516.69,0.1,46.5,8.12,984.66,Debit Card,Delivered,Los Angeles,CA,Canada,SELL00793
ORD0002465,06-06-2023,CUST020564,Pooja Singh,P00019,LED Desk Lamp,Toys & Games,UrbanStyle,2,458.32,0,45.83,11.32,973.79,Debit Card,Shipped,San Jose,CA,India,SELL00289
ORD0002466,17-09-2020,CUST006027,Anjali Joshi,P00045,Phone Tripod,Home & Kitchen,BrightLux,2,10.17,0.1,0.92,4.4,23.63,UPI,Delivered,Denver,CO,Canada,SELL01734
ORD0002467,12-01-2024,CUST027172,Kabir Kapoor,P00021,Backpack,Toys & Games,CoreTech,2,343.53,0,82.45,3.72,773.23,Net Banking,Shipped,San Antonio,TX,United States,SELL00872
ORD0002468,18-12-2023,CUST005172,Aditya Kumar,P00011,Fitness Band,Toys & Games,Apex,1,343.97,0.25,12.9,4.9,275.78,Credit Card,Delivered,Los Angeles,CA,India,SELL01304
ORD0002469,04-04-2021,CUST032842,Sunita Mehta,P00040,Microphone,Clothing,KiddoFun,2,436.41,0.1,62.84,13.7,862.08,Net Banking,Delivered,Washington,DC,United States,SELL01046
ORD0002470,26-08-2024,CUST045546,Arjun Verma,P00032,Board Game,Clothing,CoreTech,3,161.27,0.1,78.38,4.13,517.94,Credit Card,Delivered,Charlotte,NC,United States,SELL00965
ORD0002471,27-10-2020,CUST011719,Aarav Kumar,P00030,Dress Shirt,Home & Kitchen,CoreTech,2,593.9,0,95.02,9.84,1292.66,Net Banking,Delivered,Phoenix,AZ,United States,SELL00307
ORD0002472,07-07-2022,CUST044280,Aman Reddy,P00047,Memory Card 128GB,Clothing,UrbanStyle,1,315.17,0,25.21,2.71,343.09,UPI,Delivered,Washington,DC,Canada,SELL01893
ORD0002473,19-08-2023,CUST018444,Karan Singh,P00048,Wireless Charger,Clothing,Zenith,1,477.59,0.2,30.57,12.24,424.88,Debit Card,Delivered,Jacksonville,FL,United States,SELL00967
ORD0002474,13-10-2020,CUST044599,Kabir Verma,P00046,Car Charger,Sports & Outdoors,BrightLux,5,221.83,0,88.73,9.73,1207.61,Credit Card,Delivered,Houston,TX,United States,SELL00127
ORD0002475,19-11-2023,CUST042320,Mohit Joshi,P00044,Power Bank 20000mAh,Home & Kitchen,Zenith,2,275.07,0.05,62.72,9.8,595.15,Credit Card,Delivered,San Francisco,CA,Canada,SELL00393
ORD0002476,30-10-2022,CUST010911,Kabir Kapoor,P00026,Sunglasses,Clothing,HomeEase,3,409.09,0,147.27,13.55,1388.09,Amazon Pay,Delivered,Denver,CO,Australia,SELL01357
ORD0002477,26-09-2024,CUST031392,Vivaan Reddy,P00042,Projector Mini,Home & Kitchen,Apex,5,435.86,0.1,235.36,14.31,2211.04,Amazon Pay,Delivered,San Jose,CA,United States,SELL01979
ORD0002478,21-09-2021,CUST025578,Aman Verma,P00035,Desk Plant,Clothing,Zenith,1,84.84,0.25,3.18,6.95,73.76,Net Banking,Cancelled,Denver,CO,United States,SELL00534
ORD0002479,26-09-2020,CUST000603,Aditya Joshi,P00001,Wireless Earbuds,Electronics,NexPro,4,73.4,0.25,26.42,12.16,258.78,Debit Card,Delivered,Washington,DC,United States,SELL01076
ORD0002480,14-08-2021,CUST022843,Arjun Kapoor,P00004,USB-C Charger,Toys & Games,BrightLux,4,425.65,0.05,80.87,3.29,1701.63,Debit Card,Pending,Jacksonville,FL,United States,SELL00297
ORD0002481,16-06-2024,CUST029465,Sahil Sharma,P00048,Wireless Charger,Books,Apex,1,10.86,0.05,0.83,6.55,17.7,Debit Card,Delivered,San Antonio,TX,United States,SELL01518
ORD0002482,06-12-2024,CUST010088,Karan Reddy,P00043,HDMI Cable 2m,Sports & Outdoors,KiddoFun,1,540.33,0.05,61.6,14.84,589.75,Cash on Delivery,Delivered,Washington,DC,United States,SELL01184
ORD0002483,23-04-2022,CUST049093,Karan Patel,P00043,HDMI Cable 2m,Clothing,KiddoFun,2,438.66,0,43.87,14.02,935.21,Credit Card,Delivered,Jacksonville,FL,United States,SELL01609
ORD0002484,11-05-2022,CUST017909,Vivaan Reddy,P00036,Smart Light Bulb,Sports & Outdoors,KiddoFun,2,482.13,0,77.14,12.4,1053.8,Credit Card,Shipped,Chicago,IL,United States,SELL00274
ORD0002485,16-10-2023,CUST042667,Karan Kumar,P00025,Running Shoes,Clothing,BrightLux,2,442.76,0.2,85.01,11.54,804.97,Debit Card,Returned,Columbus,OH,India,SELL00253
ORD0002486,04-07-2023,CUST033935,Neha Mehta,P00042,Projector Mini,Home & Kitchen,ReadMore,1,358.51,0.2,34.42,0.19,321.42,Debit Card,Delivered,New York,NY,United States,SELL00032
ORD0002487,12-05-2020,CUST009953,Vikas Kapoor,P00003,Smartphone Case,Sports & Outdoors,CoreTech,3,592.63,0,142.23,5.54,1925.66,Credit Card,Delivered,Columbus,OH,United States,SELL01971
ORD0002488,23-07-2023,CUST004293,Ritika Verma,P00029,T-Shirt,Sports & Outdoors,BrightLux,1,18.42,0,0.92,7.88,27.22,Net Banking,Delivered,San Diego,CA,United States,SELL00560
ORD0002489,04-12-2024,CUST030406,Karan Singh,P00001,Wireless Earbuds,Home & Kitchen,Zenith,2,250.31,0.2,48.06,6.62,455.18,Credit Card,Delivered,Washington,DC,United States,SELL01077
ORD0002490,02-09-2024,CUST025241,Pooja Joshi,P00013,Action Camera,Home & Kitchen,Apex,1,567.02,0.1,40.83,7.56,558.71,Credit Card,Delivered,San Francisco,CA,India,SELL01370
ORD0002491,29-08-2022,CUST044697,Sneha Verma,P00026,Sunglasses,Toys & Games,NexPro,3,163.09,0.05,55.78,4.96,525.55,Credit Card,Delivered,Chicago,IL,United States,SELL01219
ORD0002492,27-05-2021,CUST047626,Priya Kapoor,P00005,Laptop Sleeve,Books,UrbanStyle,1,295.78,0.1,21.3,2.25,289.75,UPI,Delivered,Jacksonville,FL,United States,SELL00486
ORD0002493,08-11-2020,CUST022718,Sahil Mehta,P00014,Drone Mini,Home & Kitchen,CoreTech,2,446.65,0,44.66,8.31,946.27,UPI,Delivered,Fort Worth,TX,India,SELL00749
ORD0002494,29-07-2021,CUST033731,Pooja Kumar,P00007,Mechanical Keyboard,Sports & Outdoors,Apex,1,215.67,0.1,9.71,7.29,211.1,Debit Card,Delivered,Fort Worth,TX,United States,SELL00830
ORD0002495,04-06-2022,CUST009245,Aarav Sharma,P00015,Instant Pot,Electronics,CoreTech,3,372.4,0,55.86,13.11,1186.17,Credit Card,Delivered,Washington,DC,United States,SELL01048
ORD0002496,31-07-2023,CUST041949,Ritika Reddy,P00003,Smartphone Case,Toys & Games,ReadMore,4,486.39,0,97.28,8.15,2050.99,Amazon Pay,Delivered,Chicago,IL,Australia,SELL00348
ORD0002497,18-02-2023,CUST039467,Vihaan Reddy,P00030,Dress Shirt,Clothing,NexPro,3,85.48,0.05,0,11.54,255.16,UPI,Delivered,San Jose,CA,United States,SELL01566
ORD0002498,04-02-2023,CUST016472,Aarav Mehta,P00011,Fitness Band,Electronics,FitLife,4,325.58,0,234.42,4.91,1541.65,Credit Card,Shipped,Columbus,OH,United States,SELL00867
ORD0002499,17-11-2021,CUST021336,Rohit Patel,P00041,Webcam Full HD,Sports & Outdoors,NexPro,5,7.19,0.05,4.1,1.64,39.89,Debit Card,Delivered,San Antonio,TX,United States,SELL00342
ORD0002500,12-05-2023,CUST008665,Karan Patel,P00021,Backpack,Electronics,BrightLux,3,83.48,0.25,9.39,13.83,211.05,Credit Card,Cancelled,Seattle,WA,Canada,SELL01606
ORD0002501,13-06-2020,CUST045167,Vihaan Singh,P00002,Bluetooth Speaker,Home & Kitchen,FitLife,3,576.55,0,86.48,5.4,1821.53,Net Banking,Delivered,San Francisco,CA,United States,SELL00880
ORD0002502,31-10-2020,CUST014193,Karan Kapoor,P00012,Noise Cancelling Headphones,Home & Kitchen,Apex,1,23.46,0.3,0.82,4.84,22.08,UPI,Delivered,Columbus,OH,United States,SELL00094
ORD0002503,29-02-2024,CUST047223,Pooja Gupta,P00041,Webcam Full HD,Books,BrightLux,1,317.61,0.05,54.31,5.73,361.77,Debit Card,Delivered,Columbus,OH,United States,SELL01071
ORD0002504,13-07-2024,CUST008043,Sahil Mehta,P00039,Graphic Tablet,Sports & Outdoors,NexPro,2,130.2,0.05,29.69,9.93,287,Net Banking,Delivered,Columbus,OH,India,SELL01913
ORD0002505,28-04-2024,CUST033015,Ritika Patel,P00017,Electric Kettle,Sports & Outdoors,BrightLux,1,94.6,0.2,6.05,3.88,85.61,UPI,Pending,Seattle,WA,United States,SELL00975
ORD0002506,04-06-2020,CUST002879,Kabir Gupta,P00022,Water Bottle,Toys & Games,Apex,3,379.39,0,56.91,10.44,1205.52,Credit Card,Delivered,Austin,TX,India,SELL01405
ORD0002507,22-10-2023,CUST006132,Sunita Kumar,P00021,Backpack,Toys & Games,Apex,1,499.68,0,59.96,10.88,570.52,Net Banking,Shipped,Charlotte,NC,United States,SELL01619
ORD0002508,08-10-2024,CUST037263,Karan Reddy,P00024,Yoga Mat,Books,HomeEase,5,285.87,0.1,64.32,13.59,1364.32,Debit Card,Delivered,Denver,CO,United States,SELL00213
ORD0002509,11-09-2021,CUST020361,Sahil Joshi,P00018,Vacuum Cleaner,Toys & Games,Zenith,1,16.19,0,0,7.09,23.28,Amazon Pay,Delivered,Denver,CO,United States,SELL01299
ORD0002510,28-06-2023,CUST000326,Mohit Patel,P00007,Mechanical Keyboard,Toys & Games,Zenith,4,402.24,0.05,76.43,9.65,1614.59,Net Banking,Shipped,Chicago,IL,India,SELL00506
ORD0002511,14-08-2022,CUST013504,Sahil Reddy,P00026,Sunglasses,Electronics,NexPro,1,372.17,0.1,26.8,3.67,365.42,Amazon Pay,Delivered,San Diego,CA,United States,SELL00315
ORD0002512,29-11-2020,CUST045408,Neha Gupta,P00008,4K Monitor,Sports & Outdoors,Apex,3,579.8,0.05,198.29,2.1,1852.82,Amazon Pay,Delivered,Indianapolis,IN,United States,SELL01157
ORD0002513,23-07-2024,CUST000811,Priya Kapoor,P00032,Board Game,Sports & Outdoors,Apex,5,404.16,0.1,90.94,8.78,1918.44,Credit Card,Delivered,Philadelphia,PA,Canada,SELL01350
ORD0002514,26-08-2022,CUST008596,Vikas Mehta,P00031,Kids Toy Car,Books,Apex,1,262.94,0.05,19.98,12.73,282.5,Debit Card,Cancelled,Houston,TX,United States,SELL00846
ORD0002515,25-05-2021,CUST006781,Arjun Verma,P00003,Smartphone Case,Toys & Games,CoreTech,5,304.14,0,121.66,5.08,1647.44,Credit Card,Delivered,Fort Worth,TX,India,SELL00458
ORD0002516,09-08-2023,CUST022371,Sneha Joshi,P00016,Air Fryer,Toys & Games,Apex,4,454.74,0,90.95,7.96,1917.87,Net Banking,Shipped,Columbus,OH,India,SELL01695
ORD0002517,09-11-2022,CUST021931,Mohit Verma,P00010,Smartwatch,Electronics,BrightLux,3,363.44,0,130.84,11.11,1232.27,Amazon Pay,Delivered,New York,NY,United Kingdom,SELL00479
ORD0002518,08-10-2020,CUST006846,Rohit Reddy,P00009,Portable SSD 1TB,Toys & Games,Apex,5,197.43,0,118.46,12.16,1117.77,Debit Card,Delivered,San Antonio,TX,United States,SELL01812
ORD0002519,07-03-2022,CUST014659,Sunita Patel,P00039,Graphic Tablet,Sports & Outdoors,FitLife,5,151.78,0.2,30.36,8.48,645.96,Credit Card,Delivered,Philadelphia,PA,India,SELL01155
ORD0002520,21-10-2022,CUST021074,Sahil Kapoor,P00036,Smart Light Bulb,Sports & Outdoors,CoreTech,1,432.25,0.15,29.39,4.5,401.3,Amazon Pay,Delivered,Austin,TX,United States,SELL00328
ORD0002521,28-04-2020,CUST018612,Vivaan Singh,P00040,Microphone,Clothing,BrightLux,5,272.84,0,109.14,14.85,1488.19,Amazon Pay,Delivered,San Jose,CA,United States,SELL01979
ORD0002522,24-11-2022,CUST032612,Sunita Sharma,P00046,Car Charger,Books,NexPro,4,195.25,0,93.72,2.7,877.42,Net Banking,Delivered,San Antonio,TX,United States,SELL00319
ORD0002523,16-07-2020,CUST030174,Aditya Singh,P00023,Cookware Set,Sports & Outdoors,FitLife,3,495.93,0.15,151.75,5.27,1421.64,Credit Card,Delivered,Houston,TX,United States,SELL00375
ORD0002524,29-04-2021,CUST040858,Neha Kapoor,P00004,USB-C Charger,Electronics,NexPro,4,191.91,0.1,55.27,4.23,750.38,Net Banking,Delivered,Washington,DC,United States,SELL01298
ORD0002525,15-11-2024,CUST007134,Karan Verma,P00013,Action Camera,Toys & Games,Zenith,1,477.62,0.05,54.45,12.48,520.67,UPI,Delivered,San Diego,CA,United States,SELL01145
ORD0002526,18-12-2022,CUST001439,Aditya Gupta,P00013,Action Camera,Clothing,NexPro,4,399.81,0,191.91,0.2,1791.35,Debit Card,Delivered,Philadelphia,PA,United States,SELL01137
ORD0002527,16-04-2022,CUST029623,Sneha Patel,P00033,Puzzle 1000pc,Sports & Outdoors,Apex,3,362.89,0.1,48.99,8.91,1037.7,UPI,Delivered,Dallas,TX,United States,SELL00688
ORD0002528,30-03-2023,CUST011076,Aditya Kapoor,P00018,Vacuum Cleaner,Toys & Games,Apex,1,14.45,0.2,0.58,3.29,15.43,Credit Card,Delivered,Philadelphia,PA,India,SELL01102
ORD0002529,05-10-2022,CUST036153,Vivaan Mehta,P00029,T-Shirt,Clothing,CoreTech,3,571.38,0.1,77.14,0.34,1620.21,Debit Card,Delivered,San Diego,CA,United States,SELL01171
ORD0002530,21-11-2021,CUST033432,Sunita Kapoor,P00044,Power Bank 20000mAh,Sports & Outdoors,Apex,5,242.65,0,97.06,4.97,1315.28,Debit Card,Delivered,Houston,TX,United States,SELL00078
ORD0002531,14-05-2023,CUST010177,Aman Gupta,P00016,Air Fryer,Clothing,HomeEase,5,500.28,0.25,225.13,5.98,2107.16,Amazon Pay,Delivered,New York,NY,United States,SELL01939
ORD0002532,01-11-2022,CUST024730,Kabir Sharma,P00030,Dress Shirt,Clothing,Apex,1,298.2,0.1,13.42,2.86,284.66,Net Banking,Delivered,Columbus,OH,Canada,SELL01222
ORD0002533,04-05-2021,CUST033501,Mohit Joshi,P00023,Cookware Set,Clothing,KiddoFun,3,204.34,0.1,0,13.47,565.19,Net Banking,Delivered,Jacksonville,FL,United States,SELL01171
ORD0002534,02-10-2020,CUST000806,Simran Sharma,P00014,Drone Mini,Clothing,KiddoFun,1,425.9,0.1,19.17,8.75,411.23,UPI,Delivered,Seattle,WA,United States,SELL01338
ORD0002535,23-11-2021,CUST040841,Rohit Reddy,P00030,Dress Shirt,Sports & Outdoors,UrbanStyle,3,258,0.1,55.73,14.39,766.72,Amazon Pay,Cancelled,Los Angeles,CA,India,SELL00635
ORD0002536,29-08-2020,CUST013738,Priya Kumar,P00027,Winter Jacket,Clothing,CoreTech,5,576.57,0.1,207.57,6.12,2808.26,Credit Card,Delivered,San Francisco,CA,United States,SELL01441
ORD0002537,24-05-2023,CUST020064,Vivaan Kapoor,P00050,Novel Bestseller,Home & Kitchen,UrbanStyle,1,39.94,0,3.2,1.84,44.98,UPI,Delivered,Seattle,WA,United States,SELL00190
ORD0002538,28-06-2023,CUST036837,Aman Reddy,P00038,External HDD 2TB,Electronics,NexPro,4,79.72,0.05,15.15,14.31,332.4,Credit Card,Delivered,San Antonio,TX,United States,SELL00738
ORD0002539,05-05-2020,CUST011346,Sneha Kapoor,P00046,Car Charger,Clothing,ReadMore,5,150.28,0.1,54.1,13.13,743.49,UPI,Delivered,San Francisco,CA,United States,SELL01973
ORD0002540,04-08-2020,CUST024914,Mohit Sharma,P00029,T-Shirt,Clothing,NexPro,4,156.81,0.05,29.79,9.47,635.14,Debit Card,Delivered,Indianapolis,IN,United States,SELL00180
ORD0002541,22-08-2023,CUST044296,Vikas Kumar,P00025,Running Shoes,Clothing,NexPro,2,482.08,0.05,73.28,11.66,1000.89,UPI,Cancelled,New York,NY,Canada,SELL00528
ORD0002542,25-12-2024,CUST012519,Aarav Singh,P00009,Portable SSD 1TB,Clothing,KiddoFun,1,247.78,0.05,42.37,1.24,279,Debit Card,Delivered,San Diego,CA,India,SELL01379
ORD0002543,23-04-2023,CUST038070,Aditya Gupta,P00009,Portable SSD 1TB,Sports & Outdoors,CoreTech,3,506.89,0.05,115.57,6.45,1566.66,Credit Card,Delivered,Fort Worth,TX,United States,SELL00221
ORD0002544,28-11-2022,CUST039787,Sunita Patel,P00043,HDMI Cable 2m,Sports & Outdoors,KiddoFun,5,523.72,0,130.93,4.23,2753.76,Credit Card,Delivered,Philadelphia,PA,Canada,SELL01918
ORD0002545,31-05-2023,CUST003299,Sunita Mehta,P00013,Action Camera,Home & Kitchen,Apex,5,542.52,0,135.63,2.73,2850.96,Amazon Pay,Delivered,Fort Worth,TX,India,SELL01656
ORD0002546,22-04-2023,CUST017112,Ritika Kumar,P00013,Action Camera,Home & Kitchen,HomeEase,5,540.07,0,486.06,4.33,3190.74,Debit Card,Delivered,Columbus,OH,United States,SELL00508
ORD0002547,09-05-2021,CUST011764,Aman Sharma,P00017,Electric Kettle,Sports & Outdoors,Apex,1,363.46,0,18.17,14.09,395.72,Debit Card,Delivered,Houston,TX,United States,SELL00778
ORD0002548,02-03-2021,CUST043981,Aditya Verma,P00013,Action Camera,Books,KiddoFun,4,10.8,0.05,3.28,2.57,46.89,Debit Card,Delivered,Houston,TX,United States,SELL00060
ORD0002549,16-04-2023,CUST004959,Sahil Gupta,P00023,Cookware Set,Books,BrightLux,3,417.03,0.2,0,5.51,1006.38,Credit Card,Delivered,Charlotte,NC,United Kingdom,SELL01730
ORD0002550,07-07-2022,CUST019322,Sahil Kapoor,P00020,Office Chair,Sports & Outdoors,CoreTech,3,288.77,0.15,58.91,12.51,807.78,Debit Card,Delivered,San Diego,CA,India,SELL01171
ORD0002551,22-12-2023,CUST036792,Vikas Patel,P00028,Jeans,Home & Kitchen,CoreTech,3,385.7,0.2,74.05,12.55,1012.28,Credit Card,Delivered,Indianapolis,IN,United States,SELL01497
ORD0002552,10-08-2023,CUST030207,Pooja Kumar,P00010,Smartwatch,Electronics,FitLife,2,526.13,0.15,71.55,0.03,966,Debit Card,Shipped,San Jose,CA,United States,SELL01033
ORD0002553,30-05-2020,CUST044957,Kabir Kumar,P00007,Mechanical Keyboard,Books,KiddoFun,3,93.77,0.25,10.55,0.46,221.99,Debit Card,Delivered,New York,NY,United States,SELL01975
ORD0002554,18-01-2021,CUST001834,Simran Mehta,P00032,Board Game,Clothing,NexPro,1,228.53,0,0,3.77,232.3,Debit Card,Delivered,Chicago,IL,United States,SELL00693
ORD0002555,19-07-2024,CUST048902,Ritika Sharma,P00034,Desk Organizer,Home & Kitchen,ReadMore,2,259.07,0.05,24.61,2.98,519.82,Credit Card,Delivered,San Francisco,CA,United States,SELL00562
ORD0002556,03-11-2020,CUST045059,Pooja Singh,P00007,Mechanical Keyboard,Clothing,UrbanStyle,4,496.11,0,238.13,8.62,2231.19,UPI,Delivered,Charlotte,NC,United States,SELL00763
ORD0002557,21-09-2023,CUST011594,Karan Reddy,P00007,Mechanical Keyboard,Sports & Outdoors,KiddoFun,5,164.34,0,0,3.7,825.4,Credit Card,Delivered,Denver,CO,India,SELL01237
ORD0002558,15-01-2022,CUST038436,Vihaan Reddy,P00047,Memory Card 128GB,Sports & Outdoors,KiddoFun,4,156.71,0.15,26.64,13.44,572.89,Debit Card,Delivered,Jacksonville,FL,United States,SELL01581
ORD0002559,10-06-2022,CUST013496,Aditya Reddy,P00019,LED Desk Lamp,Books,CoreTech,2,43.91,0.1,3.95,12.3,95.29,Debit Card,Shipped,New York,NY,United States,SELL01912
ORD0002560,09-01-2021,CUST043188,Priya Patel,P00036,Smart Light Bulb,Sports & Outdoors,UrbanStyle,2,229.68,0,55.12,9.05,523.53,Debit Card,Delivered,Fort Worth,TX,United States,SELL01951
ORD0002561,28-10-2022,CUST022392,Vihaan Reddy,P00015,Instant Pot,Clothing,BrightLux,5,192.73,0.1,69.38,5.43,942.09,Net Banking,Delivered,Fort Worth,TX,United States,SELL01376
ORD0002562,26-09-2023,CUST030368,Pooja Reddy,P00029,T-Shirt,Electronics,UrbanStyle,4,144.83,0,69.52,8.05,656.89,Amazon Pay,Delivered,Indianapolis,IN,United States,SELL01424
ORD0002563,08-05-2020,CUST013752,Ritika Gupta,P00036,Smart Light Bulb,Home & Kitchen,FitLife,2,96.75,0.05,14.71,13.09,211.62,Credit Card,Shipped,Indianapolis,IN,India,SELL00882
ORD0002564,11-10-2022,CUST015755,Simran Mehta,P00004,USB-C Charger,Books,NexPro,4,305.61,0.1,55.01,9.32,1164.53,Net Banking,Shipped,Indianapolis,IN,United States,SELL00128
ORD0002565,04-12-2024,CUST047489,Ritika Joshi,P00011,Fitness Band,Clothing,Zenith,1,525.69,0.15,53.62,0.11,500.57,Credit Card,Delivered,Dallas,TX,Canada,SELL01113
ORD0002566,30-10-2021,CUST010237,Sneha Patel,P00043,HDMI Cable 2m,Books,FitLife,4,60.96,0,19.51,7.16,270.51,Net Banking,Delivered,New York,NY,Canada,SELL00077
ORD0002567,07-10-2023,CUST048240,Simran Joshi,P00003,Smartphone Case,Sports & Outdoors,Zenith,1,81.14,0,6.49,13.75,101.38,Debit Card,Shipped,San Antonio,TX,United States,SELL00815
ORD0002568,13-10-2023,CUST043654,Ritika Sharma,P00035,Desk Plant,Sports & Outdoors,CoreTech,2,212.73,0.1,19.15,8.21,410.27,Credit Card,Shipped,San Diego,CA,United States,SELL00099
ORD0002569,31-05-2021,CUST002011,Neha Verma,P00003,Smartphone Case,Toys & Games,FitLife,4,55.02,0,17.61,13.23,250.92,UPI,Delivered,Austin,TX,United States,SELL00615
ORD0002570,27-02-2024,CUST028495,Pooja Verma,P00036,Smart Light Bulb,Sports & Outdoors,NexPro,4,145.34,0.05,66.28,3.77,622.34,UPI,Delivered,Denver,CO,United States,SELL01190
ORD0002571,26-03-2020,CUST008856,Sunita Kumar,P00015,Instant Pot,Sports & Outdoors,CoreTech,2,449.94,0.25,80.99,0.8,756.7,Cash on Delivery,Delivered,Austin,TX,India,SELL01498
ORD0002572,13-04-2023,CUST041288,Sneha Patel,P00007,Mechanical Keyboard,Electronics,FitLife,1,146.48,0,11.72,5.37,163.57,Net Banking,Delivered,Washington,DC,United States,SELL01514
ORD0002573,01-05-2023,CUST025425,Karan Patel,P00022,Water Bottle,Home & Kitchen,HomeEase,1,295.45,0,23.64,2.82,321.91,Credit Card,Delivered,San Francisco,CA,India,SELL01442
ORD0002574,06-11-2020,CUST047512,Aman Reddy,P00011,Fitness Band,Sports & Outdoors,Zenith,3,81.36,0.1,10.98,12.06,242.71,Credit Card,Returned,Jacksonville,FL,United States,SELL01440
ORD0002575,16-02-2023,CUST012877,Aarav Gupta,P00046,Car Charger,Books,CoreTech,4,393.69,0.05,269.28,13.57,1778.87,Debit Card,Delivered,Los Angeles,CA,Canada,SELL00599
ORD0002576,26-05-2023,CUST008457,Sneha Gupta,P00038,External HDD 2TB,Home & Kitchen,KiddoFun,2,426.52,0.05,97.25,11.49,919.13,Debit Card,Delivered,Chicago,IL,United States,SELL01490
ORD0002577,02-03-2021,CUST017851,Aditya Mehta,P00036,Smart Light Bulb,Sports & Outdoors,NexPro,2,285.58,0.2,36.55,7.8,501.28,Credit Card,Delivered,Chicago,IL,United States,SELL01574
ORD0002578,08-12-2023,CUST041214,Anjali Verma,P00034,Desk Organizer,Clothing,Zenith,2,252.09,0.2,20.17,2.97,426.48,Debit Card,Shipped,Phoenix,AZ,Canada,SELL01659
ORD0002579,23-04-2020,CUST009286,Sahil Singh,P00024,Yoga Mat,Toys & Games,BrightLux,4,17.05,0.15,2.9,7.69,68.56,Debit Card,Delivered,Washington,DC,United States,SELL00409
ORD0002580,14-03-2023,CUST005655,Neha Patel,P00046,Car Charger,Clothing,UrbanStyle,5,519.75,0.3,218.29,10.59,2048,Debit Card,Delivered,San Francisco,CA,United States,SELL01041
ORD0002581,10-04-2024,CUST027990,Vikas Kumar,P00039,Graphic Tablet,Toys & Games,ReadMore,2,499.56,0,49.96,9.14,1058.22,Amazon Pay,Pending,Phoenix,AZ,India,SELL00272
ORD0002582,29-07-2024,CUST001237,Ritika Gupta,P00043,HDMI Cable 2m,Home & Kitchen,ReadMore,2,94.33,0.15,19.24,10.06,189.66,Credit Card,Delivered,San Francisco,CA,Canada,SELL01094
ORD0002583,29-10-2020,CUST042769,Mohit Kumar,P00027,Winter Jacket,Sports & Outdoors,Apex,5,336.05,0,84.01,0.38,1764.64,Credit Card,Delivered,New York,NY,United States,SELL00401
ORD0002584,13-01-2022,CUST016994,Neha Kumar,P00044,Power Bank 20000mAh,Toys & Games,Apex,2,271.57,0,27.16,7.06,577.36,Amazon Pay,Delivered,Columbus,OH,India,SELL00026
ORD0002585,10-08-2021,CUST023065,Sneha Kumar,P00038,External HDD 2TB,Books,NexPro,4,502.47,0.15,136.67,4.28,1849.35,Credit Card,Delivered,San Jose,CA,United States,SELL01323
ORD0002586,13-09-2022,CUST025126,Pooja Kumar,P00034,Desk Organizer,Books,HomeEase,5,208,0,187.2,10.35,1237.55,Credit Card,Delivered,San Francisco,CA,Canada,SELL00108
ORD0002587,10-12-2020,CUST033987,Sneha Kumar,P00045,Phone Tripod,Electronics,UrbanStyle,3,91.81,0,22.03,5.82,303.28,Credit Card,Delivered,Charlotte,NC,United States,SELL01949
ORD0002588,24-03-2022,CUST026894,Sneha Kapoor,P00014,Drone Mini,Books,UrbanStyle,5,368.17,0.15,187.77,11.86,1764.35,Cash on Delivery,Delivered,Indianapolis,IN,United States,SELL01681
ORD0002589,11-03-2022,CUST045834,Vikas Singh,P00005,Laptop Sleeve,Toys & Games,FitLife,1,22.5,0.05,2.56,5.35,29.28,Credit Card,Delivered,New York,NY,United Kingdom,SELL00401
ORD0002590,21-10-2022,CUST031810,Vihaan Verma,P00032,Board Game,Electronics,UrbanStyle,3,118.12,0.05,60.6,8.43,405.67,Net Banking,Returned,Columbus,OH,United States,SELL00498
ORD0002591,16-03-2023,CUST004295,Aditya Joshi,P00009,Portable SSD 1TB,Home & Kitchen,BrightLux,2,132.41,0,47.67,8.16,320.65,Amazon Pay,Delivered,Indianapolis,IN,United States,SELL00188
ORD0002592,03-08-2023,CUST025841,Kabir Sharma,P00016,Air Fryer,Books,Apex,2,555.09,0.2,71.05,1.07,960.26,Amazon Pay,Delivered,San Jose,CA,United States,SELL01318
ORD0002593,04-08-2024,CUST027774,Sahil Sharma,P00031,Kids Toy Car,Sports & Outdoors,Zenith,4,245.97,0.15,66.9,14.61,917.81,Amazon Pay,Shipped,San Diego,CA,United States,SELL01249
ORD0002594,12-12-2022,CUST025866,Neha Patel,P00043,HDMI Cable 2m,Sports & Outdoors,KiddoFun,2,159.34,0,57.36,13.04,389.08,Debit Card,Delivered,San Antonio,TX,United States,SELL01407
ORD0002595,20-08-2023,CUST049507,Kabir Patel,P00020,Office Chair,Toys & Games,BrightLux,1,39.03,0,3.12,6.39,48.54,Amazon Pay,Delivered,San Jose,CA,Australia,SELL00571
ORD0002596,28-12-2022,CUST019249,Neha Kapoor,P00030,Dress Shirt,Books,Apex,3,35.35,0,8.48,2.4,116.93,Debit Card,Shipped,Phoenix,AZ,United States,SELL01119
ORD0002597,26-12-2020,CUST002224,Pooja Joshi,P00047,Memory Card 128GB,Sports & Outdoors,HomeEase,4,275.68,0.05,52.38,13.98,1113.94,UPI,Delivered,San Diego,CA,Canada,SELL00231
ORD0002598,13-06-2024,CUST047676,Mohit Reddy,P00012,Noise Cancelling Headphones,Electronics,HomeEase,1,340.12,0.05,16.16,9.35,348.62,Cash on Delivery,Delivered,Dallas,TX,United States,SELL01915
ORD0002599,28-05-2023,CUST002841,Pooja Mehta,P00048,Wireless Charger,Sports & Outdoors,HomeEase,3,132.06,0.05,0,6.42,382.79,Credit Card,Delivered,Seattle,WA,Australia,SELL01761
ORD0002600,06-10-2022,CUST020103,Sneha Kapoor,P00022,Water Bottle,Clothing,KiddoFun,4,172.27,0.05,52.37,3.04,710.04,UPI,Shipped,Austin,TX,United States,SELL01748
ORD0002601,04-12-2021,CUST010061,Arjun Sharma,P00047,Memory Card 128GB,Electronics,Apex,5,559.46,0,139.86,6.23,2943.39,Debit Card,Shipped,New York,NY,United States,SELL00291
ORD0002602,28-07-2021,CUST045689,Aman Mehta,P00040,Microphone,Electronics,FitLife,2,131.43,0.05,19.98,5.31,275.01,Net Banking,Delivered,Philadelphia,PA,India,SELL00542
ORD0002603,27-05-2024,CUST041127,Neha Reddy,P00043,HDMI Cable 2m,Electronics,BrightLux,2,308.75,0,74.1,13.33,704.93,Amazon Pay,Delivered,Fort Worth,TX,Canada,SELL01293
ORD0002604,30-03-2023,CUST036395,Vivaan Reddy,P00041,Webcam Full HD,Sports & Outdoors,NexPro,1,523.41,0.05,39.78,2.64,539.66,Net Banking,Delivered,Charlotte,NC,United States,SELL00136
ORD0002605,31-08-2024,CUST006702,Vikas Mehta,P00020,Office Chair,Sports & Outdoors,BrightLux,2,363.28,0.2,69.75,13.22,664.22,Debit Card,Delivered,Washington,DC,United States,SELL00303
ORD0002606,17-01-2023,CUST048345,Mohit Joshi,P00037,Router,Toys & Games,Zenith,4,373.38,0.1,107.53,4.92,1456.62,Credit Card,Delivered,Seattle,WA,Canada,SELL01101
ORD0002607,18-11-2021,CUST005419,Vihaan Reddy,P00013,Action Camera,Books,KiddoFun,3,322.98,0,77.52,14.82,1061.28,Amazon Pay,Delivered,Dallas,TX,United States,SELL00702
ORD0002608,19-02-2022,CUST029469,Simran Patel,P00003,Smartphone Case,Books,ReadMore,3,332.42,0,49.86,7.27,1054.39,Debit Card,Delivered,Dallas,TX,United States,SELL00003
ORD0002609,07-08-2021,CUST016470,Aarav Sharma,P00027,Winter Jacket,Clothing,HomeEase,3,392.74,0.05,89.54,13.13,1221.98,Debit Card,Shipped,New York,NY,United States,SELL00224
ORD0002610,15-11-2024,CUST003778,Rohit Mehta,P00036,Smart Light Bulb,Books,HomeEase,3,240.84,0.25,0,1.09,542.98,Credit Card,Delivered,San Antonio,TX,India,SELL01680
ORD0002611,11-08-2021,CUST028374,Ritika Verma,P00045,Phone Tripod,Sports & Outdoors,KiddoFun,3,344.04,0.2,41.28,4.09,871.07,UPI,Shipped,Phoenix,AZ,United States,SELL00122
ORD0002612,28-03-2023,CUST046947,Anjali Patel,P00032,Board Game,Clothing,KiddoFun,2,34.09,0,3.41,4.02,75.61,Net Banking,Delivered,San Diego,CA,United States,SELL00908
ORD0002613,03-05-2021,CUST048354,Kabir Gupta,P00003,Smartphone Case,Electronics,HomeEase,3,469.1,0,168.88,10.13,1586.31,Amazon Pay,Delivered,San Antonio,TX,United Kingdom,SELL01427
ORD0002614,28-08-2022,CUST003573,Mohit Reddy,P00036,Smart Light Bulb,Sports & Outdoors,NexPro,1,416.97,0,33.36,8.08,458.41,Debit Card,Returned,San Jose,CA,United States,SELL00436
ORD0002615,09-09-2023,CUST035483,Pooja Kumar,P00009,Portable SSD 1TB,Electronics,ReadMore,2,450.68,0,72.11,2.64,976.11,Credit Card,Shipped,San Jose,CA,India,SELL01879
ORD0002616,21-06-2024,CUST005970,Pooja Joshi,P00036,Smart Light Bulb,Toys & Games,Zenith,3,327.1,0.05,111.87,1.89,1046,Debit Card,Delivered,San Antonio,TX,United States,SELL00148
ORD0002617,05-11-2023,CUST030064,Kabir Patel,P00042,Projector Mini,Toys & Games,BrightLux,4,319.39,0.1,91.98,11.48,1253.26,Credit Card,Delivered,Jacksonville,FL,Canada,SELL01775
ORD0002618,30-01-2023,CUST019256,Vikas Singh,P00046,Car Charger,Books,UrbanStyle,5,73.38,0.3,30.82,0.57,288.22,UPI,Shipped,San Antonio,TX,Australia,SELL01028
ORD0002619,08-05-2021,CUST002927,Neha Mehta,P00037,Router,Toys & Games,KiddoFun,3,225.03,0.1,48.61,3.79,659.98,UPI,Shipped,Charlotte,NC,United States,SELL00259
ORD0002620,25-07-2024,CUST015680,Rohit Mehta,P00001,Wireless Earbuds,Home & Kitchen,UrbanStyle,3,76.38,0,27.5,11.38,268.02,Credit Card,Delivered,Fort Worth,TX,United States,SELL00051
ORD0002621,25-06-2024,CUST017432,Vikas Patel,P00004,USB-C Charger,Clothing,Apex,2,265.69,0.1,38.26,3.82,520.32,Credit Card,Shipped,Columbus,OH,United States,SELL01128
ORD0002622,19-01-2020,CUST005594,Sunita Gupta,P00037,Router,Clothing,FitLife,2,83.6,0,8.36,10.49,186.05,UPI,Delivered,Jacksonville,FL,United States,SELL01678
ORD0002623,17-01-2024,CUST024212,Simran Singh,P00024,Yoga Mat,Sports & Outdoors,KiddoFun,5,350.88,0.15,268.42,2.76,1762.42,UPI,Delivered,Chicago,IL,United States,SELL00565
ORD0002624,14-02-2024,CUST042804,Ritika Singh,P00040,Microphone,Books,ReadMore,1,198.73,0.1,8.94,11.15,198.95,Credit Card,Delivered,Austin,TX,United States,SELL00463
ORD0002625,05-06-2024,CUST009434,Ritika Kumar,P00037,Router,Clothing,NexPro,1,104.52,0,8.36,1,113.88,Credit Card,Delivered,San Jose,CA,United States,SELL01055
ORD0002626,31-01-2021,CUST045552,Vihaan Gupta,P00040,Microphone,Home & Kitchen,KiddoFun,1,476.14,0,23.81,11.04,510.99,Amazon Pay,Delivered,Indianapolis,IN,India,SELL00555
ORD0002627,27-09-2022,CUST027486,Sneha Reddy,P00049,Children's Book,Home & Kitchen,UrbanStyle,3,537.31,0,80.6,5.21,1697.74,Debit Card,Delivered,San Antonio,TX,United States,SELL01697
ORD0002628,26-07-2023,CUST025166,Karan Mehta,P00043,HDMI Cable 2m,Home & Kitchen,ReadMore,2,596.2,0,59.62,14.65,1266.67,Debit Card,Delivered,Denver,CO,United States,SELL01139
ORD0002629,30-04-2022,CUST022261,Rohit Singh,P00030,Dress Shirt,Books,ReadMore,3,581.47,0.05,132.58,8.95,1798.72,Debit Card,Delivered,Jacksonville,FL,United States,SELL01522
ORD0002630,20-10-2023,CUST035942,Arjun Joshi,P00027,Winter Jacket,Clothing,CoreTech,2,276.22,0,44.2,5.93,602.57,Net Banking,Delivered,San Diego,CA,United States,SELL01465
ORD0002631,16-09-2023,CUST000030,Aarav Singh,P00011,Fitness Band,Clothing,Zenith,5,65.64,0,39.38,7.81,375.39,Amazon Pay,Delivered,San Antonio,TX,Australia,SELL00859
ORD0002632,22-07-2024,CUST036623,Karan Joshi,P00015,Instant Pot,Toys & Games,Zenith,1,332.09,0,16.6,12.71,361.4,UPI,Delivered,Austin,TX,United States,SELL00864
ORD0002633,29-09-2023,CUST006347,Arjun Reddy,P00021,Backpack,Toys & Games,HomeEase,1,579.78,0.05,44.06,6.75,601.6,Credit Card,Delivered,Charlotte,NC,United States,SELL00708
ORD0002634,01-04-2022,CUST049876,Sahil Patel,P00024,Yoga Mat,Books,CoreTech,2,195.43,0.2,15.63,0.42,328.74,Amazon Pay,Delivered,Columbus,OH,United States,SELL00861
ORD0002635,30-03-2021,CUST045209,Neha Gupta,P00040,Microphone,Home & Kitchen,KiddoFun,4,82.62,0.05,25.12,10.26,349.34,UPI,Delivered,Chicago,IL,United States,SELL01458
ORD0002636,12-06-2024,CUST018475,Pooja Reddy,P00019,LED Desk Lamp,Electronics,ReadMore,2,299.99,0.1,27,5.28,572.26,Debit Card,Delivered,Phoenix,AZ,United States,SELL00955
ORD0002637,25-12-2021,CUST014750,Ritika Sharma,P00045,Phone Tripod,Sports & Outdoors,HomeEase,2,89.7,0,14.35,1.54,195.29,Debit Card,Delivered,Phoenix,AZ,United States,SELL00661
ORD0002638,05-08-2024,CUST035259,Sunita Verma,P00041,Webcam Full HD,Clothing,FitLife,4,448.98,0.15,0,14.31,1540.84,Credit Card,Shipped,Columbus,OH,United States,SELL00439
ORD0002639,24-12-2022,CUST038481,Mohit Sharma,P00024,Yoga Mat,Sports & Outdoors,UrbanStyle,2,401.64,0,96.39,7.63,907.3,Debit Card,Delivered,Phoenix,AZ,India,SELL01805
ORD0002640,04-01-2023,CUST017511,Rohit Gupta,P00011,Fitness Band,Toys & Games,FitLife,1,13.29,0.25,0.5,6,16.47,UPI,Delivered,San Francisco,CA,United States,SELL01158
ORD0002641,11-12-2021,CUST026153,Neha Verma,P00007,Mechanical Keyboard,Sports & Outdoors,NexPro,3,61.28,0.25,0,14.23,152.11,Amazon Pay,Delivered,Jacksonville,FL,United States,SELL01614
ORD0002642,22-05-2020,CUST046780,Simran Patel,P00004,USB-C Charger,Toys & Games,HomeEase,2,500.26,0,80.04,14.08,1094.64,UPI,Delivered,Austin,TX,India,SELL00225
ORD0002643,05-07-2022,CUST044240,Pooja Patel,P00048,Wireless Charger,Books,UrbanStyle,4,147.97,0.15,40.25,13.27,556.62,Amazon Pay,Shipped,Dallas,TX,United States,SELL00257
ORD0002644,07-04-2022,CUST036972,Vikas Reddy,P00042,Projector Mini,Books,BrightLux,1,300.77,0.3,37.9,2.46,250.9,Net Banking,Delivered,Jacksonville,FL,United States,SELL01312
ORD0002645,27-08-2021,CUST003406,Sahil Gupta,P00038,External HDD 2TB,Toys & Games,KiddoFun,1,97.88,0,7.83,3.44,109.15,Amazon Pay,Shipped,Jacksonville,FL,United States,SELL00029
ORD0002646,05-02-2024,CUST026108,Vikas Sharma,P00044,Power Bank 20000mAh,Books,NexPro,1,441.42,0.15,18.76,6.2,400.17,Amazon Pay,Returned,Dallas,TX,United Kingdom,SELL01479
ORD0002647,11-12-2023,CUST031426,Karan Verma,P00029,T-Shirt,Sports & Outdoors,CoreTech,5,452.04,0.15,153.69,1.58,2076.44,Amazon Pay,Delivered,Chicago,IL,United Kingdom,SELL01757
ORD0002648,31-10-2020,CUST007737,Vikas Kapoor,P00019,LED Desk Lamp,Clothing,BrightLux,3,361.52,0,54.23,8.64,1147.43,Net Banking,Delivered,San Francisco,CA,Canada,SELL01643
ORD0002649,05-01-2022,CUST037497,Rohit Kapoor,P00047,Memory Card 128GB,Sports & Outdoors,BrightLux,4,202.79,0,40.56,11.87,863.59,Credit Card,Pending,Columbus,OH,United States,SELL00350
ORD0002650,29-02-2024,CUST048054,Ritika Reddy,P00014,Drone Mini,Electronics,Apex,5,335.12,0.05,191.02,8.59,1791.43,Amazon Pay,Shipped,San Francisco,CA,India,SELL00759
ORD0002651,17-10-2020,CUST004693,Mohit Gupta,P00033,Puzzle 1000pc,Home & Kitchen,BrightLux,4,91.73,0.1,26.42,9.56,366.21,Net Banking,Delivered,Charlotte,NC,United States,SELL00232
ORD0002652,11-04-2020,CUST004522,Vikas Patel,P00012,Noise Cancelling Headphones,Toys & Games,UrbanStyle,3,558.33,0,301.5,11.97,1988.46,Debit Card,Shipped,Fort Worth,TX,Australia,SELL01432
ORD0002653,14-07-2023,CUST011842,Aman Joshi,P00007,Mechanical Keyboard,Toys & Games,NexPro,2,503.81,0.05,47.86,13.86,1018.96,Debit Card,Delivered,San Diego,CA,United States,SELL00502
ORD0002654,16-05-2022,CUST044614,Simran Verma,P00023,Cookware Set,Toys & Games,BrightLux,4,121.22,0.1,21.82,7.48,465.69,UPI,Delivered,Indianapolis,IN,India,SELL00094
ORD0002655,25-08-2022,CUST029579,Sunita Kapoor,P00026,Sunglasses,Toys & Games,FitLife,5,384.4,0,230.64,7.28,2159.92,UPI,Delivered,Philadelphia,PA,United States,SELL01642
ORD0002656,03-07-2024,CUST047337,Priya Joshi,P00050,Novel Bestseller,Sports & Outdoors,HomeEase,4,154.07,0.05,70.26,1.9,657.63,Credit Card,Delivered,San Diego,CA,India,SELL00370
ORD0002657,31-08-2022,CUST031171,Arjun Singh,P00007,Mechanical Keyboard,Books,HomeEase,3,101.56,0.05,34.73,0.62,324.8,UPI,Delivered,Indianapolis,IN,United States,SELL00586
ORD0002658,21-04-2022,CUST000755,Anjali Mehta,P00036,Smart Light Bulb,Toys & Games,KiddoFun,4,142.41,0,102.54,0.26,672.44,Amazon Pay,Pending,San Francisco,CA,United States,SELL01629
ORD0002659,19-08-2022,CUST013579,Kabir Kapoor,P00014,Drone Mini,Electronics,UrbanStyle,2,329.16,0.2,63.2,0.26,590.12,Net Banking,Delivered,San Diego,CA,India,SELL00889
ORD0002660,30-07-2022,CUST039428,Sunita Verma,P00021,Backpack,Toys & Games,ReadMore,3,93.03,0,33.49,13.66,326.24,Cash on Delivery,Delivered,Columbus,OH,United States,SELL00969
ORD0002661,05-12-2024,CUST047695,Aditya Singh,P00030,Dress Shirt,Toys & Games,Zenith,1,137.57,0.1,6.19,1.74,131.74,Credit Card,Delivered,Houston,TX,United States,SELL00432
ORD0002662,23-10-2022,CUST036570,Anjali Kumar,P00043,HDMI Cable 2m,Electronics,FitLife,5,540.6,0.1,0,11,2443.7,Debit Card,Delivered,Columbus,OH,United States,SELL00739
ORD0002663,25-03-2020,CUST046828,Anjali Patel,P00007,Mechanical Keyboard,Toys & Games,Apex,2,252.75,0,0,12.95,518.45,Credit Card,Delivered,Phoenix,AZ,India,SELL01680
ORD0002664,22-12-2024,CUST002532,Priya Gupta,P00026,Sunglasses,Books,Apex,5,456.6,0.05,108.44,13.61,2290.9,Amazon Pay,Delivered,New York,NY,United Kingdom,SELL00289
ORD0002665,23-11-2020,CUST015025,Kabir Mehta,P00027,Winter Jacket,Sports & Outdoors,NexPro,2,47.42,0,7.59,4.93,107.36,Debit Card,Delivered,Fort Worth,TX,United States,SELL01777
ORD0002666,26-03-2022,CUST001266,Pooja Joshi,P00028,Jeans,Sports & Outdoors,Apex,1,529.38,0,42.35,0.07,571.8,Debit Card,Delivered,Phoenix,AZ,United States,SELL00793
ORD0002667,13-01-2024,CUST014742,Vikas Kapoor,P00021,Backpack,Sports & Outdoors,Apex,1,369.63,0.15,15.71,13.14,343.04,Credit Card,Delivered,Austin,TX,United States,SELL00529
ORD0002668,29-03-2021,CUST007845,Aman Joshi,P00047,Memory Card 128GB,Electronics,NexPro,1,378.67,0.25,51.12,5.5,340.62,Credit Card,Delivered,Indianapolis,IN,Australia,SELL00735
ORD0002669,20-09-2021,CUST028489,Karan Singh,P00042,Projector Mini,Sports & Outdoors,FitLife,2,143.25,0,51.57,6.09,344.16,Amazon Pay,Delivered,Philadelphia,PA,United States,SELL01297
ORD0002670,29-05-2023,CUST008370,Mohit Sharma,P00023,Cookware Set,Toys & Games,UrbanStyle,5,177.02,0.1,95.59,9.52,901.7,Net Banking,Delivered,Phoenix,AZ,United States,SELL01266
ORD0002671,23-03-2023,CUST008863,Arjun Kumar,P00035,Desk Plant,Toys & Games,NexPro,4,294.95,0.15,120.34,11.89,1135.06,Debit Card,Returned,Dallas,TX,United States,SELL01639
ORD0002672,26-10-2021,CUST033580,Pooja Verma,P00019,LED Desk Lamp,Clothing,KiddoFun,5,433.65,0.25,81.31,8.37,1715.87,Credit Card,Delivered,San Antonio,TX,United States,SELL00912
ORD0002673,12-01-2020,CUST044008,Rohit Singh,P00013,Action Camera,Sports & Outdoors,CoreTech,4,165.95,0.05,31.53,10.22,672.36,UPI,Delivered,Charlotte,NC,United States,SELL00122
ORD0002674,02-03-2023,CUST026143,Sunita Verma,P00036,Smart Light Bulb,Home & Kitchen,BrightLux,2,513.53,0.05,78.06,10.78,1064.55,Credit Card,Delivered,Charlotte,NC,United States,SELL01978
ORD0002675,30-10-2020,CUST041291,Vihaan Verma,P00049,Children's Book,Sports & Outdoors,Zenith,2,589.87,0,58.99,5.03,1243.76,Net Banking,Shipped,Jacksonville,FL,United States,SELL01990
ORD0002676,09-08-2023,CUST003556,Neha Reddy,P00042,Projector Mini,Books,CoreTech,3,310.58,0,0,8.88,940.62,Credit Card,Delivered,Austin,TX,Canada,SELL01525
ORD0002677,01-09-2022,CUST039465,Vivaan Sharma,P00019,LED Desk Lamp,Toys & Games,Zenith,4,389.1,0,124.51,1.51,1682.42,Debit Card,Pending,San Diego,CA,United States,SELL01495
ORD0002678,16-08-2023,CUST044548,Sunita Reddy,P00050,Novel Bestseller,Clothing,UrbanStyle,5,569.97,0.1,307.78,8.63,2881.28,Credit Card,Delivered,San Francisco,CA,United States,SELL00588
ORD0002679,29-10-2024,CUST010098,Aditya Verma,P00032,Board Game,Clothing,NexPro,4,388.92,0.05,177.35,3.65,1658.9,UPI,Delivered,San Francisco,CA,United States,SELL00942
ORD0002680,21-02-2022,CUST007438,Pooja Kapoor,P00026,Sunglasses,Electronics,UrbanStyle,1,393.91,0,19.7,1.52,415.13,Credit Card,Delivered,San Diego,CA,United States,SELL01137
ORD0002681,12-02-2020,CUST032942,Arjun Verma,P00020,Office Chair,Sports & Outdoors,ReadMore,2,35.39,0,12.74,3.4,86.92,Credit Card,Delivered,San Antonio,TX,United States,SELL01634
ORD0002682,01-08-2022,CUST023005,Sunita Gupta,P00021,Backpack,Clothing,NexPro,1,430.23,0.1,46.46,8.21,441.88,UPI,Delivered,Washington,DC,United States,SELL01001
ORD0002683,08-12-2020,CUST041052,Sneha Kumar,P00027,Winter Jacket,Home & Kitchen,BrightLux,1,295.89,0,23.67,3.17,322.73,Credit Card,Delivered,Columbus,OH,India,SELL01840
ORD0002684,11-09-2023,CUST002558,Priya Joshi,P00041,Webcam Full HD,Electronics,CoreTech,1,396.93,0.15,16.87,1.36,355.62,Credit Card,Shipped,Dallas,TX,United States,SELL00775
ORD0002685,12-05-2021,CUST007040,Arjun Singh,P00003,Smartphone Case,Books,ReadMore,4,470.99,0.1,135.65,6.97,1838.18,Debit Card,Pending,Houston,TX,United States,SELL00308
ORD0002686,29-12-2020,CUST049751,Aman Singh,P00005,Laptop Sleeve,Books,Apex,2,323.96,0.1,69.98,6.46,659.57,Net Banking,Delivered,San Diego,CA,United States,SELL01816
ORD0002687,09-06-2022,CUST038433,Aarav Sharma,P00042,Projector Mini,Clothing,UrbanStyle,5,152.11,0.15,32.32,2,680.79,UPI,Delivered,Jacksonville,FL,United States,SELL00219
ORD0002688,02-03-2021,CUST029086,Vikas Patel,P00031,Kids Toy Car,Home & Kitchen,CoreTech,5,513.07,0,128.27,1.28,2694.9,Credit Card,Delivered,Austin,TX,United States,SELL01813
ORD0002689,01-10-2022,CUST034953,Neha Joshi,P00042,Projector Mini,Clothing,FitLife,2,492.26,0.05,74.82,11.4,1021.51,Debit Card,Delivered,Chicago,IL,United States,SELL00556
ORD0002690,21-01-2020,CUST035494,Sahil Gupta,P00017,Electric Kettle,Clothing,HomeEase,1,86.43,0.25,3.24,13.19,81.25,Amazon Pay,Delivered,San Jose,CA,United States,SELL00971
ORD0002691,10-02-2021,CUST020569,Sahil Joshi,P00037,Router,Sports & Outdoors,NexPro,4,220.07,0.15,0,14.89,763.13,Credit Card,Delivered,Austin,TX,United States,SELL01233
ORD0002692,10-09-2021,CUST038482,Arjun Reddy,P00025,Running Shoes,Home & Kitchen,UrbanStyle,5,524.59,0.2,104.92,3.28,2206.56,Debit Card,Delivered,Columbus,OH,Australia,SELL01375
ORD0002693,11-10-2022,CUST025643,Mohit Kapoor,P00029,T-Shirt,Clothing,ReadMore,2,476.36,0.15,97.18,1.76,908.75,Debit Card,Shipped,Dallas,TX,United States,SELL00148
ORD0002694,01-12-2020,CUST022151,Kabir Joshi,P00031,Kids Toy Car,Toys & Games,BrightLux,4,539.78,0,172.73,0.53,2332.38,Debit Card,Delivered,San Antonio,TX,Canada,SELL00223
ORD0002695,14-02-2023,CUST026920,Ritika Mehta,P00017,Electric Kettle,Books,HomeEase,2,116.81,0,0,8.21,241.83,Credit Card,Delivered,San Jose,CA,United States,SELL01002
ORD0002696,21-02-2023,CUST029013,Aman Reddy,P00040,Microphone,Sports & Outdoors,Apex,2,333,0.05,0,0.72,633.42,Amazon Pay,Delivered,Austin,TX,United States,SELL01392
ORD0002697,02-02-2021,CUST019063,Priya Patel,P00026,Sunglasses,Toys & Games,FitLife,5,287.83,0.1,64.76,1.14,1361.14,Amazon Pay,Delivered,Phoenix,AZ,United States,SELL00336
ORD0002698,03-03-2022,CUST017726,Neha Reddy,P00026,Sunglasses,Electronics,Apex,4,130.47,0,41.75,13.06,576.69,Credit Card,Delivered,San Francisco,CA,Australia,SELL00890
ORD0002699,15-12-2021,CUST024611,Sneha Verma,P00020,Office Chair,Toys & Games,KiddoFun,5,303.63,0.05,72.11,10.17,1524.52,UPI,Delivered,Dallas,TX,United States,SELL00925
ORD0002700,20-02-2020,CUST028843,Simran Gupta,P00032,Board Game,Sports & Outdoors,BrightLux,3,161.45,0,58.12,11.62,554.09,Amazon Pay,Shipped,Fort Worth,TX,Canada,SELL00219
ORD0002701,11-12-2024,CUST012674,Vikas Mehta,P00036,Smart Light Bulb,Clothing,NexPro,2,475.65,0.05,45.19,12.11,961.04,Net Banking,Delivered,Los Angeles,CA,United States,SELL01217
ORD0002702,19-11-2020,CUST020815,Pooja Singh,P00049,Children's Book,Sports & Outdoors,Apex,3,577.8,0.05,131.74,1.44,1779.91,UPI,Delivered,New York,NY,United States,SELL01912
ORD0002703,27-02-2022,CUST007301,Priya Sharma,P00047,Memory Card 128GB,Clothing,NexPro,2,491.75,0.15,41.8,3.67,881.44,Credit Card,Delivered,San Diego,CA,United States,SELL01300
ORD0002704,20-05-2020,CUST039284,Aarav Reddy,P00048,Wireless Charger,Electronics,BrightLux,1,427.68,0.2,17.11,7.25,366.5,UPI,Delivered,Jacksonville,FL,United States,SELL00378
ORD0002705,14-04-2021,CUST005288,Arjun Patel,P00014,Drone Mini,Sports & Outdoors,Apex,1,344.31,0,17.22,6.71,368.24,Net Banking,Delivered,San Jose,CA,United States,SELL01456
ORD0002706,25-02-2022,CUST014288,Priya Joshi,P00017,Electric Kettle,Home & Kitchen,BrightLux,3,96.14,0.2,27.69,14.6,273.03,Credit Card,Delivered,San Jose,CA,United Kingdom,SELL01174
ORD0002707,19-09-2023,CUST030956,Sahil Sharma,P00033,Puzzle 1000pc,Home & Kitchen,CoreTech,3,591.3,0.1,0,4.75,1601.26,UPI,Shipped,Philadelphia,PA,United States,SELL00541
ORD0002708,21-08-2022,CUST038702,Neha Joshi,P00004,USB-C Charger,Clothing,FitLife,1,274.49,0.05,20.86,10.77,292.4,Credit Card,Returned,San Francisco,CA,United States,SELL01423
ORD0002709,04-10-2022,CUST022037,Priya Sharma,P00028,Jeans,Toys & Games,HomeEase,5,65.23,0.1,52.84,14.67,361.04,Credit Card,Delivered,San Antonio,TX,United States,SELL01808
ORD0002710,07-01-2021,CUST037357,Karan Gupta,P00015,Instant Pot,Sports & Outdoors,UrbanStyle,3,189.54,0.1,0,7.93,519.69,Net Banking,Delivered,Chicago,IL,United States,SELL01591
ORD0002711,06-05-2024,CUST021831,Kabir Kumar,P00002,Bluetooth Speaker,Clothing,BrightLux,5,586.52,0,234.61,4.25,3171.46,Credit Card,Delivered,Los Angeles,CA,United States,SELL00468
ORD0002712,08-05-2021,CUST020635,Aarav Reddy,P00012,Noise Cancelling Headphones,Toys & Games,Apex,1,21.94,0,1.1,7.24,30.28,UPI,Delivered,Austin,TX,United States,SELL01855
ORD0002713,11-04-2024,CUST044817,Vikas Kumar,P00033,Puzzle 1000pc,Sports & Outdoors,CoreTech,1,128.95,0,6.45,7.99,143.39,Credit Card,Delivered,Fort Worth,TX,India,SELL00742
ORD0002714,19-08-2024,CUST001768,Karan Reddy,P00042,Projector Mini,Books,BrightLux,1,423.07,0.05,72.34,9.06,483.32,Net Banking,Delivered,Jacksonville,FL,India,SELL01089
ORD0002715,20-01-2022,CUST009581,Karan Mehta,P00022,Water Bottle,Clothing,FitLife,4,438.75,0,140.4,3.5,1898.9,UPI,Delivered,Austin,TX,United States,SELL01266
ORD0002716,25-03-2023,CUST016584,Sneha Singh,P00015,Instant Pot,Toys & Games,Zenith,3,410.39,0.1,88.64,3.12,1199.81,Cash on Delivery,Delivered,Dallas,TX,United States,SELL01182
ORD0002717,17-10-2020,CUST041472,Sunita Mehta,P00048,Wireless Charger,Clothing,KiddoFun,1,304.17,0.1,49.28,1.02,324.05,Debit Card,Shipped,Washington,DC,United States,SELL00012
ORD0002718,29-07-2024,CUST031232,Sneha Gupta,P00018,Vacuum Cleaner,Home & Kitchen,Zenith,1,133.6,0,10.69,5.14,149.43,UPI,Shipped,Austin,TX,United States,SELL00169
ORD0002719,13-03-2023,CUST006642,Aditya Mehta,P00049,Children's Book,Books,ReadMore,4,154.67,0.1,100.23,11.9,668.94,Net Banking,Delivered,Dallas,TX,United States,SELL00342
ORD0002720,15-04-2020,CUST002733,Sneha Reddy,P00032,Board Game,Clothing,HomeEase,1,137.05,0.05,15.62,11.89,157.71,Debit Card,Delivered,San Antonio,TX,United States,SELL00281
ORD0002721,14-12-2023,CUST043703,Kabir Gupta,P00013,Action Camera,Sports & Outdoors,CoreTech,1,596.71,0,47.74,2.54,646.99,Credit Card,Delivered,Denver,CO,United States,SELL01467
ORD0002722,31-10-2021,CUST017448,Priya Reddy,P00018,Vacuum Cleaner,Sports & Outdoors,CoreTech,5,57.31,0,51.58,1.51,339.64,Credit Card,Delivered,Austin,TX,India,SELL01823
ORD0002723,08-08-2024,CUST022800,Pooja Mehta,P00034,Desk Organizer,Electronics,NexPro,2,456.66,0,45.67,8.52,967.51,Credit Card,Delivered,Jacksonville,FL,India,SELL00025
ORD0002724,02-01-2020,CUST031968,Rohit Verma,P00034,Desk Organizer,Toys & Games,FitLife,2,489.27,0.1,70.45,12.02,963.16,UPI,Delivered,San Antonio,TX,United States,SELL01705
ORD0002725,11-08-2021,CUST039072,Mohit Singh,P00021,Backpack,Clothing,UrbanStyle,1,17.52,0.15,1.19,0.88,16.96,Debit Card,Delivered,Chicago,IL,United States,SELL01413
ORD0002726,05-10-2021,CUST038947,Priya Verma,P00050,Novel Bestseller,Home & Kitchen,FitLife,2,6.01,0,0,6.25,18.27,Amazon Pay,Shipped,Dallas,TX,United States,SELL01328
ORD0002727,30-03-2020,CUST043840,Simran Kapoor,P00024,Yoga Mat,Home & Kitchen,FitLife,3,430.64,0,0,9.49,1301.41,Debit Card,Shipped,Chicago,IL,United States,SELL01130
ORD0002728,30-09-2023,CUST044431,Simran Gupta,P00003,Smartphone Case,Sports & Outdoors,UrbanStyle,2,583.36,0.15,178.51,7.97,1178.19,Credit Card,Delivered,San Jose,CA,United States,SELL01543
ORD0002729,15-12-2020,CUST027050,Kabir Joshi,P00025,Running Shoes,Home & Kitchen,Apex,3,260.75,0.15,119.68,6.7,791.29,Debit Card,Pending,Indianapolis,IN,United States,SELL00304
ORD0002730,22-01-2024,CUST043129,Rohit Patel,P00045,Phone Tripod,Sports & Outdoors,CoreTech,5,486.78,0.05,184.98,5.54,2502.72,Amazon Pay,Delivered,Austin,TX,United States,SELL00883
ORD0002731,10-07-2023,CUST013746,Aarav Singh,P00009,Portable SSD 1TB,Clothing,ReadMore,4,416.54,0.1,74.98,7.54,1582.06,Amazon Pay,Delivered,Chicago,IL,Australia,SELL01535
ORD0002732,06-10-2023,CUST043424,Vivaan Reddy,P00001,Wireless Earbuds,Sports & Outdoors,CoreTech,5,87.93,0,21.98,7.86,469.49,Credit Card,Returned,Seattle,WA,India,SELL00063
ORD0002733,05-02-2023,CUST013267,Aarav Singh,P00045,Phone Tripod,Books,ReadMore,2,191.43,0.1,41.35,3.06,388.98,Credit Card,Delivered,Phoenix,AZ,United States,SELL00905
ORD0002734,28-05-2024,CUST023960,Vihaan Gupta,P00033,Puzzle 1000pc,Electronics,FitLife,4,535.64,0.15,145.69,7.54,1974.41,Amazon Pay,Delivered,New York,NY,United States,SELL01187
ORD0002735,28-11-2022,CUST035778,Pooja Singh,P00017,Electric Kettle,Sports & Outdoors,Apex,5,461.69,0,277.01,2.5,2587.96,Cash on Delivery,Delivered,Houston,TX,India,SELL01559
ORD0002736,27-06-2022,CUST024981,Simran Sharma,P00028,Jeans,Toys & Games,Zenith,3,14.06,0,5.06,2.61,49.85,UPI,Delivered,Phoenix,AZ,India,SELL00535
ORD0002737,07-06-2020,CUST048636,Sneha Verma,P00012,Noise Cancelling Headphones,Sports & Outdoors,Apex,2,256.5,0,25.65,11.71,550.36,Debit Card,Shipped,Denver,CO,United Kingdom,SELL01733
ORD0002738,25-05-2024,CUST020968,Arjun Sharma,P00007,Mechanical Keyboard,Books,KiddoFun,3,49.75,0,11.94,11.65,172.84,Amazon Pay,Delivered,San Diego,CA,United States,SELL01973
ORD0002739,16-08-2022,CUST025700,Neha Kumar,P00030,Dress Shirt,Books,ReadMore,2,83.13,0.05,7.9,11.98,177.83,Credit Card,Shipped,Philadelphia,PA,United States,SELL00030
ORD0002740,07-11-2020,CUST014266,Anjali Mehta,P00002,Bluetooth Speaker,Home & Kitchen,FitLife,5,411.56,0.15,87.46,1.34,1837.93,Credit Card,Delivered,Washington,DC,United States,SELL01745
ORD0002741,18-06-2023,CUST019177,Priya Joshi,P00043,HDMI Cable 2m,Sports & Outdoors,KiddoFun,1,385.61,0,46.27,7.04,438.92,Debit Card,Delivered,Houston,TX,India,SELL00215
ORD0002742,20-03-2021,CUST009218,Vikas Joshi,P00036,Smart Light Bulb,Sports & Outdoors,NexPro,5,25.58,0.25,7.67,2.33,105.92,Credit Card,Delivered,Seattle,WA,United States,SELL00077
ORD0002743,24-10-2020,CUST000528,Vivaan Patel,P00049,Children's Book,Home & Kitchen,BrightLux,2,232.08,0,23.21,10.88,498.25,Credit Card,Shipped,Fort Worth,TX,United States,SELL00678
ORD0002744,09-08-2022,CUST044295,Aditya Singh,P00025,Running Shoes,Toys & Games,Apex,3,145.77,0,78.72,2.98,519.01,Credit Card,Pending,San Antonio,TX,United States,SELL00226
ORD0002745,05-02-2020,CUST023223,Vivaan Gupta,P00024,Yoga Mat,Toys & Games,BrightLux,2,483.08,0.15,98.55,1.86,921.65,Debit Card,Pending,Fort Worth,TX,United States,SELL01833
ORD0002746,12-01-2023,CUST007191,Sunita Verma,P00023,Cookware Set,Electronics,HomeEase,3,268.67,0.1,87.05,10.1,822.56,Credit Card,Delivered,Jacksonville,FL,United States,SELL01792
ORD0002747,15-01-2024,CUST024823,Sahil Joshi,P00020,Office Chair,Home & Kitchen,HomeEase,4,227.8,0,72.9,13.41,997.51,Debit Card,Delivered,Phoenix,AZ,United States,SELL01961
ORD0002748,03-12-2024,CUST026565,Mohit Kumar,P00040,Microphone,Home & Kitchen,Zenith,5,285.65,0.1,102.83,12.28,1400.54,Debit Card,Shipped,San Francisco,CA,United States,SELL00704
ORD0002749,09-11-2023,CUST015617,Pooja Mehta,P00015,Instant Pot,Books,FitLife,2,487.75,0.05,166.81,1.79,1095.32,Credit Card,Delivered,Houston,TX,United States,SELL01378
ORD0002750,10-04-2023,CUST033396,Aarav Verma,P00033,Puzzle 1000pc,Electronics,ReadMore,1,212.17,0.15,21.64,2.04,204.02,Amazon Pay,Delivered,Philadelphia,PA,India,SELL01175
ORD0002751,31-10-2023,CUST034885,Sneha Mehta,P00036,Smart Light Bulb,Toys & Games,UrbanStyle,2,371.02,0.3,93.5,1.84,614.77,Credit Card,Shipped,San Jose,CA,United States,SELL01732
ORD0002752,04-09-2024,CUST048781,Simran Kumar,P00030,Dress Shirt,Toys & Games,FitLife,1,78.61,0.15,5.35,11.23,83.4,Credit Card,Delivered,Denver,CO,United States,SELL01754
ORD0002753,17-10-2023,CUST039476,Vivaan Kumar,P00044,Power Bank 20000mAh,Electronics,BrightLux,1,337.28,0,16.86,7.37,361.51,Net Banking,Delivered,Houston,TX,United States,SELL01365
ORD0002754,12-07-2021,CUST045453,Simran Verma,P00037,Router,Books,BrightLux,2,384.81,0.1,83.12,7.28,783.06,Credit Card,Shipped,Austin,TX,United States,SELL01082
ORD0002755,09-06-2022,CUST008800,Aman Kumar,P00021,Backpack,Home & Kitchen,ReadMore,2,143.52,0.25,17.22,3.92,236.42,Net Banking,Returned,Los Angeles,CA,United States,SELL00492
ORD0002756,20-05-2020,CUST015927,Neha Mehta,P00022,Water Bottle,Home & Kitchen,BrightLux,2,252.54,0,40.41,3.76,549.25,Debit Card,Delivered,Charlotte,NC,United States,SELL01349
ORD0002757,05-06-2022,CUST022813,Priya Patel,P00022,Water Bottle,Electronics,UrbanStyle,2,357.69,0.1,32.19,6.77,682.8,Credit Card,Cancelled,Seattle,WA,United States,SELL00782
ORD0002758,15-02-2023,CUST021787,Mohit Sharma,P00023,Cookware Set,Sports & Outdoors,NexPro,2,208.24,0,20.82,10.68,447.98,Net Banking,Delivered,Fort Worth,TX,United States,SELL00081
ORD0002759,24-07-2023,CUST015922,Sahil Reddy,P00049,Children's Book,Clothing,HomeEase,5,93.13,0.25,17.46,13.98,380.68,UPI,Delivered,Philadelphia,PA,United States,SELL00853
ORD0002760,26-12-2021,CUST033066,Vihaan Gupta,P00013,Action Camera,Clothing,FitLife,1,25.54,0,4.6,2.81,32.95,Credit Card,Delivered,Washington,DC,India,SELL01659
ORD0002761,28-05-2023,CUST022211,Neha Gupta,P00022,Water Bottle,Electronics,ReadMore,5,226.23,0.1,50.9,5.67,1074.6,Debit Card,Delivered,Chicago,IL,United States,SELL01526
ORD0002762,15-11-2022,CUST011765,Rohit Patel,P00025,Running Shoes,Clothing,CoreTech,1,26.23,0.1,1.89,6.45,31.95,Amazon Pay,Delivered,Denver,CO,India,SELL01090
ORD0002763,04-06-2021,CUST019678,Vivaan Kumar,P00020,Office Chair,Toys & Games,ReadMore,4,162.78,0.1,70.32,13.1,669.43,Credit Card,Delivered,Jacksonville,FL,United States,SELL00643
ORD0002764,11-12-2024,CUST015498,Vihaan Kumar,P00002,Bluetooth Speaker,Sports & Outdoors,UrbanStyle,5,297.33,0,118.93,5.97,1611.55,Net Banking,Delivered,Los Angeles,CA,United Kingdom,SELL00496
ORD0002765,10-01-2020,CUST042505,Karan Patel,P00050,Novel Bestseller,Electronics,KiddoFun,5,276.38,0,110.55,5.9,1498.35,Amazon Pay,Delivered,Jacksonville,FL,United States,SELL01098
ORD0002766,10-09-2022,CUST014851,Aarav Singh,P00036,Smart Light Bulb,Electronics,UrbanStyle,3,332.52,0,49.88,4.16,1051.6,Debit Card,Shipped,Philadelphia,PA,United States,SELL00963
ORD0002767,12-01-2021,CUST032086,Pooja Kapoor,P00017,Electric Kettle,Clothing,Zenith,1,304.76,0,15.24,2.74,322.74,UPI,Delivered,Charlotte,NC,United States,SELL01795
ORD0002768,14-07-2024,CUST037958,Vihaan Mehta,P00014,Drone Mini,Toys & Games,UrbanStyle,2,287.68,0.1,93.21,8.29,619.32,Credit Card,Delivered,Los Angeles,CA,India,SELL01147
ORD0002769,18-07-2024,CUST012958,Sneha Sharma,P00036,Smart Light Bulb,Toys & Games,NexPro,3,148.49,0.25,26.73,6.9,367.73,Credit Card,Shipped,San Diego,CA,United States,SELL00872
ORD0002770,12-11-2021,CUST018434,Vivaan Kapoor,P00044,Power Bank 20000mAh,Toys & Games,NexPro,1,46.82,0.05,2.22,6.05,52.75,Credit Card,Delivered,San Antonio,TX,United States,SELL01637
ORD0002771,06-08-2021,CUST027784,Neha Kapoor,P00013,Action Camera,Sports & Outdoors,BrightLux,4,60.52,0.1,17.43,3.38,238.68,Credit Card,Delivered,San Francisco,CA,Australia,SELL01315
ORD0002772,31-05-2020,CUST028542,Arjun Patel,P00039,Graphic Tablet,Toys & Games,CoreTech,5,354.51,0.2,255.25,1.82,1675.11,Amazon Pay,Delivered,Washington,DC,United States,SELL01199
ORD0002773,20-12-2021,CUST016467,Aditya Kumar,P00042,Projector Mini,Toys & Games,UrbanStyle,2,446.44,0,0,11.48,904.36,Credit Card,Delivered,Dallas,TX,Canada,SELL00379
ORD0002774,08-12-2022,CUST020835,Mohit Joshi,P00017,Electric Kettle,Toys & Games,BrightLux,5,44.23,0,17.69,9.39,248.23,Credit Card,Delivered,San Francisco,CA,United States,SELL00377
ORD0002775,23-03-2023,CUST026386,Aditya Kapoor,P00003,Smartphone Case,Electronics,ReadMore,2,530.23,0.1,76.35,4.97,1035.73,Debit Card,Delivered,New York,NY,United States,SELL00336
ORD0002776,08-05-2022,CUST014279,Anjali Sharma,P00018,Vacuum Cleaner,Toys & Games,Apex,1,528.1,0.05,25.08,7.09,533.86,Amazon Pay,Delivered,Jacksonville,FL,United States,SELL00067
ORD0002777,09-08-2023,CUST008333,Vivaan Patel,P00046,Car Charger,Clothing,Apex,3,418.03,0.05,59.57,14.11,1265.07,UPI,Delivered,Washington,DC,United States,SELL00784
ORD0002778,22-05-2024,CUST048114,Arjun Reddy,P00002,Bluetooth Speaker,Electronics,Apex,3,308.81,0,46.32,8.59,981.34,Credit Card,Delivered,Los Angeles,CA,India,SELL01115
ORD0002779,19-02-2020,CUST011916,Vihaan Singh,P00039,Graphic Tablet,Clothing,CoreTech,4,28.66,0,9.17,5.2,129.01,Amazon Pay,Delivered,Charlotte,NC,United States,SELL00590
ORD0002780,25-10-2021,CUST034600,Neha Kumar,P00033,Puzzle 1000pc,Books,CoreTech,2,299.56,0,0,1.05,600.17,Debit Card,Shipped,New York,NY,United States,SELL00352
ORD0002781,14-06-2021,CUST023128,Anjali Reddy,P00024,Yoga Mat,Home & Kitchen,NexPro,5,398.02,0.2,79.6,12.7,1684.38,Debit Card,Cancelled,Philadelphia,PA,India,SELL01989
ORD0002782,23-06-2024,CUST038866,Vikas Joshi,P00024,Yoga Mat,Toys & Games,UrbanStyle,5,563.5,0.15,119.74,4.45,2519.06,Amazon Pay,Delivered,Washington,DC,United States,SELL00554
ORD0002783,19-12-2022,CUST026534,Rohit Sharma,P00023,Cookware Set,Electronics,HomeEase,4,39.84,0,12.75,9.46,181.57,Debit Card,Shipped,Jacksonville,FL,United States,SELL01240
ORD0002784,05-04-2023,CUST005516,Sunita Patel,P00039,Graphic Tablet,Toys & Games,NexPro,2,451.6,0,72.26,2.54,978,Debit Card,Delivered,San Diego,CA,India,SELL00749
ORD0002785,10-05-2023,CUST023321,Arjun Gupta,P00009,Portable SSD 1TB,Sports & Outdoors,ReadMore,4,381.53,0.1,109.88,3.76,1487.15,Credit Card,Cancelled,San Diego,CA,United States,SELL00328
ORD0002786,06-05-2022,CUST000931,Vivaan Joshi,P00014,Drone Mini,Home & Kitchen,UrbanStyle,4,355.23,0,0,3.02,1423.94,Credit Card,Delivered,San Diego,CA,Australia,SELL01088
ORD0002787,25-05-2020,CUST002289,Simran Reddy,P00030,Dress Shirt,Home & Kitchen,Zenith,5,24.45,0.1,5.5,4.43,119.96,Credit Card,Delivered,Denver,CO,India,SELL00366
ORD0002788,03-07-2022,CUST035440,Priya Reddy,P00022,Water Bottle,Clothing,NexPro,3,27.35,0,9.85,0.32,92.22,Amazon Pay,Delivered,Denver,CO,United States,SELL00149
ORD0002789,26-08-2024,CUST005421,Neha Kumar,P00038,External HDD 2TB,Books,NexPro,3,408.19,0.1,198.38,12.06,1312.55,Debit Card,Returned,Dallas,TX,United States,SELL01060
ORD0002790,19-09-2022,CUST015501,Ritika Singh,P00040,Microphone,Books,FitLife,1,111.89,0,8.95,7.06,127.9,Amazon Pay,Delivered,Washington,DC,United States,SELL00887
ORD0002791,02-01-2024,CUST044802,Sahil Patel,P00007,Mechanical Keyboard,Home & Kitchen,ReadMore,1,500.67,0.1,54.07,5.66,510.33,Debit Card,Delivered,Jacksonville,FL,United States,SELL01356
ORD0002792,29-08-2020,CUST046958,Anjali Joshi,P00007,Mechanical Keyboard,Home & Kitchen,BrightLux,3,266.71,0.1,36.01,3.93,760.06,Credit Card,Delivered,Indianapolis,IN,United States,SELL01888
ORD0002793,03-08-2021,CUST035722,Pooja Kapoor,P00024,Yoga Mat,Sports & Outdoors,HomeEase,2,128.52,0,30.84,5.84,293.72,UPI,Shipped,Houston,TX,United States,SELL01338
ORD0002794,17-11-2021,CUST004883,Sahil Singh,P00020,Office Chair,Home & Kitchen,ReadMore,5,514.51,0,205.8,4.15,2782.5,Debit Card,Delivered,New York,NY,India,SELL01899
ORD0002795,03-05-2024,CUST010454,Aditya Reddy,P00002,Bluetooth Speaker,Toys & Games,Apex,4,133.26,0,0,4.87,537.91,Credit Card,Delivered,Houston,TX,India,SELL01351
ORD0002796,27-04-2021,CUST006936,Arjun Joshi,P00002,Bluetooth Speaker,Toys & Games,Zenith,1,357.58,0.1,16.09,10.19,348.1,Credit Card,Shipped,Denver,CO,United States,SELL01556
ORD0002797,05-02-2023,CUST015834,Priya Gupta,P00035,Desk Plant,Sports & Outdoors,HomeEase,5,278.75,0.15,94.78,14.41,1293.88,Credit Card,Shipped,Philadelphia,PA,United States,SELL01092
ORD0002798,03-06-2023,CUST021693,Sahil Patel,P00045,Phone Tripod,Toys & Games,FitLife,4,400.92,0,192.44,9.46,1805.58,UPI,Delivered,Los Angeles,CA,India,SELL00225
ORD0002799,03-11-2021,CUST039045,Simran Sharma,P00023,Cookware Set,Electronics,HomeEase,4,205.14,0,65.64,10.59,896.79,UPI,Delivered,Seattle,WA,Australia,SELL00503
ORD0002800,22-09-2021,CUST030800,Aman Mehta,P00043,HDMI Cable 2m,Home & Kitchen,UrbanStyle,4,195.95,0.15,79.95,9.66,755.84,Credit Card,Delivered,Dallas,TX,United States,SELL01030
ORD0002801,22-10-2021,CUST040866,Mohit Sharma,P00017,Electric Kettle,Sports & Outdoors,HomeEase,1,374.35,0,0,11.67,386.02,Net Banking,Delivered,Seattle,WA,United States,SELL01328
ORD0002802,23-10-2021,CUST021862,Kabir Patel,P00047,Memory Card 128GB,Books,HomeEase,3,585.59,0.2,252.97,2.64,1661.03,Cash on Delivery,Delivered,Dallas,TX,United States,SELL01439
ORD0002803,26-12-2023,CUST022492,Kabir Kumar,P00036,Smart Light Bulb,Toys & Games,HomeEase,1,574.99,0.15,39.1,3.9,531.74,Debit Card,Delivered,Fort Worth,TX,India,SELL00904
ORD0002804,15-03-2022,CUST048192,Anjali Verma,P00014,Drone Mini,Toys & Games,ReadMore,2,41.16,0.15,5.6,7.99,83.56,Credit Card,Delivered,Philadelphia,PA,United States,SELL00425
ORD0002805,05-08-2024,CUST009740,Sahil Mehta,P00016,Air Fryer,Sports & Outdoors,NexPro,2,349.74,0,34.97,14.66,749.11,Credit Card,Delivered,San Francisco,CA,United States,SELL01466
ORD0002806,22-02-2021,CUST045691,Rohit Reddy,P00038,External HDD 2TB,Toys & Games,KiddoFun,4,16.72,0.1,4.82,4.6,69.61,Net Banking,Delivered,Phoenix,AZ,Canada,SELL01404
ORD0002807,14-09-2022,CUST005485,Neha Reddy,P00027,Winter Jacket,Books,Zenith,3,418.66,0.1,90.43,9.91,1230.72,Amazon Pay,Cancelled,San Antonio,TX,India,SELL01851
ORD0002808,18-01-2024,CUST035949,Arjun Kapoor,P00039,Graphic Tablet,Clothing,Zenith,5,433.26,0.1,155.97,3.07,2108.71,UPI,Delivered,San Diego,CA,United States,SELL01902
ORD0002809,29-03-2023,CUST016571,Priya Patel,P00001,Wireless Earbuds,Books,CoreTech,3,129.77,0,31.14,6.47,426.92,UPI,Shipped,Houston,TX,India,SELL01677
ORD0002810,26-03-2024,CUST038240,Karan Patel,P00001,Wireless Earbuds,Electronics,ReadMore,4,416.26,0,199.8,8.55,1873.39,Debit Card,Delivered,Austin,TX,United States,SELL01329
ORD0002811,11-10-2021,CUST014542,Vihaan Verma,P00002,Bluetooth Speaker,Toys & Games,CoreTech,2,54.87,0,8.78,4.02,122.54,Net Banking,Delivered,Phoenix,AZ,United States,SELL00197
ORD0002812,26-08-2022,CUST027507,Aman Verma,P00003,Smartphone Case,Books,Apex,3,86.51,0,31.14,2.47,293.14,Credit Card,Delivered,Philadelphia,PA,India,SELL00518
ORD0002813,12-08-2021,CUST032815,Vivaan Singh,P00023,Cookware Set,Books,FitLife,2,311.59,0,49.85,8.65,681.68,Credit Card,Delivered,Seattle,WA,United States,SELL00212
ORD0002814,05-01-2023,CUST019253,Mohit Sharma,P00042,Projector Mini,Sports & Outdoors,CoreTech,4,223.01,0.15,0,12.39,770.62,UPI,Shipped,Austin,TX,United States,SELL00729
ORD0002815,23-05-2021,CUST047203,Rohit Verma,P00030,Dress Shirt,Home & Kitchen,CoreTech,3,561.18,0.15,71.55,0.42,1502.98,Debit Card,Delivered,Denver,CO,United States,SELL01157
ORD0002816,16-03-2021,CUST020297,Neha Kumar,P00028,Jeans,Books,UrbanStyle,4,371.44,0.1,106.97,2.21,1446.36,UPI,Delivered,Philadelphia,PA,United States,SELL01683
ORD0002817,01-07-2023,CUST014841,Vihaan Sharma,P00044,Power Bank 20000mAh,Books,KiddoFun,3,414.01,0,149.04,3.08,1394.15,Net Banking,Delivered,Los Angeles,CA,United States,SELL01669
ORD0002818,09-07-2022,CUST003038,Ritika Mehta,P00014,Drone Mini,Clothing,KiddoFun,1,497.79,0.1,35.84,14.86,498.71,Debit Card,Delivered,Indianapolis,IN,United States,SELL00706
ORD0002819,08-02-2022,CUST003306,Neha Reddy,P00042,Projector Mini,Sports & Outdoors,Apex,2,494.44,0,49.44,2.14,1040.46,Credit Card,Delivered,Denver,CO,India,SELL01258
ORD0002820,05-09-2023,CUST029095,Kabir Kapoor,P00043,HDMI Cable 2m,Books,BrightLux,4,462.63,0.15,125.84,3.95,1702.73,Amazon Pay,Delivered,Indianapolis,IN,United States,SELL00005
ORD0002821,19-09-2020,CUST048031,Pooja Sharma,P00009,Portable SSD 1TB,Electronics,FitLife,5,434.92,0,0,1.02,2175.62,Credit Card,Delivered,Chicago,IL,India,SELL01060
ORD0002822,08-06-2024,CUST013265,Vikas Kumar,P00010,Smartwatch,Sports & Outdoors,BrightLux,2,475.99,0,76.16,3.12,1031.26,Net Banking,Shipped,San Francisco,CA,United States,SELL01152
ORD0002823,08-08-2024,CUST039129,Kabir Verma,P00041,Webcam Full HD,Home & Kitchen,KiddoFun,2,40.05,0.15,3.4,11.72,83.2,Cash on Delivery,Delivered,New York,NY,Canada,SELL01801
ORD0002824,26-04-2024,CUST022702,Aarav Kumar,P00045,Phone Tripod,Electronics,UrbanStyle,4,360.29,0,72.06,8.8,1522.02,Debit Card,Delivered,Charlotte,NC,United States,SELL01759
ORD0002825,29-10-2023,CUST027065,Neha Verma,P00005,Laptop Sleeve,Sports & Outdoors,UrbanStyle,2,415.49,0,66.48,5.11,902.57,Amazon Pay,Delivered,Los Angeles,CA,United States,SELL01251
ORD0002826,28-09-2021,CUST009893,Simran Sharma,P00048,Wireless Charger,Books,KiddoFun,4,266.55,0,53.31,12.56,1132.07,Credit Card,Delivered,Denver,CO,United States,SELL00082
ORD0002827,05-04-2023,CUST008146,Vikas Reddy,P00003,Smartphone Case,Sports & Outdoors,CoreTech,1,488.89,0,39.11,6.85,534.85,Credit Card,Delivered,San Antonio,TX,United States,SELL00211
ORD0002828,11-11-2024,CUST009629,Karan Patel,P00045,Phone Tripod,Toys & Games,FitLife,2,424.75,0,67.96,5.22,922.68,Debit Card,Delivered,Dallas,TX,United Kingdom,SELL00065
ORD0002829,03-04-2021,CUST032881,Vivaan Kapoor,P00002,Bluetooth Speaker,Clothing,CoreTech,5,53.02,0.05,20.15,14.71,286.7,Amazon Pay,Delivered,Charlotte,NC,United States,SELL01913
ORD0002830,25-09-2022,CUST037010,Pooja Reddy,P00012,Noise Cancelling Headphones,Books,Zenith,4,495.37,0.05,338.83,11.98,2233.22,Net Banking,Delivered,Charlotte,NC,United States,SELL00488
ORD0002831,27-07-2023,CUST048212,Vivaan Verma,P00039,Graphic Tablet,Electronics,KiddoFun,1,214.01,0,17.12,12.99,244.12,Credit Card,Delivered,Columbus,OH,India,SELL00033
ORD0002832,30-11-2021,CUST012029,Priya Verma,P00045,Phone Tripod,Sports & Outdoors,ReadMore,1,284.48,0.1,20.48,7.36,283.87,UPI,Cancelled,Dallas,TX,India,SELL01957
ORD0002833,28-10-2020,CUST010776,Rohit Reddy,P00028,Jeans,Sports & Outdoors,CoreTech,3,195.27,0.15,39.84,2.95,540.73,UPI,Delivered,Columbus,OH,United States,SELL01052
ORD0002834,03-04-2024,CUST018730,Vihaan Verma,P00013,Action Camera,Home & Kitchen,BrightLux,4,524.73,0.05,159.52,13.39,2166.88,Debit Card,Delivered,Washington,DC,United States,SELL00601
ORD0002835,22-05-2024,CUST014524,Sneha Reddy,P00003,Smartphone Case,Books,Apex,4,236.63,0,113.58,9.92,1070.02,UPI,Delivered,San Jose,CA,Australia,SELL01116
ORD0002836,26-05-2023,CUST010351,Sunita Kumar,P00032,Board Game,Toys & Games,FitLife,4,556.92,0.05,169.3,5.49,2291.09,Net Banking,Delivered,Houston,TX,United States,SELL00703
ORD0002837,30-01-2023,CUST032824,Rohit Reddy,P00030,Dress Shirt,Toys & Games,ReadMore,3,534.99,0.1,173.34,3.21,1621.02,Amazon Pay,Delivered,Seattle,WA,United States,SELL01106
ORD0002838,07-07-2021,CUST000581,Sneha Kapoor,P00046,Car Charger,Electronics,CoreTech,1,331.16,0.25,29.8,7.75,285.92,UPI,Delivered,Chicago,IL,India,SELL00214
ORD0002839,14-10-2020,CUST036314,Mohit Reddy,P00017,Electric Kettle,Electronics,FitLife,5,201.91,0,50.48,12.16,1072.19,Debit Card,Delivered,San Francisco,CA,United States,SELL00403
ORD0002840,05-04-2023,CUST012818,Sahil Mehta,P00022,Water Bottle,Electronics,HomeEase,3,37.44,0.15,7.64,0.35,103.46,Debit Card,Returned,Seattle,WA,United States,SELL01446
ORD0002841,12-09-2021,CUST012004,Vihaan Kapoor,P00035,Desk Plant,Sports & Outdoors,NexPro,4,22,0,15.84,10.13,113.97,Amazon Pay,Delivered,New York,NY,United States,SELL01389
ORD0002842,02-10-2022,CUST012737,Vikas Joshi,P00016,Air Fryer,Home & Kitchen,Zenith,4,509.11,0.05,154.77,10.06,2099.45,Debit Card,Delivered,Indianapolis,IN,United States,SELL01331
ORD0002843,05-02-2020,CUST040330,Karan Verma,P00032,Board Game,Toys & Games,ReadMore,4,376.47,0,120.47,0.7,1627.05,Credit Card,Cancelled,New York,NY,India,SELL01278
ORD0002844,13-01-2022,CUST010129,Mohit Singh,P00036,Smart Light Bulb,Books,Apex,5,175.68,0.05,100.14,2.25,936.87,Debit Card,Delivered,Phoenix,AZ,United States,SELL00771
ORD0002845,30-10-2024,CUST024122,Sahil Mehta,P00003,Smartphone Case,Home & Kitchen,Zenith,4,117.57,0.2,18.81,4.82,399.85,Net Banking,Returned,San Diego,CA,United States,SELL00336
ORD0002846,18-12-2020,CUST046243,Aman Patel,P00009,Portable SSD 1TB,Books,BrightLux,3,44.31,0,10.63,3.88,147.44,Amazon Pay,Delivered,Phoenix,AZ,United States,SELL01229
ORD0002847,26-08-2024,CUST001668,Mohit Reddy,P00021,Backpack,Sports & Outdoors,HomeEase,4,257.63,0,51.53,6.92,1088.97,Amazon Pay,Delivered,San Jose,CA,United States,SELL01828
ORD0002848,13-03-2020,CUST028588,Kabir Joshi,P00030,Dress Shirt,Books,Zenith,1,213.04,0.3,11.93,8.94,170,Credit Card,Delivered,Dallas,TX,United States,SELL01479
ORD0002849,09-10-2021,CUST008411,Vikas Patel,P00043,HDMI Cable 2m,Toys & Games,BrightLux,1,267.4,0,0,7.58,274.98,Cash on Delivery,Delivered,Chicago,IL,United States,SELL01122
ORD0002850,08-10-2023,CUST041852,Sahil Patel,P00009,Portable SSD 1TB,Electronics,CoreTech,1,298.14,0,14.91,3.92,316.97,Net Banking,Delivered,Dallas,TX,United States,SELL00275
ORD0002851,29-12-2022,CUST004427,Vikas Mehta,P00034,Desk Organizer,Toys & Games,UrbanStyle,4,387.43,0.05,73.61,6.75,1552.59,Amazon Pay,Delivered,Austin,TX,United States,SELL00416
ORD0002852,28-02-2021,CUST032195,Karan Patel,P00011,Fitness Band,Electronics,ReadMore,3,205.88,0.1,0,12.37,568.25,Cash on Delivery,Delivered,San Diego,CA,India,SELL01575
ORD0002853,25-09-2022,CUST032028,Kabir Kumar,P00003,Smartphone Case,Home & Kitchen,BrightLux,1,26.89,0.15,4.11,0.16,27.13,UPI,Delivered,Los Angeles,CA,United States,SELL00187
ORD0002854,08-12-2021,CUST038027,Ritika Reddy,P00044,Power Bank 20000mAh,Home & Kitchen,UrbanStyle,1,287.28,0.05,0,5.68,278.6,Cash on Delivery,Shipped,Seattle,WA,Canada,SELL00722
ORD0002855,09-12-2024,CUST044547,Rohit Mehta,P00038,External HDD 2TB,Toys & Games,Zenith,2,336.79,0.1,72.75,10.53,689.5,Credit Card,Delivered,Jacksonville,FL,Australia,SELL00765
ORD0002856,14-07-2021,CUST039416,Sahil Gupta,P00042,Projector Mini,Toys & Games,ReadMore,5,144.97,0,36.24,8.79,769.88,UPI,Returned,San Diego,CA,United States,SELL00172
ORD0002857,07-04-2022,CUST013668,Vikas Joshi,P00040,Microphone,Toys & Games,CoreTech,4,195.59,0,62.59,11.94,856.89,Debit Card,Delivered,Houston,TX,Australia,SELL01169
ORD0002858,23-07-2024,CUST024323,Simran Mehta,P00029,T-Shirt,Home & Kitchen,HomeEase,4,429.37,0,85.87,4.98,1808.33,Debit Card,Returned,Phoenix,AZ,India,SELL00772
ORD0002859,13-08-2022,CUST033612,Aarav Sharma,P00022,Water Bottle,Sports & Outdoors,Apex,4,251.22,0.25,90.44,11.85,855.95,Debit Card,Delivered,New York,NY,United States,SELL00850
ORD0002860,31-05-2021,CUST012300,Priya Kapoor,P00012,Noise Cancelling Headphones,Toys & Games,BrightLux,1,271.38,0,32.57,13.17,317.12,Amazon Pay,Delivered,Dallas,TX,India,SELL00104
ORD0002861,03-03-2021,CUST026545,Aarav Reddy,P00002,Bluetooth Speaker,Electronics,UrbanStyle,3,388.18,0,58.23,6.58,1229.35,Cash on Delivery,Delivered,San Francisco,CA,United States,SELL00807
ORD0002862,11-04-2024,CUST036280,Arjun Gupta,P00031,Kids Toy Car,Clothing,UrbanStyle,1,446.81,0.3,25.02,6.97,344.76,Amazon Pay,Delivered,Los Angeles,CA,United States,SELL00320
ORD0002863,08-06-2020,CUST039477,Aarav Gupta,P00027,Winter Jacket,Toys & Games,NexPro,3,323.11,0.2,38.77,14.81,829.04,Debit Card,Delivered,Los Angeles,CA,India,SELL01835
ORD0002864,28-05-2020,CUST001120,Sneha Kumar,P00039,Graphic Tablet,Electronics,NexPro,4,392.49,0.05,178.98,0.55,1670.99,Net Banking,Delivered,Phoenix,AZ,United Kingdom,SELL00048
ORD0002865,14-02-2022,CUST042096,Anjali Sharma,P00021,Backpack,Books,ReadMore,2,490.04,0.1,70.57,5.77,958.41,Credit Card,Delivered,Jacksonville,FL,Canada,SELL00599
ORD0002866,07-06-2023,CUST038803,Pooja Reddy,P00044,Power Bank 20000mAh,Home & Kitchen,HomeEase,3,84.26,0,30.33,0.35,283.46,Cash on Delivery,Delivered,Washington,DC,United States,SELL01277
ORD0002867,01-10-2024,CUST013359,Aman Reddy,P00032,Board Game,Sports & Outdoors,FitLife,5,103.76,0.2,0,10.04,425.08,Credit Card,Delivered,Charlotte,NC,Canada,SELL00801
ORD0002868,04-05-2024,CUST036534,Ritika Kapoor,P00050,Novel Bestseller,Electronics,Zenith,2,380.71,0.1,0,1.16,686.44,Debit Card,Delivered,Charlotte,NC,India,SELL01286
ORD0002869,07-03-2020,CUST024299,Arjun Verma,P00037,Router,Electronics,FitLife,3,576.24,0,0,10.53,1739.25,Credit Card,Delivered,San Antonio,TX,United States,SELL01864
ORD0002870,10-10-2022,CUST006398,Vivaan Joshi,P00006,Gaming Mouse,Home & Kitchen,FitLife,1,10.04,0.05,1.14,6.9,17.58,UPI,Delivered,San Francisco,CA,United States,SELL00839
ORD0002871,15-01-2021,CUST013831,Vikas Singh,P00048,Wireless Charger,Home & Kitchen,HomeEase,5,179.67,0,0,9.31,907.66,Debit Card,Pending,Charlotte,NC,United States,SELL00577
ORD0002872,27-02-2020,CUST010072,Arjun Gupta,P00036,Smart Light Bulb,Clothing,Zenith,2,173.28,0,27.72,12.67,386.95,Credit Card,Delivered,Austin,TX,United States,SELL00424
ORD0002873,06-07-2023,CUST030119,Vikas Kapoor,P00020,Office Chair,Home & Kitchen,UrbanStyle,3,96.8,0,14.52,14.4,319.32,Credit Card,Delivered,Charlotte,NC,United States,SELL01758
ORD0002874,07-12-2020,CUST022816,Sneha Kumar,P00014,Drone Mini,Home & Kitchen,NexPro,4,303.98,0.05,0,10.21,1165.33,Cash on Delivery,Shipped,Seattle,WA,United States,SELL01555
ORD0002875,27-02-2023,CUST046386,Pooja Gupta,P00039,Graphic Tablet,Electronics,NexPro,5,380.95,0.05,217.14,2.42,2029.07,Debit Card,Shipped,Denver,CO,India,SELL01142
ORD0002876,27-12-2021,CUST018323,Aditya Kapoor,P00050,Novel Bestseller,Clothing,NexPro,2,372.54,0.15,31.67,12.96,677.95,Debit Card,Delivered,Los Angeles,CA,United States,SELL01120
ORD0002877,10-04-2023,CUST014710,Sunita Kapoor,P00008,4K Monitor,Home & Kitchen,ReadMore,3,578.83,0.05,131.97,6.57,1788.21,Credit Card,Delivered,Houston,TX,United States,SELL00400
ORD0002878,08-02-2022,CUST033798,Rohit Verma,P00033,Puzzle 1000pc,Books,KiddoFun,3,174.31,0,62.75,10.09,595.77,Debit Card,Cancelled,San Diego,CA,United States,SELL01454
ORD0002879,05-09-2021,CUST001505,Anjali Joshi,P00023,Cookware Set,Home & Kitchen,Apex,2,329.65,0,79.12,14.19,752.61,Amazon Pay,Returned,San Diego,CA,United States,SELL00334
ORD0002880,17-05-2023,CUST033633,Mohit Joshi,P00002,Bluetooth Speaker,Electronics,BrightLux,5,48.79,0.15,24.88,14.58,246.82,Debit Card,Delivered,Charlotte,NC,United States,SELL00616
ORD0002881,19-12-2020,CUST018575,Ritika Verma,P00039,Graphic Tablet,Toys & Games,Apex,1,396.14,0,19.81,11.19,427.14,Net Banking,Delivered,Columbus,OH,United Kingdom,SELL01177
ORD0002882,03-02-2024,CUST047807,Kabir Gupta,P00003,Smartphone Case,Clothing,UrbanStyle,2,506.81,0.05,0,3.23,966.17,Credit Card,Delivered,Columbus,OH,United States,SELL01790
ORD0002883,26-12-2024,CUST043179,Vivaan Kapoor,P00045,Phone Tripod,Toys & Games,FitLife,1,566.21,0,28.31,0.31,594.83,Credit Card,Delivered,New York,NY,India,SELL01667
ORD0002884,25-04-2020,CUST016874,Sunita Verma,P00030,Dress Shirt,Toys & Games,CoreTech,3,338.41,0.05,77.16,4.69,1046.32,Debit Card,Cancelled,Denver,CO,Australia,SELL01841
ORD0002885,11-07-2023,CUST030816,Vivaan Patel,P00044,Power Bank 20000mAh,Books,NexPro,3,419.91,0.2,50.39,5.22,1063.39,UPI,Delivered,Chicago,IL,United States,SELL00010
ORD0002886,23-10-2021,CUST007128,Vikas Mehta,P00017,Electric Kettle,Home & Kitchen,Apex,5,502.63,0.05,429.75,8.95,2826.19,Debit Card,Shipped,Columbus,OH,India,SELL00344
ORD0002887,05-01-2024,CUST021699,Karan Verma,P00013,Action Camera,Electronics,Apex,1,508.6,0,25.43,8.4,542.43,Net Banking,Delivered,Charlotte,NC,United States,SELL01090
ORD0002888,20-04-2024,CUST026884,Sneha Kapoor,P00031,Kids Toy Car,Sports & Outdoors,KiddoFun,2,173.83,0,41.72,2.48,391.86,UPI,Delivered,Austin,TX,United States,SELL01112
ORD0002889,28-03-2021,CUST009734,Aarav Mehta,P00036,Smart Light Bulb,Home & Kitchen,BrightLux,3,393.23,0.15,120.33,12.22,1135.29,UPI,Delivered,San Antonio,TX,India,SELL00837
ORD0002890,09-02-2024,CUST031803,Vivaan Gupta,P00036,Smart Light Bulb,Electronics,Apex,4,564.52,0,270.97,6.64,2535.69,Net Banking,Returned,Seattle,WA,India,SELL00777
ORD0002891,13-10-2020,CUST022265,Aman Sharma,P00039,Graphic Tablet,Toys & Games,ReadMore,2,561.98,0.1,121.39,12.2,1145.15,Net Banking,Delivered,Los Angeles,CA,United States,SELL01008
ORD0002892,19-08-2023,CUST028724,Anjali Reddy,P00042,Projector Mini,Toys & Games,NexPro,5,115.84,0.05,27.51,13.03,590.78,UPI,Delivered,Denver,CO,United States,SELL01283
ORD0002893,13-10-2022,CUST004883,Ritika Singh,P00039,Graphic Tablet,Sports & Outdoors,KiddoFun,4,553.85,0,110.77,9.87,2336.04,Debit Card,Delivered,Houston,TX,United States,SELL00801
ORD0002894,06-11-2020,CUST005936,Anjali Reddy,P00043,HDMI Cable 2m,Electronics,Zenith,3,560.86,0,302.86,14.82,2000.26,Credit Card,Delivered,Los Angeles,CA,India,SELL00502
ORD0002895,26-07-2020,CUST036057,Sneha Singh,P00017,Electric Kettle,Books,HomeEase,3,335.5,0.15,102.66,4.99,963.18,Credit Card,Delivered,Los Angeles,CA,India,SELL00028
ORD0002896,09-09-2021,CUST015031,Vivaan Mehta,P00046,Car Charger,Sports & Outdoors,NexPro,2,131.41,0,13.14,8.4,284.36,Amazon Pay,Delivered,Chicago,IL,United States,SELL00010
ORD0002897,21-03-2021,CUST030809,Simran Kapoor,P00034,Desk Organizer,Books,HomeEase,5,36.19,0,32.57,3.39,216.91,Credit Card,Delivered,San Jose,CA,India,SELL00949
ORD0002898,31-10-2021,CUST046523,Ritika Reddy,P00009,Portable SSD 1TB,Books,FitLife,3,119.51,0,28.68,2.09,389.3,Credit Card,Delivered,Dallas,TX,United States,SELL01356
ORD0002899,24-09-2021,CUST024614,Aditya Kumar,P00043,HDMI Cable 2m,Toys & Games,HomeEase,3,85.26,0,46.04,9.89,311.71,Amazon Pay,Delivered,Columbus,OH,United States,SELL00490
ORD0002900,24-02-2020,CUST028756,Karan Gupta,P00022,Water Bottle,Home & Kitchen,UrbanStyle,4,119.61,0.25,17.94,2.17,378.94,Debit Card,Delivered,Los Angeles,CA,United States,SELL00008
ORD0002901,30-06-2022,CUST042885,Sunita Singh,P00027,Winter Jacket,Home & Kitchen,FitLife,3,583.39,0,210.02,11.56,1971.75,Credit Card,Delivered,Jacksonville,FL,United States,SELL01353
ORD0002902,01-11-2022,CUST015468,Arjun Patel,P00031,Kids Toy Car,Home & Kitchen,HomeEase,3,102.34,0,24.56,13.6,345.18,UPI,Delivered,Houston,TX,United States,SELL00922
ORD0002903,18-10-2021,CUST021490,Aditya Joshi,P00003,Smartphone Case,Clothing,CoreTech,5,318.5,0.05,75.64,8.84,1597.36,UPI,Delivered,Chicago,IL,Australia,SELL00610
ORD0002904,24-11-2023,CUST048803,Ritika Sharma,P00047,Memory Card 128GB,Toys & Games,BrightLux,5,144.67,0,57.87,8.4,789.62,UPI,Shipped,Charlotte,NC,Canada,SELL00429
ORD0002905,29-07-2024,CUST031429,Sahil Mehta,P00034,Desk Organizer,Clothing,KiddoFun,1,48.93,0,2.45,4.35,55.73,Debit Card,Delivered,Houston,TX,United States,SELL00501
ORD0002906,06-09-2022,CUST003837,Pooja Verma,P00049,Children's Book,Sports & Outdoors,FitLife,4,149.84,0,29.97,14.38,643.71,UPI,Shipped,Columbus,OH,India,SELL00708
ORD0002907,29-05-2021,CUST021219,Sunita Reddy,P00038,External HDD 2TB,Toys & Games,Zenith,4,414.21,0.25,99.41,14.03,1356.07,UPI,Delivered,San Diego,CA,United Kingdom,SELL01937
ORD0002908,06-08-2024,CUST022313,Karan Singh,P00026,Sunglasses,Electronics,ReadMore,5,123.26,0.15,41.91,13.77,579.54,Net Banking,Delivered,Washington,DC,United States,SELL00031
ORD0002909,14-04-2024,CUST025248,Arjun Joshi,P00019,LED Desk Lamp,Toys & Games,KiddoFun,5,91.46,0.25,0,14.89,357.86,UPI,Delivered,Los Angeles,CA,United States,SELL00416
ORD0002910,24-08-2020,CUST020510,Sahil Kumar,P00004,USB-C Charger,Electronics,NexPro,3,65.52,0.1,14.15,12.33,203.38,Cash on Delivery,Delivered,San Jose,CA,India,SELL01060
ORD0002911,26-07-2023,CUST000628,Neha Mehta,P00027,Winter Jacket,Toys & Games,NexPro,4,92.41,0,44.36,3.31,417.31,Debit Card,Shipped,Dallas,TX,United States,SELL01760
ORD0002912,13-12-2020,CUST045052,Ritika Kumar,P00044,Power Bank 20000mAh,Toys & Games,HomeEase,2,24.15,0.25,4.35,0.05,40.62,Credit Card,Delivered,Charlotte,NC,United States,SELL01711
ORD0002913,18-09-2021,CUST038055,Sahil Kapoor,P00049,Children's Book,Books,CoreTech,2,115.2,0,27.65,12.03,270.08,Net Banking,Delivered,Los Angeles,CA,United States,SELL00559
ORD0002914,01-02-2023,CUST028765,Aman Kumar,P00011,Fitness Band,Clothing,Zenith,4,551.17,0.05,104.72,1.79,2200.96,Amazon Pay,Delivered,Indianapolis,IN,Canada,SELL00321
ORD0002915,21-09-2021,CUST010458,Sneha Verma,P00038,External HDD 2TB,Clothing,Apex,1,598.13,0,107.66,0.65,706.44,Credit Card,Delivered,Austin,TX,United States,SELL00229
ORD0002916,20-03-2024,CUST019545,Pooja Mehta,P00030,Dress Shirt,Clothing,CoreTech,4,445.09,0,89.02,13.54,1882.92,Amazon Pay,Delivered,Indianapolis,IN,United States,SELL01599
ORD0002917,25-06-2023,CUST020152,Anjali Kapoor,P00021,Backpack,Books,Zenith,4,328.49,0.05,0,9.22,1257.48,Amazon Pay,Delivered,Jacksonville,FL,United States,SELL00066
ORD0002918,29-12-2020,CUST038610,Aditya Verma,P00022,Water Bottle,Electronics,CoreTech,2,43.56,0,6.97,3.17,97.26,Credit Card,Delivered,New York,NY,United States,SELL00486
ORD0002919,16-11-2020,CUST025462,Karan Mehta,P00024,Yoga Mat,Home & Kitchen,ReadMore,2,490.76,0,49.08,7.83,1038.43,Net Banking,Delivered,Houston,TX,United States,SELL00034
ORD0002920,14-07-2024,CUST006426,Vikas Patel,P00032,Board Game,Books,BrightLux,1,113.63,0,9.09,11.02,133.74,Credit Card,Cancelled,Columbus,OH,United States,SELL01720
ORD0002921,12-10-2020,CUST024965,Rohit Patel,P00011,Fitness Band,Sports & Outdoors,ReadMore,1,442.34,0,0,12.55,454.89,Credit Card,Delivered,Fort Worth,TX,United States,SELL00023
ORD0002922,28-05-2020,CUST016056,Vikas Kapoor,P00037,Router,Home & Kitchen,BrightLux,4,588.28,0.15,100.01,0.49,2100.65,Amazon Pay,Delivered,Columbus,OH,United Kingdom,SELL00176
ORD0002923,12-01-2023,CUST021409,Aarav Gupta,P00029,T-Shirt,Home & Kitchen,FitLife,2,493.31,0,177.59,12.94,1177.15,Amazon Pay,Returned,Washington,DC,Canada,SELL01909
ORD0002924,09-02-2021,CUST031593,Mohit Patel,P00019,LED Desk Lamp,Clothing,Zenith,5,369.18,0.15,78.45,0.92,1648.39,Credit Card,Shipped,San Francisco,CA,United States,SELL00947
ORD0002925,04-09-2022,CUST043145,Kabir Joshi,P00008,4K Monitor,Toys & Games,Zenith,3,116.23,0,17.43,13.03,379.15,Debit Card,Shipped,San Jose,CA,United States,SELL00853
ORD0002926,31-03-2021,CUST005453,Kabir Singh,P00029,T-Shirt,Sports & Outdoors,BrightLux,1,597.54,0,47.8,14.63,659.97,Credit Card,Delivered,Phoenix,AZ,Canada,SELL00647
ORD0002927,01-11-2024,CUST037483,Simran Sharma,P00005,Laptop Sleeve,Toys & Games,NexPro,5,63.39,0,57.05,10.44,384.44,Credit Card,Pending,Columbus,OH,United States,SELL01249
ORD0002928,10-03-2022,CUST024988,Sneha Kumar,P00036,Smart Light Bulb,Clothing,BrightLux,1,448.88,0,22.44,0.55,471.87,Cash on Delivery,Delivered,Houston,TX,United States,SELL01375
ORD0002929,30-03-2023,CUST024983,Vikas Singh,P00029,T-Shirt,Home & Kitchen,HomeEase,5,170.85,0.1,61.51,7.05,837.38,Credit Card,Delivered,Washington,DC,India,SELL00152
ORD0002930,09-10-2022,CUST012888,Aditya Verma,P00016,Air Fryer,Home & Kitchen,Zenith,5,13.83,0.1,7.47,11.19,80.9,Credit Card,Shipped,Philadelphia,PA,United States,SELL01610
ORD0002931,22-02-2022,CUST040957,Vivaan Kumar,P00035,Desk Plant,Toys & Games,FitLife,4,199.94,0,95.97,13.37,909.1,Amazon Pay,Delivered,San Jose,CA,United States,SELL00224
ORD0002932,04-04-2021,CUST009341,Kabir Singh,P00018,Vacuum Cleaner,Home & Kitchen,NexPro,5,394.56,0,157.82,4.73,2135.35,Debit Card,Delivered,Dallas,TX,United States,SELL01741
ORD0002933,22-04-2024,CUST019054,Priya Sharma,P00013,Action Camera,Books,HomeEase,5,551.82,0,496.64,4.97,3260.71,Amazon Pay,Shipped,San Jose,CA,United States,SELL00733
ORD0002934,03-03-2024,CUST036347,Anjali Verma,P00021,Backpack,Sports & Outdoors,FitLife,2,32.15,0,5.14,3.97,73.41,Net Banking,Shipped,San Jose,CA,United States,SELL00905
ORD0002935,07-01-2022,CUST035888,Priya Joshi,P00042,Projector Mini,Toys & Games,HomeEase,5,488.79,0,439.91,14.26,2898.12,UPI,Delivered,Phoenix,AZ,United States,SELL00124
ORD0002936,23-05-2021,CUST036030,Neha Sharma,P00010,Smartwatch,Sports & Outdoors,HomeEase,2,329.06,0.05,0,7.05,632.26,Credit Card,Delivered,San Jose,CA,United States,SELL01983
ORD0002937,04-08-2024,CUST007791,Anjali Kumar,P00034,Desk Organizer,Electronics,Zenith,1,291.64,0.15,0,9.48,257.37,Credit Card,Returned,San Antonio,TX,India,SELL01821
ORD0002938,25-04-2021,CUST016384,Sahil Kumar,P00022,Water Bottle,Sports & Outdoors,Zenith,2,452.55,0.3,50.69,9.26,693.52,Credit Card,Delivered,San Diego,CA,United States,SELL01307
ORD0002939,13-08-2024,CUST013809,Rohit Reddy,P00039,Graphic Tablet,Clothing,Apex,2,144.26,0.25,17.31,0.64,234.34,Credit Card,Shipped,Dallas,TX,United States,SELL00991
ORD0002940,23-04-2020,CUST022597,Aman Gupta,P00049,Children's Book,Toys & Games,Zenith,1,402.77,0.1,65.25,6.28,434.02,Credit Card,Pending,Phoenix,AZ,United States,SELL00274
ORD0002941,18-01-2022,CUST043704,Sahil Joshi,P00044,Power Bank 20000mAh,Home & Kitchen,CoreTech,2,191.46,0,45.95,14.31,443.18,Debit Card,Delivered,New York,NY,United States,SELL01060
ORD0002942,20-05-2024,CUST045940,Kabir Singh,P00012,Noise Cancelling Headphones,Electronics,FitLife,2,382.89,0,91.89,4.52,862.19,Amazon Pay,Delivered,San Jose,CA,United States,SELL01191
ORD0002943,26-12-2020,CUST009892,Aarav Mehta,P00024,Yoga Mat,Home & Kitchen,UrbanStyle,5,18.84,0,11.3,1.48,106.98,Credit Card,Delivered,Jacksonville,FL,United States,SELL00716
ORD0002944,06-12-2020,CUST031741,Ritika Reddy,P00018,Vacuum Cleaner,Home & Kitchen,ReadMore,2,564.26,0.1,0,5.08,1020.75,Credit Card,Delivered,Chicago,IL,United States,SELL01860
ORD0002945,08-02-2022,CUST031453,Vivaan Gupta,P00037,Router,Books,CoreTech,5,547.87,0.05,130.12,1.55,2734.05,UPI,Delivered,Dallas,TX,United States,SELL01365
ORD0002946,30-01-2022,CUST046299,Mohit Sharma,P00036,Smart Light Bulb,Sports & Outdoors,BrightLux,4,561.96,0.2,143.86,5.56,1947.69,Amazon Pay,Shipped,San Diego,CA,United States,SELL00970
ORD0002947,26-08-2022,CUST024122,Priya Kumar,P00003,Smartphone Case,Books,ReadMore,4,49.42,0.2,12.65,6.92,177.71,Credit Card,Shipped,Dallas,TX,United States,SELL00564
ORD0002948,24-03-2021,CUST007670,Kabir Gupta,P00045,Phone Tripod,Sports & Outdoors,CoreTech,2,96.45,0.05,9.16,0.41,192.82,UPI,Delivered,Phoenix,AZ,India,SELL01286
ORD0002949,14-04-2022,CUST019732,Vivaan Joshi,P00002,Bluetooth Speaker,Books,ReadMore,1,541.25,0.05,25.71,1.07,540.97,Credit Card,Delivered,Indianapolis,IN,United States,SELL01175
ORD0002950,18-04-2023,CUST008610,Aarav Verma,P00004,USB-C Charger,Toys & Games,NexPro,1,436.66,0.15,66.81,1.53,439.5,Amazon Pay,Shipped,San Antonio,TX,Australia,SELL00138
ORD0002951,21-09-2024,CUST005540,Sunita Gupta,P00004,USB-C Charger,Books,Apex,3,274.04,0.1,0,11.61,751.52,Credit Card,Delivered,Philadelphia,PA,United States,SELL01639
ORD0002952,01-12-2023,CUST043735,Vikas Verma,P00039,Graphic Tablet,Clothing,UrbanStyle,3,180.7,0,0,13.08,555.18,UPI,Shipped,Philadelphia,PA,United States,SELL00082
ORD0002953,16-08-2024,CUST001185,Aarav Gupta,P00035,Desk Plant,Clothing,Zenith,1,508.96,0.15,51.91,14.16,498.69,UPI,Delivered,San Antonio,TX,United States,SELL01315
ORD0002954,04-05-2023,CUST005187,Sunita Kumar,P00033,Puzzle 1000pc,Clothing,BrightLux,5,496.5,0,297.9,2.18,2782.58,Amazon Pay,Delivered,Austin,TX,United States,SELL00452
ORD0002955,29-01-2024,CUST033083,Sunita Reddy,P00012,Noise Cancelling Headphones,Sports & Outdoors,FitLife,2,164.32,0.05,24.98,10.63,347.82,Net Banking,Delivered,Los Angeles,CA,India,SELL00665
ORD0002956,06-11-2020,CUST029005,Vihaan Patel,P00049,Children's Book,Electronics,UrbanStyle,3,297.62,0.05,67.86,5.96,922.04,UPI,Shipped,Philadelphia,PA,United States,SELL01581
ORD0002957,18-09-2020,CUST040214,Neha Kapoor,P00011,Fitness Band,Home & Kitchen,BrightLux,2,375.99,0,135.36,4.96,892.3,Debit Card,Delivered,Austin,TX,United States,SELL00793
ORD0002958,13-12-2023,CUST047160,Sahil Verma,P00046,Car Charger,Sports & Outdoors,FitLife,2,74.66,0.05,11.35,7.62,160.82,Debit Card,Pending,Fort Worth,TX,United States,SELL00703
ORD0002959,09-02-2021,CUST043397,Mohit Kumar,P00013,Action Camera,Electronics,CoreTech,5,579.5,0,231.8,14.3,3143.6,Cash on Delivery,Delivered,Washington,DC,India,SELL00332
ORD0002960,22-05-2020,CUST016977,Aman Joshi,P00003,Smartphone Case,Books,KiddoFun,4,476.02,0,152.33,5.72,2062.13,UPI,Shipped,Los Angeles,CA,United States,SELL00955
ORD0002961,07-12-2020,CUST039851,Sahil Sharma,P00030,Dress Shirt,Books,NexPro,1,395.44,0,31.64,14.73,441.81,Debit Card,Shipped,Seattle,WA,United States,SELL01799
ORD0002962,01-09-2023,CUST018122,Vivaan Kumar,P00037,Router,Clothing,NexPro,3,518.6,0,186.7,11.65,1754.15,Credit Card,Delivered,Jacksonville,FL,United States,SELL00974
ORD0002963,29-01-2023,CUST031671,Aman Gupta,P00047,Memory Card 128GB,Electronics,Zenith,3,98.29,0,35.38,10.74,340.99,Credit Card,Delivered,Fort Worth,TX,Australia,SELL00463
ORD0002964,31-08-2020,CUST033499,Anjali Joshi,P00020,Office Chair,Sports & Outdoors,ReadMore,4,408.07,0,195.87,12.98,1841.13,Debit Card,Delivered,New York,NY,United States,SELL00330
ORD0002965,04-05-2021,CUST045583,Sunita Singh,P00029,T-Shirt,Clothing,Apex,4,63.01,0,30.24,1.47,283.75,UPI,Delivered,San Antonio,TX,United States,SELL01519
ORD0002966,12-01-2020,CUST003693,Aarav Patel,P00021,Backpack,Sports & Outdoors,Apex,3,114.32,0.25,0,11.53,268.75,Debit Card,Delivered,Indianapolis,IN,India,SELL01530
ORD0002967,16-06-2023,CUST028041,Vikas Patel,P00026,Sunglasses,Books,FitLife,1,158.22,0,12.66,13.47,184.35,Credit Card,Delivered,Seattle,WA,United States,SELL00515
ORD0002968,14-07-2021,CUST004220,Priya Kumar,P00005,Laptop Sleeve,Toys & Games,NexPro,3,313.53,0.25,126.98,1.98,834.4,Cash on Delivery,Delivered,Phoenix,AZ,Australia,SELL01472
ORD0002969,11-02-2020,CUST003143,Aman Gupta,P00041,Webcam Full HD,Books,Apex,1,84.93,0.05,4.03,2.45,87.16,Credit Card,Delivered,San Jose,CA,United States,SELL00838
ORD0002970,08-11-2021,CUST042681,Vivaan Gupta,P00014,Drone Mini,Electronics,CoreTech,2,394.13,0.05,37.44,9.1,795.39,Credit Card,Delivered,Austin,TX,United States,SELL00620
ORD0002971,16-08-2021,CUST019881,Sunita Sharma,P00026,Sunglasses,Books,Apex,5,72.6,0.05,0,12.99,357.84,UPI,Pending,Washington,DC,United States,SELL01081
ORD0002972,23-12-2023,CUST002960,Sahil Gupta,P00030,Dress Shirt,Clothing,ReadMore,3,171.63,0,92.68,2.6,610.17,Credit Card,Shipped,Charlotte,NC,United Kingdom,SELL01766
ORD0002973,27-03-2023,CUST041288,Sneha Singh,P00016,Air Fryer,Home & Kitchen,ReadMore,2,446.72,0.05,0,8.17,856.94,Debit Card,Delivered,Phoenix,AZ,United States,SELL01174
ORD0002974,24-05-2023,CUST006711,Anjali Mehta,P00013,Action Camera,Clothing,Apex,2,421.52,0.15,57.33,1.64,775.55,Debit Card,Delivered,New York,NY,United States,SELL01881
ORD0002975,20-08-2024,CUST005084,Arjun Verma,P00039,Graphic Tablet,Sports & Outdoors,BrightLux,3,539.95,0.15,110.15,1.98,1489,Credit Card,Delivered,Columbus,OH,United States,SELL01755
ORD0002976,25-01-2024,CUST008647,Sunita Reddy,P00037,Router,Home & Kitchen,Apex,1,352.54,0.05,26.79,10.13,371.83,Credit Card,Shipped,Fort Worth,TX,United States,SELL01309
ORD0002977,13-05-2020,CUST023202,Kabir Kumar,P00027,Winter Jacket,Toys & Games,Apex,3,522.95,0.1,70.6,13.19,1495.76,Amazon Pay,Delivered,Charlotte,NC,United States,SELL00993
ORD0002978,26-12-2022,CUST025313,Karan Kumar,P00043,HDMI Cable 2m,Toys & Games,FitLife,5,513.02,0,128.26,10.23,2703.59,Credit Card,Delivered,Jacksonville,FL,United States,SELL01213
ORD0002979,27-10-2022,CUST009348,Ritika Singh,P00006,Gaming Mouse,Sports & Outdoors,BrightLux,2,275.82,0,0,8.04,559.68,Credit Card,Delivered,San Diego,CA,United States,SELL00223
ORD0002980,05-08-2022,CUST041062,Karan Gupta,P00039,Graphic Tablet,Electronics,NexPro,1,512.13,0.05,87.57,3.04,577.13,Amazon Pay,Delivered,San Jose,CA,United States,SELL01325
ORD0002981,29-03-2024,CUST026458,Kabir Patel,P00023,Cookware Set,Sports & Outdoors,Zenith,3,429.99,0,64.5,11.66,1366.13,Debit Card,Delivered,Chicago,IL,United States,SELL00065
ORD0002982,13-03-2020,CUST024288,Simran Reddy,P00021,Backpack,Electronics,Zenith,1,113.28,0,5.66,4.63,123.57,Debit Card,Delivered,Fort Worth,TX,United States,SELL01517
ORD0002983,02-02-2021,CUST038762,Arjun Kumar,P00024,Yoga Mat,Clothing,CoreTech,1,357.39,0,42.89,11.33,411.61,Amazon Pay,Delivered,Denver,CO,India,SELL00081
ORD0002984,29-11-2023,CUST006715,Arjun Kapoor,P00002,Bluetooth Speaker,Books,HomeEase,3,245.74,0.15,75.2,5.44,707.28,Credit Card,Delivered,Dallas,TX,United States,SELL00742
ORD0002985,25-08-2024,CUST049961,Sahil Kumar,P00037,Router,Clothing,FitLife,1,200.17,0,10.01,3.55,213.73,UPI,Shipped,Austin,TX,United States,SELL01229
ORD0002986,31-07-2021,CUST012226,Arjun Gupta,P00035,Desk Plant,Toys & Games,NexPro,2,365.8,0.1,52.68,0.12,711.24,UPI,Delivered,Jacksonville,FL,Australia,SELL01645
ORD0002987,08-05-2022,CUST034010,Aman Singh,P00009,Portable SSD 1TB,Sports & Outdoors,Zenith,1,288.23,0.05,32.86,13.79,320.47,UPI,Shipped,Charlotte,NC,United States,SELL01635
ORD0002988,09-05-2020,CUST039855,Karan Singh,P00027,Winter Jacket,Toys & Games,ReadMore,2,595.24,0.1,53.57,14.44,1139.44,Credit Card,Delivered,San Jose,CA,United States,SELL00268
ORD0002989,19-07-2022,CUST020117,Ritika Singh,P00025,Running Shoes,Electronics,BrightLux,5,585.46,0.15,447.88,11.24,2947.32,UPI,Delivered,Los Angeles,CA,United States,SELL01055
ORD0002990,29-01-2024,CUST043376,Anjali Verma,P00018,Vacuum Cleaner,Home & Kitchen,NexPro,2,394.8,0,94.75,12.51,896.86,Debit Card,Delivered,Washington,DC,United States,SELL01859
ORD0002991,14-05-2023,CUST009954,Sahil Reddy,P00005,Laptop Sleeve,Books,CoreTech,3,144.95,0.15,18.48,9.01,397.11,Credit Card,Shipped,San Antonio,TX,Canada,SELL00540
ORD0002992,16-12-2024,CUST034161,Vihaan Singh,P00017,Electric Kettle,Sports & Outdoors,UrbanStyle,1,365.31,0.05,41.65,7.42,396.11,Debit Card,Delivered,Washington,DC,United States,SELL01575
ORD0002993,26-11-2024,CUST019799,Anjali Singh,P00008,4K Monitor,Home & Kitchen,NexPro,3,110.36,0,39.73,1.91,372.72,Credit Card,Delivered,Jacksonville,FL,India,SELL01799
ORD0002994,22-09-2020,CUST026738,Aarav Patel,P00021,Backpack,Clothing,KiddoFun,4,475.35,0.05,0,7.09,1813.42,Debit Card,Delivered,Seattle,WA,India,SELL01466
ORD0002995,09-04-2024,CUST026646,Karan Mehta,P00050,Novel Bestseller,Toys & Games,BrightLux,5,582.42,0.2,116.48,13.43,2459.59,Debit Card,Shipped,Columbus,OH,India,SELL01647
ORD0002996,03-03-2022,CUST005143,Priya Joshi,P00026,Sunglasses,Home & Kitchen,NexPro,3,139.98,0,21,4.14,445.08,Credit Card,Shipped,Dallas,TX,United States,SELL01282
ORD0002997,09-09-2020,CUST042049,Pooja Singh,P00047,Memory Card 128GB,Clothing,CoreTech,4,267.83,0,192.84,10.36,1274.52,Debit Card,Delivered,Washington,DC,United States,SELL00740
ORD0002998,01-04-2022,CUST024123,Rohit Verma,P00043,HDMI Cable 2m,Electronics,CoreTech,2,174.88,0,27.98,12.43,390.17,Net Banking,Shipped,Denver,CO,United States,SELL00714
ORD0002999,05-08-2023,CUST029132,Arjun Singh,P00004,USB-C Charger,Books,FitLife,2,10.29,0,1.65,3.14,25.37,UPI,Shipped,Phoenix,AZ,Canada,SELL01115
ORD0003000,12-06-2020,CUST020057,Aarav Kapoor,P00040,Microphone,Clothing,ReadMore,1,582.13,0.1,26.2,9.9,560.02,Debit Card,Cancelled,Dallas,TX,United States,SELL01641
ORD0003001,04-04-2020,CUST001734,Kabir Gupta,P00036,Smart Light Bulb,Clothing,FitLife,2,362.67,0.15,49.32,14.79,680.65,UPI,Delivered,Philadelphia,PA,India,SELL00234
ORD0003002,10-12-2024,CUST008306,Kabir Kapoor,P00029,T-Shirt,Electronics,NexPro,2,472.86,0.15,96.46,4.92,905.24,Credit Card,Delivered,San Francisco,CA,United States,SELL00869
ORD0003003,12-04-2022,CUST018289,Kabir Kumar,P00001,Wireless Earbuds,Books,Apex,1,595.31,0,47.62,7.19,650.12,Credit Card,Delivered,New York,NY,Canada,SELL00040
ORD0003004,07-02-2023,CUST026097,Kabir Kumar,P00030,Dress Shirt,Books,Apex,4,85.24,0,40.92,13.3,395.18,Credit Card,Cancelled,Denver,CO,United States,SELL01776
ORD0003005,01-12-2020,CUST026082,Sneha Sharma,P00037,Router,Home & Kitchen,Zenith,3,77.02,0,41.59,11.87,284.52,Amazon Pay,Delivered,Fort Worth,TX,United States,SELL00873
ORD0003006,01-04-2022,CUST002588,Vikas Verma,P00018,Vacuum Cleaner,Home & Kitchen,FitLife,5,357.52,0.2,71.5,10.28,1511.86,Credit Card,Delivered,San Francisco,CA,Australia,SELL01627
ORD0003007,25-08-2020,CUST009113,Neha Singh,P00015,Instant Pot,Sports & Outdoors,Apex,5,429.79,0.1,96.7,14.94,2045.7,Cash on Delivery,Delivered,Houston,TX,India,SELL01464
ORD0003008,15-01-2021,CUST028370,Aman Kapoor,P00004,USB-C Charger,Electronics,HomeEase,1,203.91,0,10.2,12.56,226.67,Debit Card,Cancelled,Houston,TX,United States,SELL00006
ORD0003009,30-12-2023,CUST014593,Neha Patel,P00043,HDMI Cable 2m,Toys & Games,UrbanStyle,4,310.96,0.2,79.61,9.52,1084.2,Credit Card,Delivered,Fort Worth,TX,India,SELL01637
ORD0003010,17-06-2022,CUST016288,Mohit Mehta,P00035,Desk Plant,Sports & Outdoors,HomeEase,2,132.15,0,21.14,0.06,285.5,Net Banking,Delivered,Houston,TX,United States,SELL01151
ORD0003011,27-04-2021,CUST042030,Neha Joshi,P00023,Cookware Set,Electronics,ReadMore,4,379.2,0.05,172.92,12.85,1626.73,Amazon Pay,Cancelled,Denver,CO,United States,SELL01663
ORD0003012,20-06-2022,CUST030541,Arjun Singh,P00010,Smartwatch,Electronics,BrightLux,1,93.02,0,4.65,13.03,110.7,UPI,Delivered,Austin,TX,United States,SELL00162
ORD0003013,14-11-2022,CUST004748,Rohit Kumar,P00028,Jeans,Clothing,HomeEase,3,202.63,0,48.63,3.74,660.26,UPI,Delivered,Dallas,TX,United States,SELL00957
ORD0003014,03-08-2024,CUST004552,Vivaan Mehta,P00019,LED Desk Lamp,Sports & Outdoors,HomeEase,2,13.53,0,4.87,3.07,35,UPI,Delivered,Chicago,IL,United States,SELL01542
ORD0003015,14-02-2023,CUST006823,Aarav Gupta,P00025,Running Shoes,Clothing,NexPro,5,271.14,0.2,54.23,8.92,1147.71,Credit Card,Shipped,San Antonio,TX,United States,SELL00527
ORD0003016,26-04-2021,CUST019669,Karan Kumar,P00020,Office Chair,Toys & Games,NexPro,3,136.25,0.2,16.35,9.75,353.1,Amazon Pay,Delivered,Philadelphia,PA,United States,SELL00541
ORD0003017,16-11-2023,CUST004508,Rohit Kumar,P00023,Cookware Set,Sports & Outdoors,CoreTech,2,14.73,0,3.54,5.36,38.36,Credit Card,Shipped,Austin,TX,United States,SELL00683
ORD0003018,05-07-2022,CUST034748,Aditya Singh,P00038,External HDD 2TB,Electronics,ReadMore,2,558.91,0.15,47.51,2.24,999.9,UPI,Delivered,Chicago,IL,United States,SELL01479
ORD0003019,20-09-2022,CUST049703,Simran Kapoor,P00047,Memory Card 128GB,Clothing,CoreTech,3,164.97,0,24.75,14.76,534.42,Cash on Delivery,Pending,Phoenix,AZ,India,SELL01005
ORD0003020,21-08-2022,CUST003543,Neha Patel,P00029,T-Shirt,Home & Kitchen,ReadMore,5,581.49,0.25,261.67,13.19,2455.45,Credit Card,Delivered,San Francisco,CA,United States,SELL00187
ORD0003021,20-06-2021,CUST014160,Simran Kumar,P00040,Microphone,Sports & Outdoors,KiddoFun,4,493.91,0.05,0,2.67,1879.53,Amazon Pay,Shipped,Houston,TX,Canada,SELL00637
ORD0003022,07-01-2023,CUST047576,Karan Mehta,P00024,Yoga Mat,Toys & Games,CoreTech,4,486.23,0.15,132.25,1.82,1787.25,Cash on Delivery,Returned,Columbus,OH,India,SELL00603
ORD0003023,22-05-2024,CUST042901,Vivaan Kapoor,P00027,Winter Jacket,Electronics,HomeEase,4,489,0.15,199.51,12.08,1874.19,Amazon Pay,Cancelled,San Francisco,CA,United States,SELL00852
ORD0003024,11-04-2023,CUST003182,Sunita Patel,P00015,Instant Pot,Toys & Games,HomeEase,4,79.3,0.2,30.45,10.42,294.63,Amazon Pay,Delivered,Phoenix,AZ,United States,SELL00015
ORD0003025,01-11-2022,CUST006954,Sunita Kapoor,P00044,Power Bank 20000mAh,Sports & Outdoors,BrightLux,3,475.51,0.1,154.07,13,1450.95,Credit Card,Delivered,New York,NY,India,SELL01045
ORD0003026,28-12-2024,CUST025019,Ritika Kapoor,P00034,Desk Organizer,Books,UrbanStyle,4,500.82,0.05,228.37,7.29,2138.78,Amazon Pay,Delivered,Indianapolis,IN,United States,SELL00110
ORD0003027,07-05-2020,CUST014801,Sahil Reddy,P00050,Novel Bestseller,Books,BrightLux,4,128.65,0.05,39.11,11.46,539.44,UPI,Delivered,San Antonio,TX,United States,SELL00398
ORD0003028,19-06-2024,CUST034127,Vivaan Reddy,P00024,Yoga Mat,Books,FitLife,2,556.87,0.05,84.64,13.34,1156.03,Credit Card,Delivered,San Jose,CA,United States,SELL01897
ORD0003029,01-04-2020,CUST035662,Vihaan Joshi,P00046,Car Charger,Toys & Games,BrightLux,4,161.42,0.2,41.32,7.62,565.48,Debit Card,Delivered,Dallas,TX,United States,SELL00388
ORD0003030,03-08-2024,CUST017300,Simran Sharma,P00025,Running Shoes,Books,FitLife,1,567.78,0,68.13,0.42,636.33,Credit Card,Delivered,Chicago,IL,United States,SELL00254
ORD0003031,26-06-2021,CUST047712,Sneha Reddy,P00042,Projector Mini,Electronics,Zenith,4,81.58,0.1,35.24,14.63,343.56,Debit Card,Delivered,Denver,CO,United States,SELL01548
ORD0003032,25-04-2022,CUST036413,Sahil Mehta,P00020,Office Chair,Books,FitLife,2,591.3,0.25,44.35,10.68,941.98,UPI,Delivered,Houston,TX,United States,SELL00885
ORD0003033,04-04-2024,CUST016011,Vivaan Reddy,P00027,Winter Jacket,Sports & Outdoors,CoreTech,3,591.39,0,88.71,10.2,1873.08,UPI,Delivered,New York,NY,United States,SELL01508
ORD0003034,08-08-2024,CUST031462,Sunita Reddy,P00046,Car Charger,Clothing,NexPro,1,195.9,0.1,14.1,7.86,198.27,Amazon Pay,Delivered,Los Angeles,CA,United States,SELL01710
ORD0003035,15-09-2022,CUST033312,Vivaan Kumar,P00037,Router,Electronics,FitLife,2,411.31,0.05,93.78,2.54,877.81,Credit Card,Delivered,Charlotte,NC,United States,SELL01044
ORD0003036,22-03-2021,CUST013188,Priya Joshi,P00042,Projector Mini,Clothing,KiddoFun,3,579.54,0.15,118.23,7.18,1603.24,Credit Card,Delivered,Austin,TX,United States,SELL01186
ORD0003037,24-01-2021,CUST048029,Sunita Gupta,P00030,Dress Shirt,Toys & Games,ReadMore,1,230.96,0.05,26.33,11.27,257.01,Credit Card,Delivered,Houston,TX,United States,SELL00382
ORD0003038,02-11-2021,CUST017029,Priya Joshi,P00004,USB-C Charger,Toys & Games,KiddoFun,2,505.37,0,50.54,14.69,1075.97,Credit Card,Delivered,Fort Worth,TX,United States,SELL01611
ORD0003039,12-02-2020,CUST046315,Mohit Mehta,P00042,Projector Mini,Home & Kitchen,UrbanStyle,1,115.2,0,5.76,1.9,122.86,Amazon Pay,Delivered,San Jose,CA,United States,SELL01276
ORD0003040,10-09-2020,CUST015180,Priya Kapoor,P00040,Microphone,Clothing,UrbanStyle,4,481.66,0,0,9.6,1936.24,Debit Card,Returned,Seattle,WA,United States,SELL00717
ORD0003041,27-02-2023,CUST026347,Vivaan Reddy,P00006,Gaming Mouse,Toys & Games,Zenith,1,56.86,0,4.55,8.54,69.95,Cash on Delivery,Shipped,Philadelphia,PA,United States,SELL01050
ORD0003042,19-12-2022,CUST044839,Arjun Joshi,P00005,Laptop Sleeve,Sports & Outdoors,ReadMore,4,176.05,0,0,14.26,718.46,Credit Card,Delivered,Washington,DC,United States,SELL01272
ORD0003043,24-10-2021,CUST003833,Simran Verma,P00043,HDMI Cable 2m,Clothing,Zenith,4,333.32,0.1,96,5.01,1300.96,Net Banking,Shipped,San Francisco,CA,United States,SELL00438
ORD0003044,11-04-2021,CUST024599,Aman Verma,P00033,Puzzle 1000pc,Electronics,Zenith,1,141.03,0.15,14.39,7.34,141.61,Credit Card,Delivered,Dallas,TX,United States,SELL00473
ORD0003045,13-10-2020,CUST032912,Mohit Kapoor,P00046,Car Charger,Sports & Outdoors,ReadMore,4,34.57,0.2,5.53,8.96,125.11,UPI,Delivered,San Diego,CA,United States,SELL01992
ORD0003046,07-10-2022,CUST043500,Sahil Singh,P00004,USB-C Charger,Sports & Outdoors,ReadMore,4,508.4,0.2,130.15,1.31,1758.34,Credit Card,Shipped,Los Angeles,CA,Canada,SELL00765
ORD0003047,20-03-2024,CUST003297,Sunita Mehta,P00049,Children's Book,Toys & Games,FitLife,5,298.41,0.15,228.28,2.64,1499.16,Credit Card,Delivered,New York,NY,United States,SELL00442
ORD0003048,30-01-2024,CUST001072,Anjali Joshi,P00029,T-Shirt,Clothing,FitLife,4,377.77,0.3,190.4,4.12,1252.28,Credit Card,Delivered,Austin,TX,India,SELL01626
ORD0003049,16-02-2022,CUST043554,Aarav Singh,P00021,Backpack,Electronics,CoreTech,1,590.62,0.05,67.33,10.89,639.31,Debit Card,Cancelled,Indianapolis,IN,Australia,SELL00244
ORD0003050,10-12-2020,CUST006549,Simran Kapoor,P00034,Desk Organizer,Home & Kitchen,BrightLux,3,485.89,0.05,69.24,11.54,1465.57,UPI,Delivered,Houston,TX,United States,SELL01619
ORD0003051,03-10-2021,CUST023294,Rohit Joshi,P00006,Gaming Mouse,Clothing,HomeEase,3,33.76,0.1,4.56,7.85,103.56,Credit Card,Delivered,Houston,TX,United States,SELL00044
ORD0003052,16-01-2021,CUST013887,Aditya Gupta,P00016,Air Fryer,Electronics,Zenith,1,596.17,0,71.54,2.01,669.72,Credit Card,Delivered,San Antonio,TX,United States,SELL01575
ORD0003053,07-12-2024,CUST029798,Anjali Singh,P00029,T-Shirt,Electronics,NexPro,3,595.63,0,142.95,11.67,1941.51,UPI,Delivered,Chicago,IL,United States,SELL00415
ORD0003054,20-11-2021,CUST001553,Vihaan Verma,P00001,Wireless Earbuds,Books,HomeEase,4,517.92,0.15,140.87,1.36,1903.16,Net Banking,Delivered,New York,NY,United States,SELL01584
ORD0003055,30-06-2023,CUST004337,Vihaan Joshi,P00047,Memory Card 128GB,Sports & Outdoors,FitLife,3,523.13,0,78.47,3.15,1651.01,UPI,Delivered,San Diego,CA,United States,SELL00712
ORD0003056,15-12-2022,CUST011554,Vikas Verma,P00001,Wireless Earbuds,Electronics,CoreTech,5,521.42,0.15,177.28,0.11,2393.43,Credit Card,Delivered,San Jose,CA,United States,SELL01047
ORD0003057,26-01-2024,CUST034739,Aman Mehta,P00036,Smart Light Bulb,Home & Kitchen,NexPro,1,370.6,0.05,28.17,8.33,388.57,UPI,Returned,Austin,TX,India,SELL00479
ORD0003058,01-04-2021,CUST010601,Aman Kapoor,P00014,Drone Mini,Electronics,NexPro,2,110.48,0,17.68,6.31,244.95,Credit Card,Delivered,Phoenix,AZ,United States,SELL01405
ORD0003059,09-09-2022,CUST006211,Mohit Mehta,P00006,Gaming Mouse,Sports & Outdoors,UrbanStyle,4,333.66,0.05,63.4,14.62,1345.93,Credit Card,Delivered,New York,NY,United States,SELL01218
ORD0003060,23-03-2020,CUST026904,Sahil Mehta,P00045,Phone Tripod,Books,HomeEase,3,472.31,0,255.05,0,1671.98,Amazon Pay,Delivered,San Diego,CA,United States,SELL00877
ORD0003061,27-01-2023,CUST030102,Vivaan Singh,P00025,Running Shoes,Books,Zenith,2,597.97,0.05,0,7.54,1143.68,Debit Card,Cancelled,Austin,TX,India,SELL00648
ORD0003062,28-05-2020,CUST004874,Anjali Kapoor,P00036,Smart Light Bulb,Home & Kitchen,BrightLux,5,462.5,0.1,249.75,2.6,2333.6,Credit Card,Delivered,Seattle,WA,United States,SELL01795
ORD0003063,14-09-2023,CUST001029,Arjun Singh,P00016,Air Fryer,Electronics,HomeEase,3,506.84,0.25,205.27,0.14,1345.8,Debit Card,Shipped,Phoenix,AZ,United States,SELL00286
ORD0003064,25-03-2023,CUST045033,Arjun Singh,P00046,Car Charger,Toys & Games,UrbanStyle,5,344.61,0.05,130.95,7.05,1774.9,Amazon Pay,Delivered,Fort Worth,TX,India,SELL01144
ORD0003065,08-07-2020,CUST020462,Vivaan Mehta,P00031,Kids Toy Car,Toys & Games,BrightLux,4,18.26,0,3.65,6.32,83.01,Debit Card,Delivered,Los Angeles,CA,United States,SELL01165
ORD0003066,26-02-2024,CUST013579,Priya Gupta,P00050,Novel Bestseller,Clothing,ReadMore,4,576.55,0.25,138.37,3.94,1871.96,Amazon Pay,Delivered,Fort Worth,TX,United States,SELL00923
ORD0003067,01-06-2022,CUST005879,Simran Gupta,P00029,T-Shirt,Home & Kitchen,UrbanStyle,1,460.23,0,23.01,11.36,494.6,Credit Card,Shipped,New York,NY,India,SELL01802
ORD0003068,19-09-2020,CUST022576,Mohit Verma,P00043,HDMI Cable 2m,Electronics,KiddoFun,1,186.03,0.15,7.91,9.78,175.82,Credit Card,Delivered,Charlotte,NC,United States,SELL00601
ORD0003069,08-01-2023,CUST002382,Arjun Kumar,P00045,Phone Tripod,Electronics,FitLife,1,98.46,0.05,4.68,8.59,106.81,UPI,Delivered,Denver,CO,Canada,SELL00868
ORD0003070,03-02-2021,CUST030702,Aarav Kapoor,P00010,Smartwatch,Sports & Outdoors,KiddoFun,3,37.11,0.15,4.73,1.44,100.8,Cash on Delivery,Delivered,Phoenix,AZ,United States,SELL00376
ORD0003071,02-02-2022,CUST049288,Pooja Sharma,P00048,Wireless Charger,Home & Kitchen,ReadMore,4,56.8,0.25,8.52,4.33,183.25,Credit Card,Shipped,Columbus,OH,United States,SELL00729
ORD0003072,31-08-2021,CUST004615,Simran Joshi,P00007,Mechanical Keyboard,Home & Kitchen,Zenith,3,243.91,0.2,70.25,3.34,658.97,UPI,Delivered,Washington,DC,United States,SELL01304
ORD0003073,07-07-2023,CUST024035,Neha Reddy,P00022,Water Bottle,Clothing,KiddoFun,3,42.71,0,6.41,11.6,146.14,Credit Card,Returned,Chicago,IL,United States,SELL01513
ORD0003074,30-11-2024,CUST019744,Aarav Kapoor,P00001,Wireless Earbuds,Electronics,FitLife,2,368.1,0,36.81,14.81,787.82,UPI,Delivered,San Jose,CA,United States,SELL00510
ORD0003075,26-06-2024,CUST019734,Neha Kumar,P00031,Kids Toy Car,Electronics,HomeEase,3,546.95,0,131.27,11.82,1783.94,Debit Card,Returned,Charlotte,NC,United States,SELL00691
ORD0003076,24-04-2024,CUST044526,Rohit Kapoor,P00011,Fitness Band,Books,CoreTech,5,215.35,0,53.84,8.86,1139.45,Credit Card,Delivered,Charlotte,NC,United States,SELL00050
ORD0003077,23-02-2022,CUST029675,Neha Joshi,P00009,Portable SSD 1TB,Clothing,HomeEase,4,104.12,0,49.98,13.05,479.51,UPI,Delivered,Philadelphia,PA,United States,SELL00823
ORD0003078,10-04-2020,CUST036570,Karan Joshi,P00001,Wireless Earbuds,Electronics,Apex,3,182.46,0.15,23.26,2.87,491.4,Credit Card,Delivered,New York,NY,United States,SELL00399
ORD0003079,14-10-2023,CUST041245,Aditya Kapoor,P00040,Microphone,Sports & Outdoors,HomeEase,3,415.46,0,62.32,5.57,1314.27,UPI,Pending,San Jose,CA,India,SELL01013
ORD0003080,04-11-2023,CUST025540,Kabir Sharma,P00017,Electric Kettle,Toys & Games,ReadMore,1,39.11,0.05,6.69,7.8,51.64,Credit Card,Delivered,Phoenix,AZ,United States,SELL01883
ORD0003081,30-03-2022,CUST007391,Sneha Reddy,P00040,Microphone,Sports & Outdoors,Zenith,1,51.47,0,4.12,2.53,58.12,Amazon Pay,Delivered,Charlotte,NC,Canada,SELL01984
ORD0003082,29-05-2023,CUST026198,Pooja Kapoor,P00024,Yoga Mat,Electronics,KiddoFun,5,9.96,0,2.49,2.95,55.24,Amazon Pay,Delivered,San Francisco,CA,United States,SELL01912
ORD0003083,30-03-2022,CUST034493,Sahil Kumar,P00014,Drone Mini,Toys & Games,KiddoFun,3,181.23,0,43.5,0.48,587.67,Amazon Pay,Returned,San Diego,CA,Australia,SELL00234
ORD0003084,23-02-2021,CUST008569,Vivaan Singh,P00036,Smart Light Bulb,Toys & Games,NexPro,2,49.78,0.2,0,5.01,84.66,Credit Card,Shipped,Fort Worth,TX,India,SELL00009
ORD0003085,03-05-2020,CUST000053,Arjun Sharma,P00011,Fitness Band,Electronics,ReadMore,1,383.49,0.1,17.26,13.5,375.9,UPI,Shipped,Jacksonville,FL,United States,SELL01309
ORD0003086,25-02-2021,CUST016712,Vikas Sharma,P00002,Bluetooth Speaker,Sports & Outdoors,UrbanStyle,1,429.5,0,34.36,10.52,474.38,Credit Card,Delivered,San Diego,CA,United Kingdom,SELL00215
ORD0003087,08-06-2023,CUST010581,Arjun Sharma,P00010,Smartwatch,Clothing,UrbanStyle,4,403.62,0,80.72,6.76,1701.96,Credit Card,Delivered,Phoenix,AZ,United States,SELL01293
ORD0003088,09-09-2024,CUST031247,Ritika Kapoor,P00048,Wireless Charger,Clothing,CoreTech,3,77.4,0,11.61,0.66,244.47,Amazon Pay,Delivered,New York,NY,India,SELL01428
ORD0003089,22-12-2022,CUST000639,Priya Patel,P00047,Memory Card 128GB,Home & Kitchen,HomeEase,1,255.88,0,20.47,0.25,276.6,Credit Card,Shipped,San Diego,CA,United States,SELL00112
ORD0003090,17-02-2024,CUST032432,Aditya Sharma,P00008,4K Monitor,Books,Zenith,3,458.91,0,68.84,10.3,1455.87,Debit Card,Delivered,Phoenix,AZ,Canada,SELL01636
ORD0003091,09-07-2024,CUST007286,Vihaan Mehta,P00050,Novel Bestseller,Clothing,ReadMore,2,169.06,0,40.57,2.88,381.57,Credit Card,Delivered,San Francisco,CA,United States,SELL01539
ORD0003092,22-09-2024,CUST044214,Mohit Singh,P00003,Smartphone Case,Home & Kitchen,Zenith,5,165.74,0.05,62.98,14.45,864.7,Amazon Pay,Shipped,Charlotte,NC,India,SELL01988
ORD0003093,16-05-2024,CUST022084,Priya Kapoor,P00028,Jeans,Clothing,BrightLux,4,129.24,0,62.04,7.32,586.32,UPI,Delivered,Jacksonville,FL,United States,SELL00463
ORD0003094,06-02-2022,CUST024042,Kabir Kapoor,P00028,Jeans,Home & Kitchen,KiddoFun,2,35.02,0.05,5.32,8.37,80.23,UPI,Cancelled,San Diego,CA,United States,SELL00516
ORD0003095,27-04-2021,CUST020986,Sahil Singh,P00032,Board Game,Electronics,NexPro,3,532.03,0.05,121.3,14.64,1652.23,UPI,Returned,Jacksonville,FL,United States,SELL00901
ORD0003096,02-06-2021,CUST032069,Simran Kapoor,P00018,Vacuum Cleaner,Toys & Games,ReadMore,3,522.04,0.05,178.54,9.55,1675.9,Amazon Pay,Delivered,Austin,TX,United States,SELL00379
ORD0003097,03-06-2020,CUST021348,Vikas Sharma,P00036,Smart Light Bulb,Sports & Outdoors,NexPro,3,568.63,0.25,102.35,14.55,1396.32,Amazon Pay,Delivered,Jacksonville,FL,Australia,SELL01971
ORD0003098,01-04-2020,CUST029376,Aditya Gupta,P00001,Wireless Earbuds,Clothing,UrbanStyle,1,578.63,0,28.93,12.74,620.3,UPI,Delivered,Austin,TX,United States,SELL00341
ORD0003099,08-09-2022,CUST031938,Anjali Patel,P00019,LED Desk Lamp,Electronics,ReadMore,5,22.73,0.2,16.37,5.94,113.23,Debit Card,Delivered,New York,NY,United States,SELL00725
ORD0003100,29-03-2024,CUST021448,Sunita Verma,P00030,Dress Shirt,Toys & Games,NexPro,4,527.19,0,105.44,3.39,2217.59,Debit Card,Delivered,San Diego,CA,United States,SELL01058
ORD0003101,30-03-2021,CUST025135,Karan Reddy,P00008,4K Monitor,Home & Kitchen,FitLife,5,16.01,0.2,3.2,7.26,74.5,Amazon Pay,Delivered,Indianapolis,IN,United States,SELL00637
ORD0003102,30-10-2024,CUST036804,Aditya Gupta,P00031,Kids Toy Car,Sports & Outdoors,HomeEase,3,441.04,0.05,226.25,8.16,1491.37,Credit Card,Delivered,Phoenix,AZ,India,SELL00629
ORD0003103,20-08-2021,CUST009101,Neha Singh,P00024,Yoga Mat,Clothing,Zenith,1,356.91,0.1,16.06,3.39,340.67,Credit Card,Delivered,New York,NY,India,SELL00408
ORD0003104,26-07-2024,CUST023182,Vihaan Gupta,P00044,Power Bank 20000mAh,Electronics,FitLife,5,108.35,0.1,24.38,2.68,514.64,Amazon Pay,Shipped,Washington,DC,United Kingdom,SELL01131
ORD0003105,24-05-2021,CUST045990,Anjali Reddy,P00016,Air Fryer,Books,ReadMore,1,13.06,0,1.04,0.26,14.36,Credit Card,Returned,Los Angeles,CA,United States,SELL00899
ORD0003106,21-04-2023,CUST033045,Karan Reddy,P00038,External HDD 2TB,Toys & Games,Apex,1,447.36,0.1,0,1.61,404.23,Debit Card,Shipped,San Diego,CA,United States,SELL01081
ORD0003107,20-01-2021,CUST042022,Rohit Kumar,P00005,Laptop Sleeve,Toys & Games,KiddoFun,2,431.41,0,103.54,5.69,972.05,Amazon Pay,Delivered,Indianapolis,IN,United States,SELL00533
ORD0003108,16-05-2024,CUST018202,Kabir Sharma,P00048,Wireless Charger,Clothing,UrbanStyle,1,88.97,0.3,0,5.87,68.15,Amazon Pay,Delivered,New York,NY,United States,SELL01579
ORD0003109,20-10-2024,CUST012249,Vihaan Kapoor,P00021,Backpack,Books,BrightLux,4,420.01,0,134.4,8.91,1823.35,Amazon Pay,Delivered,Philadelphia,PA,United States,SELL00098
ORD0003110,08-02-2021,CUST038678,Aman Verma,P00009,Portable SSD 1TB,Books,Zenith,3,541.93,0.15,110.55,2.02,1494.49,Credit Card,Delivered,Dallas,TX,United Kingdom,SELL00535
ORD0003111,02-09-2020,CUST016819,Neha Kapoor,P00046,Car Charger,Home & Kitchen,Zenith,3,246.93,0,59.26,14.39,814.44,Credit Card,Delivered,Jacksonville,FL,United States,SELL00727
ORD0003112,11-01-2022,CUST032500,Priya Mehta,P00023,Cookware Set,Clothing,HomeEase,5,445.15,0.2,213.67,14.19,2008.46,Credit Card,Delivered,Seattle,WA,United States,SELL01460
ORD0003113,02-06-2024,CUST009032,Kabir Patel,P00013,Action Camera,Toys & Games,ReadMore,1,375.3,0.3,31.53,5.95,300.19,Amazon Pay,Delivered,Washington,DC,United States,SELL00271
ORD0003114,22-10-2021,CUST007717,Pooja Reddy,P00018,Vacuum Cleaner,Home & Kitchen,Apex,3,100.59,0.05,22.93,6.15,315.76,Debit Card,Delivered,Houston,TX,United States,SELL01254
ORD0003115,11-10-2021,CUST039656,Ritika Kapoor,P00011,Fitness Band,Clothing,HomeEase,5,294.64,0.2,58.93,11.58,1249.07,Debit Card,Delivered,Los Angeles,CA,United States,SELL01485
ORD0003116,03-02-2024,CUST014587,Vikas Singh,P00041,Webcam Full HD,Books,BrightLux,3,272.8,0,65.47,1.26,885.13,UPI,Delivered,Washington,DC,United States,SELL00300
ORD0003117,17-12-2023,CUST029304,Kabir Kapoor,P00035,Desk Plant,Toys & Games,Zenith,1,40.51,0,0,6.75,47.26,Credit Card,Delivered,Fort Worth,TX,United States,SELL00560
ORD0003118,19-06-2022,CUST042326,Neha Reddy,P00045,Phone Tripod,Sports & Outdoors,Zenith,2,502.57,0.1,108.56,8.87,1022.06,Debit Card,Delivered,Dallas,TX,United States,SELL00442
ORD0003119,05-03-2020,CUST039757,Neha Joshi,P00019,LED Desk Lamp,Electronics,UrbanStyle,3,210.96,0.15,43.04,1.84,582.83,Amazon Pay,Delivered,Chicago,IL,United States,SELL01393
ORD0003120,02-11-2022,CUST038821,Mohit Kapoor,P00024,Yoga Mat,Toys & Games,HomeEase,2,273.8,0,27.38,4.04,579.02,UPI,Delivered,Indianapolis,IN,United States,SELL01836
ORD0003121,31-07-2020,CUST036878,Sneha Gupta,P00022,Water Bottle,Electronics,BrightLux,4,255.81,0,0,1.3,1024.54,Debit Card,Delivered,Columbus,OH,United States,SELL00172
ORD0003122,29-08-2020,CUST014610,Rohit Sharma,P00003,Smartphone Case,Books,ReadMore,4,104.22,0.2,26.68,12.19,372.37,UPI,Delivered,Seattle,WA,United States,SELL01674
ORD0003123,07-05-2021,CUST023535,Vihaan Sharma,P00017,Electric Kettle,Electronics,BrightLux,4,462.2,0.1,199.67,3.35,1866.94,Credit Card,Delivered,Fort Worth,TX,United States,SELL00663
ORD0003124,21-05-2023,CUST014689,Simran Verma,P00037,Router,Electronics,NexPro,5,363.99,0,91,9.81,1920.76,Credit Card,Delivered,Columbus,OH,United States,SELL01123
ORD0003125,12-09-2024,CUST001159,Rohit Kapoor,P00050,Novel Bestseller,Toys & Games,Apex,4,210.06,0,42.01,1.88,884.13,Credit Card,Delivered,Austin,TX,United States,SELL00326
ORD0003126,03-12-2020,CUST048074,Karan Mehta,P00006,Gaming Mouse,Clothing,Zenith,1,25.9,0.05,1.23,2.05,27.88,Credit Card,Delivered,New York,NY,United States,SELL00004
ORD0003127,21-06-2020,CUST026300,Vivaan Patel,P00018,Vacuum Cleaner,Toys & Games,FitLife,5,18.27,0,7.31,11.57,110.23,Debit Card,Delivered,San Jose,CA,United States,SELL01907
ORD0003128,02-11-2021,CUST045022,Vikas Reddy,P00040,Microphone,Home & Kitchen,ReadMore,1,151.23,0.1,10.89,13.68,160.68,Amazon Pay,Shipped,Phoenix,AZ,Australia,SELL00348
ORD0003129,12-06-2020,CUST021883,Rohit Sharma,P00048,Wireless Charger,Home & Kitchen,KiddoFun,1,100.17,0,8.01,10.65,118.83,UPI,Delivered,Austin,TX,United States,SELL00613
ORD0003130,09-04-2021,CUST049719,Rohit Gupta,P00029,T-Shirt,Electronics,CoreTech,1,416.15,0,20.81,5.8,442.76,UPI,Delivered,Houston,TX,India,SELL00653
ORD0003131,21-09-2022,CUST049279,Pooja Verma,P00027,Winter Jacket,Toys & Games,KiddoFun,5,272.49,0.05,0,6.31,1300.64,Credit Card,Shipped,Washington,DC,United States,SELL01101
ORD0003132,11-05-2021,CUST044333,Priya Gupta,P00028,Jeans,Home & Kitchen,KiddoFun,2,214.07,0,34.25,5.8,468.19,Credit Card,Delivered,New York,NY,United States,SELL00542
ORD0003133,30-11-2021,CUST026371,Aman Reddy,P00027,Winter Jacket,Electronics,BrightLux,1,143.92,0.25,12.95,13.8,134.69,Debit Card,Delivered,San Francisco,CA,United States,SELL01655
ORD0003134,29-01-2021,CUST006056,Anjali Sharma,P00022,Water Bottle,Electronics,Apex,1,523.18,0.1,56.5,7.19,534.55,Amazon Pay,Delivered,Jacksonville,FL,United States,SELL01681
ORD0003135,03-12-2021,CUST036452,Vihaan Patel,P00031,Kids Toy Car,Electronics,Apex,1,90.58,0.05,6.88,10.44,103.37,Amazon Pay,Delivered,San Jose,CA,United States,SELL00499
ORD0003136,03-11-2020,CUST035999,Anjali Mehta,P00005,Laptop Sleeve,Clothing,Zenith,2,321.27,0.05,30.52,9.69,650.62,UPI,Returned,Indianapolis,IN,United States,SELL00214
ORD0003137,26-11-2024,CUST001559,Ritika Kapoor,P00047,Memory Card 128GB,Sports & Outdoors,NexPro,4,387.7,0.2,62.03,6.38,1309.05,Credit Card,Shipped,Dallas,TX,United States,SELL00221
ORD0003138,01-07-2020,CUST025800,Aarav Singh,P00030,Dress Shirt,Clothing,KiddoFun,4,298.77,0.1,53.78,4.67,1134.02,Debit Card,Delivered,Indianapolis,IN,United States,SELL01127
ORD0003139,20-09-2021,CUST029367,Rohit Patel,P00036,Smart Light Bulb,Toys & Games,NexPro,3,563.45,0.15,258.62,10.05,1705.47,Debit Card,Delivered,Dallas,TX,United States,SELL00397
ORD0003140,22-12-2024,CUST049891,Anjali Joshi,P00026,Sunglasses,Clothing,ReadMore,5,507.12,0,456.41,3.9,2995.91,Net Banking,Delivered,San Antonio,TX,United States,SELL00233
ORD0003141,24-05-2021,CUST010863,Neha Sharma,P00003,Smartphone Case,Books,KiddoFun,5,451.39,0,180.56,9.58,2447.09,Net Banking,Delivered,Washington,DC,Australia,SELL00678
ORD0003142,27-09-2024,CUST032847,Arjun Joshi,P00007,Mechanical Keyboard,Clothing,NexPro,2,391.02,0.25,46.92,8.53,641.98,UPI,Delivered,Phoenix,AZ,United States,SELL01180
ORD0003143,29-06-2021,CUST009973,Arjun Joshi,P00046,Car Charger,Toys & Games,Apex,2,117.69,0.05,11.18,5.62,240.41,Net Banking,Delivered,Denver,CO,United States,SELL00566
ORD0003144,06-05-2024,CUST003164,Sahil Patel,P00031,Kids Toy Car,Books,Zenith,2,407,0.2,32.56,12.5,696.26,UPI,Delivered,Austin,TX,United States,SELL00901
ORD0003145,15-09-2021,CUST034956,Simran Mehta,P00003,Smartphone Case,Electronics,Apex,3,342.48,0.15,43.67,4.97,921.96,Debit Card,Delivered,Chicago,IL,United Kingdom,SELL01871
ORD0003146,22-11-2024,CUST025601,Vivaan Reddy,P00045,Phone Tripod,Sports & Outdoors,UrbanStyle,4,558.32,0.05,254.59,8.92,2385.13,UPI,Delivered,San Diego,CA,United States,SELL00357
ORD0003147,16-08-2021,CUST049419,Priya Kapoor,P00045,Phone Tripod,Toys & Games,NexPro,5,203.77,0,122.26,9.79,1150.9,Credit Card,Delivered,San Antonio,TX,India,SELL01044
ORD0003148,13-01-2022,CUST041189,Anjali Reddy,P00002,Bluetooth Speaker,Home & Kitchen,ReadMore,3,156.3,0.05,35.64,6.56,487.66,Credit Card,Pending,Denver,CO,United States,SELL00943
ORD0003149,04-06-2023,CUST034161,Sahil Sharma,P00041,Webcam Full HD,Home & Kitchen,FitLife,1,524.48,0,41.96,3.7,570.14,Credit Card,Shipped,Fort Worth,TX,India,SELL01372
ORD0003150,03-11-2024,CUST047554,Rohit Kapoor,P00050,Novel Bestseller,Toys & Games,Zenith,4,210.54,0,42.11,3.66,887.93,Credit Card,Cancelled,Jacksonville,FL,United States,SELL00809
ORD0003151,22-10-2024,CUST037987,Anjali Patel,P00021,Backpack,Sports & Outdoors,BrightLux,3,453.42,0.25,122.42,14.22,1156.84,Cash on Delivery,Pending,Charlotte,NC,United States,SELL01350
ORD0003152,30-12-2023,CUST032237,Aditya Singh,P00032,Board Game,Toys & Games,NexPro,4,244.36,0.05,46.43,8.71,983.71,Net Banking,Shipped,New York,NY,United States,SELL01619
ORD0003153,16-12-2023,CUST044104,Pooja Sharma,P00039,Graphic Tablet,Home & Kitchen,NexPro,1,182.64,0.1,19.73,13.72,197.83,Net Banking,Delivered,New York,NY,United States,SELL00713
ORD0003154,07-07-2021,CUST044831,Anjali Mehta,P00008,4K Monitor,Clothing,HomeEase,5,276.44,0.1,0,2.66,1246.64,Cash on Delivery,Delivered,Houston,TX,United Kingdom,SELL01170
ORD0003155,21-01-2020,CUST016981,Sahil Singh,P00047,Memory Card 128GB,Electronics,Zenith,1,361.24,0,0,9.95,371.19,Debit Card,Delivered,Seattle,WA,India,SELL01224
ORD0003156,07-07-2021,CUST029877,Ritika Kapoor,P00016,Air Fryer,Sports & Outdoors,Zenith,3,48.81,0.1,15.81,2.72,150.32,Credit Card,Shipped,Charlotte,NC,United States,SELL01148
ORD0003157,31-01-2021,CUST011181,Sunita Singh,P00010,Smartwatch,Sports & Outdoors,Apex,1,219.18,0.1,15.78,14.65,227.69,UPI,Delivered,Austin,TX,United States,SELL01932
ORD0003158,16-09-2021,CUST025411,Kabir Verma,P00012,Noise Cancelling Headphones,Books,BrightLux,2,241.32,0,0,14.57,497.21,Debit Card,Returned,Seattle,WA,United Kingdom,SELL00013
ORD0003159,14-04-2020,CUST008921,Priya Patel,P00012,Noise Cancelling Headphones,Clothing,FitLife,3,364.02,0,87.36,3.85,1183.27,Credit Card,Delivered,New York,NY,United States,SELL01846
ORD0003160,10-07-2020,CUST040745,Vivaan Gupta,P00033,Puzzle 1000pc,Electronics,BrightLux,2,552.78,0.2,106.13,6.28,996.86,UPI,Delivered,San Antonio,TX,United States,SELL00181
ORD0003161,17-01-2020,CUST030876,Karan Verma,P00034,Desk Organizer,Toys & Games,NexPro,3,512.43,0.1,69.18,2.27,1455.01,Credit Card,Delivered,San Diego,CA,United States,SELL01464
ORD0003162,17-02-2023,CUST032702,Neha Kumar,P00047,Memory Card 128GB,Sports & Outdoors,NexPro,1,382.05,0.25,22.92,6.62,316.08,Credit Card,Delivered,Los Angeles,CA,United States,SELL01651
ORD0003163,27-01-2021,CUST027484,Vikas Joshi,P00041,Webcam Full HD,Electronics,ReadMore,5,288.69,0.05,164.55,6.32,1542.15,Net Banking,Shipped,Indianapolis,IN,United States,SELL01913
ORD0003164,28-02-2021,CUST013128,Priya Kumar,P00005,Laptop Sleeve,Toys & Games,ReadMore,2,54.44,0,8.71,14.66,132.25,UPI,Delivered,Chicago,IL,United States,SELL00449
ORD0003165,08-05-2020,CUST035393,Aman Gupta,P00048,Wireless Charger,Toys & Games,Zenith,1,339.23,0.05,16.11,12.7,351.08,UPI,Delivered,Philadelphia,PA,United States,SELL01000
ORD0003166,27-02-2023,CUST008847,Mohit Verma,P00020,Office Chair,Electronics,Apex,2,160.37,0,25.66,14.33,360.73,Credit Card,Shipped,San Francisco,CA,India,SELL01791
ORD0003167,25-07-2021,CUST018359,Vikas Sharma,P00042,Projector Mini,Electronics,ReadMore,3,254.93,0.05,36.33,9.34,772.22,Credit Card,Delivered,Phoenix,AZ,United States,SELL01644
ORD0003168,02-05-2024,CUST029064,Rohit Verma,P00027,Winter Jacket,Sports & Outdoors,CoreTech,3,453.58,0,108.86,3.84,1473.44,Debit Card,Delivered,San Jose,CA,Canada,SELL01437
ORD0003169,29-01-2020,CUST030056,Simran Reddy,P00011,Fitness Band,Toys & Games,HomeEase,5,26.17,0.15,8.9,6.35,126.47,Debit Card,Shipped,San Diego,CA,United States,SELL00792
ORD0003170,25-01-2023,CUST019476,Aarav Joshi,P00035,Desk Plant,Toys & Games,NexPro,4,552.7,0.2,212.24,0.41,1981.29,Net Banking,Delivered,Los Angeles,CA,United Kingdom,SELL00457
ORD0003171,30-10-2022,CUST041293,Aman Singh,P00043,HDMI Cable 2m,Home & Kitchen,KiddoFun,1,481.23,0,24.06,14.27,519.56,Credit Card,Delivered,Columbus,OH,United States,SELL00172
ORD0003172,29-08-2020,CUST046426,Rohit Patel,P00049,Children's Book,Clothing,Apex,4,179.17,0.05,54.47,6.15,741.47,UPI,Delivered,Chicago,IL,India,SELL00633
ORD0003173,19-08-2020,CUST030855,Neha Reddy,P00042,Projector Mini,Home & Kitchen,KiddoFun,3,329.14,0.05,168.85,10.17,1117.07,Debit Card,Delivered,Denver,CO,United States,SELL01021
ORD0003174,27-02-2022,CUST014539,Priya Patel,P00005,Laptop Sleeve,Toys & Games,HomeEase,2,62.19,0,22.39,9.97,156.74,Credit Card,Delivered,Denver,CO,United States,SELL01251
ORD0003175,31-07-2023,CUST036511,Arjun Verma,P00049,Children's Book,Books,KiddoFun,4,53.55,0,10.71,10.95,235.86,Amazon Pay,Delivered,Fort Worth,TX,United Kingdom,SELL01800
ORD0003176,15-12-2021,CUST032418,Aman Singh,P00038,External HDD 2TB,Home & Kitchen,NexPro,5,27.32,0,24.59,9.65,170.84,Amazon Pay,Delivered,Dallas,TX,Canada,SELL01570
ORD0003177,28-01-2022,CUST026315,Rohit Sharma,P00021,Backpack,Clothing,KiddoFun,2,541.23,0.05,82.27,0.7,1111.31,Credit Card,Delivered,Indianapolis,IN,United States,SELL01072
ORD0003178,12-03-2022,CUST010328,Simran Mehta,P00011,Fitness Band,Home & Kitchen,HomeEase,1,41.91,0,0,2.14,44.05,Debit Card,Delivered,San Antonio,TX,United States,SELL00977
ORD0003179,14-02-2022,CUST010585,Aman Verma,P00005,Laptop Sleeve,Books,CoreTech,3,291.7,0.1,63.01,5,855.6,Cash on Delivery,Delivered,Jacksonville,FL,United States,SELL01950
ORD0003180,26-12-2021,CUST005816,Aarav Gupta,P00020,Office Chair,Clothing,Zenith,3,19.31,0,4.63,3.22,65.78,Credit Card,Delivered,Philadelphia,PA,United States,SELL01531
ORD0003181,18-07-2020,CUST003869,Vivaan Kapoor,P00003,Smartphone Case,Clothing,Apex,2,231.6,0,0,0.34,463.54,UPI,Delivered,Philadelphia,PA,United Kingdom,SELL00047
ORD0003182,02-08-2022,CUST000250,Aditya Patel,P00018,Vacuum Cleaner,Clothing,CoreTech,2,255.66,0,25.57,11.94,548.83,Credit Card,Delivered,Philadelphia,PA,United States,SELL00668
ORD0003183,19-03-2020,CUST047423,Simran Sharma,P00012,Noise Cancelling Headphones,Electronics,Apex,2,137.06,0.05,46.87,13.55,320.83,Debit Card,Delivered,Indianapolis,IN,United States,SELL01238
ORD0003184,13-08-2022,CUST047393,Vihaan Reddy,P00001,Wireless Earbuds,Toys & Games,KiddoFun,1,320.3,0.25,19.22,2.26,261.71,Debit Card,Pending,New York,NY,United States,SELL01042
ORD0003185,05-05-2022,CUST016685,Priya Sharma,P00031,Kids Toy Car,Clothing,HomeEase,5,528.73,0.25,99.14,0.17,2082.05,Amazon Pay,Delivered,Washington,DC,India,SELL01764
ORD0003186,11-04-2023,CUST045605,Ritika Gupta,P00018,Vacuum Cleaner,Clothing,KiddoFun,1,416.31,0,20.82,1.88,439.01,Debit Card,Shipped,Indianapolis,IN,United States,SELL01231
ORD0003187,11-04-2021,CUST011957,Rohit Patel,P00038,External HDD 2TB,Books,UrbanStyle,4,312.56,0.1,135.03,10.4,1270.65,Credit Card,Delivered,New York,NY,United States,SELL01286
ORD0003188,03-08-2021,CUST047362,Rohit Kumar,P00024,Yoga Mat,Sports & Outdoors,FitLife,4,182.11,0.05,55.36,8.09,755.47,Credit Card,Shipped,San Francisco,CA,Australia,SELL01727
ORD0003189,10-12-2023,CUST045674,Priya Gupta,P00029,T-Shirt,Toys & Games,KiddoFun,4,140.96,0,45.11,2.7,611.65,Net Banking,Delivered,Washington,DC,United States,SELL01304
ORD0003190,28-07-2022,CUST037086,Sahil Patel,P00024,Yoga Mat,Home & Kitchen,FitLife,3,543.38,0.05,123.89,8.04,1680.56,Debit Card,Delivered,Indianapolis,IN,United States,SELL00795
ORD0003191,24-03-2021,CUST037212,Simran Verma,P00031,Kids Toy Car,Clothing,Apex,4,218.05,0,157,12.52,1041.72,Cash on Delivery,Delivered,Chicago,IL,India,SELL01507
ORD0003192,27-03-2020,CUST031584,Pooja Singh,P00021,Backpack,Toys & Games,KiddoFun,5,526.01,0,131.5,1.34,2762.89,Debit Card,Delivered,Philadelphia,PA,United States,SELL01576
ORD0003193,10-04-2020,CUST031349,Mohit Gupta,P00006,Gaming Mouse,Clothing,BrightLux,5,204.62,0.05,174.95,0.53,1147.42,Debit Card,Delivered,Philadelphia,PA,Canada,SELL00658
ORD0003194,28-10-2022,CUST041651,Vihaan Sharma,P00043,HDMI Cable 2m,Home & Kitchen,Zenith,1,196.96,0,0,9.59,206.55,Credit Card,Delivered,Austin,TX,United Kingdom,SELL00444
ORD0003195,24-04-2022,CUST032406,Kabir Reddy,P00028,Jeans,Electronics,UrbanStyle,3,543.17,0.25,219.98,4.77,1446.88,Debit Card,Delivered,Dallas,TX,United States,SELL01579
ORD0003196,08-05-2023,CUST036687,Aman Verma,P00028,Jeans,Electronics,KiddoFun,5,425.56,0.05,161.71,4.88,2188,UPI,Delivered,Houston,TX,India,SELL00023
ORD0003197,08-03-2024,CUST017579,Rohit Reddy,P00020,Office Chair,Electronics,FitLife,3,260.41,0.1,0,9.08,712.19,Debit Card,Pending,San Francisco,CA,United States,SELL01145
ORD0003198,27-03-2020,CUST016678,Vikas Reddy,P00043,HDMI Cable 2m,Home & Kitchen,KiddoFun,3,420.71,0,0,10.99,1273.12,Net Banking,Delivered,Seattle,WA,United States,SELL01342
ORD0003199,12-02-2020,CUST018624,Anjali Gupta,P00031,Kids Toy Car,Toys & Games,Zenith,5,59.72,0.15,20.3,12.8,286.91,Credit Card,Shipped,Philadelphia,PA,United States,SELL00620
ORD0003200,09-11-2023,CUST015909,Arjun Gupta,P00001,Wireless Earbuds,Clothing,FitLife,5,108.71,0.3,68.49,14.62,463.6,Credit Card,Delivered,Fort Worth,TX,Canada,SELL00460
ORD0003201,02-07-2024,CUST044871,Ritika Kumar,P00010,Smartwatch,Toys & Games,FitLife,5,451.94,0.15,96.04,6.94,2023.72,Credit Card,Delivered,San Diego,CA,India,SELL00786
ORD0003202,29-12-2023,CUST024607,Mohit Verma,P00024,Yoga Mat,Toys & Games,Apex,5,511.62,0.05,0,1.73,2431.92,Debit Card,Delivered,Seattle,WA,United States,SELL00168
ORD0003203,11-02-2021,CUST032556,Priya Kapoor,P00020,Office Chair,Toys & Games,HomeEase,2,87.61,0,21.03,5.55,201.8,Debit Card,Delivered,Charlotte,NC,United States,SELL01877
ORD0003204,15-02-2024,CUST021262,Anjali Reddy,P00022,Water Bottle,Electronics,HomeEase,4,302.48,0,60.5,3.02,1273.44,Credit Card,Cancelled,San Francisco,CA,India,SELL00413
ORD0003205,25-10-2021,CUST022008,Simran Sharma,P00031,Kids Toy Car,Toys & Games,KiddoFun,2,333.6,0.05,50.71,13.48,698.03,Debit Card,Delivered,San Jose,CA,United States,SELL01884
ORD0003206,06-11-2022,CUST024575,Arjun Sharma,P00040,Microphone,Toys & Games,UrbanStyle,1,45.4,0.05,3.45,2.42,49,Amazon Pay,Delivered,Jacksonville,FL,United States,SELL01365
ORD0003207,26-07-2024,CUST037986,Neha Sharma,P00043,HDMI Cable 2m,Books,BrightLux,2,166.16,0.2,13.29,12.57,291.72,Credit Card,Cancelled,Washington,DC,United Kingdom,SELL00345
ORD0003208,27-05-2020,CUST004148,Vihaan Mehta,P00038,External HDD 2TB,Home & Kitchen,BrightLux,1,272.54,0,0,14.39,286.93,UPI,Shipped,San Francisco,CA,United States,SELL00586
ORD0003209,03-10-2020,CUST047579,Vivaan Verma,P00046,Car Charger,Clothing,NexPro,2,553.72,0.05,126.25,5.32,1183.64,Debit Card,Shipped,Seattle,WA,United States,SELL00609
ORD0003210,19-08-2020,CUST023895,Karan Mehta,P00009,Portable SSD 1TB,Toys & Games,HomeEase,1,364.85,0,29.19,5.24,399.28,Net Banking,Shipped,Charlotte,NC,United States,SELL00027
ORD0003211,31-12-2020,CUST019242,Mohit Kapoor,P00005,Laptop Sleeve,Electronics,NexPro,4,134.49,0,26.9,6.41,571.27,Debit Card,Delivered,Los Angeles,CA,United States,SELL00971
ORD0003212,05-06-2023,CUST011783,Ritika Joshi,P00001,Wireless Earbuds,Books,UrbanStyle,4,410.59,0,82.12,14.9,1739.38,Credit Card,Returned,Denver,CO,United States,SELL01456
ORD0003213,01-08-2024,CUST029673,Kabir Patel,P00020,Office Chair,Sports & Outdoors,KiddoFun,4,230.6,0,73.79,4.31,1000.5,Amazon Pay,Delivered,Indianapolis,IN,United States,SELL00203
ORD0003214,11-03-2021,CUST045814,Priya Patel,P00043,HDMI Cable 2m,Electronics,NexPro,5,384.39,0.05,219.1,13.15,2058.1,Net Banking,Delivered,Columbus,OH,United States,SELL01009
ORD0003215,02-02-2021,CUST021522,Rohit Reddy,P00027,Winter Jacket,Electronics,Apex,3,11.33,0,4.08,5.14,43.21,Amazon Pay,Delivered,Denver,CO,United Kingdom,SELL01608
ORD0003216,19-05-2023,CUST032441,Aditya Joshi,P00048,Wireless Charger,Sports & Outdoors,Apex,1,260.09,0.2,10.4,7.65,226.12,Debit Card,Delivered,Denver,CO,United States,SELL01556
ORD0003217,15-11-2023,CUST039142,Ritika Singh,P00011,Fitness Band,Clothing,NexPro,1,425.86,0,34.07,11.85,471.78,Credit Card,Shipped,Indianapolis,IN,India,SELL00636
ORD0003218,13-05-2021,CUST041674,Aditya Joshi,P00030,Dress Shirt,Home & Kitchen,KiddoFun,5,462.99,0.05,395.86,4.34,2599.4,UPI,Delivered,Columbus,OH,United States,SELL01431
ORD0003219,23-06-2021,CUST007724,Vihaan Joshi,P00030,Dress Shirt,Sports & Outdoors,BrightLux,4,567.43,0.2,90.79,9.73,1916.3,Net Banking,Delivered,San Antonio,TX,United States,SELL01173
ORD0003220,16-07-2021,CUST016994,Priya Joshi,P00020,Office Chair,Toys & Games,BrightLux,1,284.88,0,14.24,7.51,306.63,UPI,Delivered,San Jose,CA,United States,SELL01620
ORD0003221,23-02-2024,CUST028605,Neha Kumar,P00034,Desk Organizer,Sports & Outdoors,ReadMore,4,556.69,0,178.14,14.23,2419.13,Net Banking,Delivered,San Francisco,CA,India,SELL01688
ORD0003222,17-03-2021,CUST017889,Sneha Singh,P00027,Winter Jacket,Electronics,NexPro,4,485.56,0.05,147.61,3.59,1996.33,Net Banking,Shipped,Charlotte,NC,India,SELL00374
ORD0003223,08-07-2023,CUST043583,Kabir Gupta,P00044,Power Bank 20000mAh,Books,ReadMore,2,279.27,0,67.02,13.43,638.99,UPI,Cancelled,Washington,DC,United States,SELL00722
ORD0003224,11-02-2022,CUST011424,Vikas Mehta,P00006,Gaming Mouse,Home & Kitchen,Zenith,4,391.24,0.15,106.42,0.07,1436.71,Debit Card,Returned,San Antonio,TX,United States,SELL00636
ORD0003225,15-12-2020,CUST021916,Mohit Patel,P00035,Desk Plant,Clothing,BrightLux,1,554.8,0.05,42.16,1.19,570.41,Credit Card,Shipped,Jacksonville,FL,India,SELL00617
ORD0003226,07-10-2023,CUST039300,Anjali Joshi,P00049,Children's Book,Home & Kitchen,FitLife,4,216.15,0.1,38.91,13.46,830.51,Debit Card,Returned,Houston,TX,United States,SELL00543
ORD0003227,03-06-2021,CUST025231,Neha Sharma,P00008,4K Monitor,Home & Kitchen,NexPro,4,559.93,0.15,152.3,12.72,2068.78,Amazon Pay,Delivered,Austin,TX,United States,SELL01884
ORD0003228,05-09-2023,CUST022530,Aditya Joshi,P00026,Sunglasses,Electronics,HomeEase,3,456.95,0.1,61.69,1.11,1296.56,Credit Card,Pending,San Francisco,CA,United States,SELL00547
ORD0003229,17-05-2020,CUST000151,Vihaan Patel,P00036,Smart Light Bulb,Books,FitLife,4,74.26,0,23.76,13.72,334.52,UPI,Delivered,San Diego,CA,India,SELL00117
ORD0003230,22-04-2024,CUST010171,Neha Joshi,P00021,Backpack,Books,BrightLux,5,490.22,0,122.56,1.89,2575.55,Credit Card,Shipped,Columbus,OH,India,SELL00067
ORD0003231,04-07-2024,CUST028387,Mohit Gupta,P00034,Desk Organizer,Home & Kitchen,Apex,4,182.51,0,36.5,4.28,770.82,Amazon Pay,Shipped,San Antonio,TX,United States,SELL00296
ORD0003232,18-09-2022,CUST046427,Vikas Kapoor,P00023,Cookware Set,Electronics,FitLife,4,28.38,0,9.08,7.27,129.87,Credit Card,Delivered,Charlotte,NC,United States,SELL01119
ORD0003233,02-01-2021,CUST026394,Ritika Singh,P00003,Smartphone Case,Clothing,UrbanStyle,3,308.49,0,46.27,3.45,975.19,UPI,Delivered,San Jose,CA,India,SELL01473
ORD0003234,28-05-2023,CUST040354,Aman Verma,P00040,Microphone,Sports & Outdoors,Zenith,5,570.51,0,342.31,13.77,3208.63,Credit Card,Pending,San Jose,CA,United States,SELL00103
ORD0003235,22-09-2023,CUST022157,Sunita Verma,P00042,Projector Mini,Toys & Games,CoreTech,5,501.5,0,300.9,11.12,2819.52,Credit Card,Delivered,Los Angeles,CA,United States,SELL01133
ORD0003236,31-05-2023,CUST033960,Anjali Reddy,P00025,Running Shoes,Books,Zenith,2,349.06,0.15,47.47,6.2,647.07,Net Banking,Delivered,San Antonio,TX,India,SELL01569
ORD0003237,29-07-2024,CUST045684,Aditya Gupta,P00012,Noise Cancelling Headphones,Sports & Outdoors,CoreTech,4,563.21,0,112.64,2.47,2367.95,Debit Card,Delivered,Los Angeles,CA,United States,SELL01481
ORD0003238,26-11-2024,CUST043955,Sahil Joshi,P00031,Kids Toy Car,Sports & Outdoors,Zenith,2,194.65,0,46.72,7.13,443.15,Credit Card,Delivered,Charlotte,NC,United States,SELL01980
ORD0003239,25-12-2020,CUST039946,Sunita Kapoor,P00002,Bluetooth Speaker,Electronics,Apex,1,292.06,0.15,19.86,13.02,281.13,Credit Card,Delivered,San Jose,CA,United States,SELL00510
ORD0003240,09-07-2022,CUST004996,Karan Kumar,P00017,Electric Kettle,Clothing,NexPro,1,503.05,0.2,48.29,0.47,451.2,Amazon Pay,Delivered,Denver,CO,India,SELL00464
ORD0003241,24-11-2020,CUST036178,Kabir Kumar,P00026,Sunglasses,Home & Kitchen,ReadMore,3,83.48,0.05,19.03,11.34,268.29,Debit Card,Shipped,Seattle,WA,United Kingdom,SELL00505
ORD0003242,19-08-2022,CUST018275,Sahil Singh,P00025,Running Shoes,Books,CoreTech,2,176.38,0.05,26.81,9.05,370.98,Amazon Pay,Delivered,San Diego,CA,United States,SELL01859
ORD0003243,07-04-2021,CUST032879,Neha Mehta,P00032,Board Game,Clothing,BrightLux,1,371.81,0,29.74,8.93,410.48,UPI,Delivered,New York,NY,United States,SELL00439
ORD0003244,03-08-2022,CUST042395,Aditya Patel,P00040,Microphone,Home & Kitchen,Zenith,3,293.03,0,105.49,2.26,986.84,Credit Card,Delivered,Denver,CO,Australia,SELL00154
ORD0003245,20-08-2022,CUST007944,Rohit Kapoor,P00043,HDMI Cable 2m,Sports & Outdoors,Apex,1,324.96,0.1,14.62,10.33,317.41,Debit Card,Pending,Washington,DC,United States,SELL01741
ORD0003246,03-05-2024,CUST029039,Karan Mehta,P00013,Action Camera,Home & Kitchen,Apex,2,332.85,0,33.29,12.2,711.19,Credit Card,Delivered,Indianapolis,IN,India,SELL00275
ORD0003247,06-11-2023,CUST010414,Ritika Patel,P00018,Vacuum Cleaner,Clothing,HomeEase,2,150.87,0.05,22.93,11.62,321.2,Debit Card,Delivered,Chicago,IL,United States,SELL00026
ORD0003248,15-04-2022,CUST002134,Sahil Kumar,P00034,Desk Organizer,Home & Kitchen,KiddoFun,3,450.82,0.1,219.1,6.13,1442.44,UPI,Delivered,San Antonio,TX,United States,SELL00474
ORD0003249,01-06-2024,CUST014884,Mohit Verma,P00006,Gaming Mouse,Toys & Games,HomeEase,2,562,0.2,71.94,7.2,978.34,Credit Card,Delivered,San Antonio,TX,United States,SELL01575
ORD0003250,28-06-2024,CUST034475,Ritika Joshi,P00026,Sunglasses,Books,NexPro,4,371.3,0.05,112.88,4.87,1528.69,Credit Card,Delivered,Seattle,WA,United States,SELL01541
ORD0003251,17-06-2020,CUST014243,Vihaan Kapoor,P00016,Air Fryer,Toys & Games,FitLife,2,200.79,0.05,45.78,5.67,432.95,Credit Card,Delivered,Columbus,OH,United States,SELL01009
ORD0003252,04-08-2020,CUST021427,Kabir Joshi,P00020,Office Chair,Clothing,ReadMore,4,537.3,0.2,309.48,5.31,2034.15,Debit Card,Delivered,Seattle,WA,India,SELL00984
ORD0003253,12-01-2021,CUST016237,Anjali Reddy,P00043,HDMI Cable 2m,Books,BrightLux,5,447.62,0.2,89.52,12.54,1892.54,Debit Card,Delivered,Jacksonville,FL,United States,SELL01976
ORD0003254,28-04-2020,CUST040516,Vihaan Joshi,P00036,Smart Light Bulb,Books,HomeEase,3,256.09,0,61.46,6.5,836.23,Credit Card,Delivered,Seattle,WA,United States,SELL00680
ORD0003255,08-07-2020,CUST012719,Mohit Gupta,P00031,Kids Toy Car,Toys & Games,ReadMore,3,132.66,0,31.84,12.71,442.53,Credit Card,Delivered,Columbus,OH,United States,SELL01647
ORD0003256,05-02-2022,CUST038534,Sunita Verma,P00038,External HDD 2TB,Home & Kitchen,ReadMore,1,546.59,0,0,0.81,547.4,Amazon Pay,Delivered,Seattle,WA,United States,SELL01117
ORD0003257,04-01-2021,CUST045714,Kabir Verma,P00006,Gaming Mouse,Clothing,Zenith,5,574.19,0.05,218.19,8.64,2954.23,Credit Card,Delivered,Indianapolis,IN,United States,SELL00593
ORD0003258,06-12-2024,CUST013686,Kabir Mehta,P00003,Smartphone Case,Toys & Games,FitLife,1,222.48,0.05,25.36,5.16,241.88,Amazon Pay,Delivered,Jacksonville,FL,United States,SELL00709
ORD0003259,28-05-2020,CUST028936,Anjali Joshi,P00040,Microphone,Books,Apex,1,409.39,0.05,19.45,9.78,418.15,Debit Card,Delivered,New York,NY,United States,SELL01774
ORD0003260,26-08-2024,CUST004265,Vivaan Verma,P00009,Portable SSD 1TB,Books,HomeEase,3,328.25,0.05,46.78,6.25,988.54,Credit Card,Shipped,Fort Worth,TX,United States,SELL01260
ORD0003261,13-10-2021,CUST004413,Rohit Singh,P00034,Desk Organizer,Sports & Outdoors,HomeEase,4,479.52,0.25,71.93,9.52,1520.01,UPI,Delivered,Indianapolis,IN,United States,SELL01742
ORD0003262,20-02-2024,CUST049365,Ritika Sharma,P00029,T-Shirt,Home & Kitchen,ReadMore,1,583.49,0,29.17,1.76,614.42,Credit Card,Delivered,Denver,CO,United States,SELL00095
ORD0003263,08-02-2022,CUST045024,Arjun Singh,P00039,Graphic Tablet,Books,UrbanStyle,2,95.22,0,34.28,1.01,225.73,Debit Card,Delivered,San Antonio,TX,United States,SELL01283
ORD0003264,08-01-2021,CUST013880,Simran Reddy,P00005,Laptop Sleeve,Clothing,UrbanStyle,5,222.96,0.05,190.63,6.2,1255.89,UPI,Delivered,Dallas,TX,India,SELL01522
ORD0003265,19-02-2022,CUST017018,Priya Mehta,P00018,Vacuum Cleaner,Books,UrbanStyle,3,486.96,0,73.04,9.46,1543.38,Debit Card,Shipped,San Antonio,TX,United States,SELL00490
ORD0003266,12-09-2024,CUST032608,Kabir Kapoor,P00042,Projector Mini,Clothing,ReadMore,3,289.59,0,69.5,1.3,939.57,Credit Card,Shipped,Jacksonville,FL,United States,SELL01736
ORD0003267,08-06-2020,CUST006018,Simran Kumar,P00050,Novel Bestseller,Sports & Outdoors,CoreTech,4,220.05,0,70.42,12.95,963.57,Credit Card,Cancelled,Charlotte,NC,United States,SELL00302
ORD0003268,16-12-2020,CUST040682,Rohit Patel,P00004,USB-C Charger,Sports & Outdoors,Zenith,5,64.09,0,25.64,9.1,355.19,Amazon Pay,Shipped,Columbus,OH,India,SELL01829
ORD0003269,04-08-2023,CUST043970,Priya Kapoor,P00027,Winter Jacket,Clothing,ReadMore,5,377.41,0,339.67,0.91,2227.63,UPI,Cancelled,Houston,TX,United States,SELL00557
ORD0003270,04-08-2023,CUST009577,Priya Mehta,P00008,4K Monitor,Clothing,Zenith,5,405.76,0,162.3,10.81,2201.91,Credit Card,Delivered,Phoenix,AZ,India,SELL00781
ORD0003271,10-06-2022,CUST002171,Vikas Verma,P00002,Bluetooth Speaker,Books,BrightLux,3,228.4,0,0,8.47,693.67,Credit Card,Delivered,San Jose,CA,United States,SELL01140
ORD0003272,03-06-2023,CUST017430,Ritika Sharma,P00026,Sunglasses,Electronics,CoreTech,2,29.07,0,2.91,9.59,70.64,Credit Card,Shipped,Fort Worth,TX,United States,SELL00018
ORD0003273,06-06-2021,CUST019674,Kabir Reddy,P00048,Wireless Charger,Books,FitLife,3,29.94,0.25,8.08,2.26,77.71,Credit Card,Delivered,San Francisco,CA,India,SELL00612
ORD0003274,05-06-2021,CUST017261,Sunita Singh,P00011,Fitness Band,Electronics,Zenith,3,85.62,0.2,10.27,1,216.76,Credit Card,Delivered,Dallas,TX,United States,SELL00756
ORD0003275,21-02-2022,CUST033162,Priya Sharma,P00028,Jeans,Home & Kitchen,FitLife,3,197.03,0,29.55,11.37,632.01,Net Banking,Shipped,New York,NY,United States,SELL00459
ORD0003276,29-09-2020,CUST047015,Vikas Reddy,P00018,Vacuum Cleaner,Electronics,Zenith,2,79.68,0.05,27.25,2.29,180.93,Credit Card,Shipped,Dallas,TX,United States,SELL01337
ORD0003277,24-07-2022,CUST023085,Vivaan Sharma,P00008,4K Monitor,Toys & Games,FitLife,3,231.44,0.15,0,5.72,595.89,Debit Card,Delivered,Los Angeles,CA,United States,SELL01207
ORD0003278,26-11-2023,CUST047365,Sahil Patel,P00011,Fitness Band,Toys & Games,UrbanStyle,3,440.66,0.05,150.71,3.13,1409.72,Credit Card,Shipped,San Diego,CA,India,SELL00225
ORD0003279,01-07-2020,CUST034537,Vihaan Gupta,P00034,Desk Organizer,Home & Kitchen,KiddoFun,5,198.85,0.05,113.34,12.44,1070.32,Cash on Delivery,Delivered,Los Angeles,CA,United States,SELL01893
ORD0003280,15-08-2024,CUST033001,Aarav Kumar,P00021,Backpack,Home & Kitchen,UrbanStyle,5,108.81,0.2,21.76,2.27,459.27,Credit Card,Returned,Charlotte,NC,India,SELL00739
ORD0003281,02-05-2021,CUST045344,Karan Kapoor,P00036,Smart Light Bulb,Sports & Outdoors,HomeEase,4,348.82,0.1,150.69,5.19,1411.63,Credit Card,Delivered,Los Angeles,CA,United States,SELL01435
ORD0003282,25-04-2022,CUST036338,Sunita Patel,P00028,Jeans,Home & Kitchen,Zenith,1,355.54,0,17.78,3.2,376.52,Credit Card,Delivered,Denver,CO,United States,SELL00619
ORD0003283,03-05-2020,CUST027000,Sunita Mehta,P00004,USB-C Charger,Electronics,Apex,2,538.02,0,0,9.4,1085.44,UPI,Delivered,Denver,CO,United States,SELL00189
ORD0003284,11-09-2022,CUST048040,Sunita Mehta,P00022,Water Bottle,Sports & Outdoors,UrbanStyle,4,361.46,0.1,156.15,11.69,1469.1,Debit Card,Delivered,Jacksonville,FL,United States,SELL01012
ORD0003285,07-07-2024,CUST038674,Sahil Kumar,P00042,Projector Mini,Electronics,Zenith,3,451.92,0,108.46,5.77,1469.99,Credit Card,Delivered,Columbus,OH,United States,SELL01848
ORD0003286,28-02-2022,CUST017216,Mohit Joshi,P00048,Wireless Charger,Books,Apex,3,115.9,0.1,37.55,8.39,358.87,Credit Card,Delivered,Columbus,OH,United States,SELL01131
ORD0003287,17-02-2021,CUST041047,Arjun Kumar,P00031,Kids Toy Car,Home & Kitchen,NexPro,1,393.89,0,31.51,6.81,432.21,Debit Card,Delivered,San Antonio,TX,United Kingdom,SELL00443
ORD0003288,14-10-2024,CUST039809,Sahil Mehta,P00008,4K Monitor,Toys & Games,CoreTech,5,294.51,0.1,66.26,4.36,1395.92,Credit Card,Delivered,Chicago,IL,Canada,SELL00518
ORD0003289,10-04-2023,CUST010410,Vikas Mehta,P00018,Vacuum Cleaner,Home & Kitchen,HomeEase,2,462.36,0,110.97,7.76,1043.45,UPI,Delivered,Jacksonville,FL,Canada,SELL00630
ORD0003290,04-08-2023,CUST007762,Arjun Gupta,P00046,Car Charger,Sports & Outdoors,BrightLux,4,321.26,0.25,48.19,0.35,1012.32,UPI,Delivered,Chicago,IL,United States,SELL00713
ORD0003291,29-12-2023,CUST016222,Arjun Singh,P00011,Fitness Band,Toys & Games,FitLife,5,372.5,0,149,13.46,2024.96,Amazon Pay,Delivered,Fort Worth,TX,India,SELL01911
ORD0003292,16-11-2021,CUST009427,Aarav Verma,P00050,Novel Bestseller,Clothing,NexPro,4,141.55,0,0,9.08,575.28,Credit Card,Delivered,Philadelphia,PA,United States,SELL00584
ORD0003293,22-04-2020,CUST025069,Aarav Singh,P00026,Sunglasses,Home & Kitchen,KiddoFun,1,105.7,0,5.28,2.04,113.02,Debit Card,Delivered,Seattle,WA,United States,SELL01365
ORD0003294,06-06-2022,CUST030609,Neha Mehta,P00001,Wireless Earbuds,Books,CoreTech,4,576.54,0.2,92.25,12.01,1949.19,UPI,Delivered,Phoenix,AZ,United States,SELL00514
ORD0003295,01-05-2020,CUST038428,Arjun Verma,P00024,Yoga Mat,Books,Apex,4,446.29,0.1,80.33,0.95,1687.92,Credit Card,Delivered,San Jose,CA,United States,SELL01385
ORD0003296,16-04-2024,CUST024598,Arjun Mehta,P00042,Projector Mini,Toys & Games,BrightLux,5,506,0.3,0,4.34,1775.34,Credit Card,Returned,Dallas,TX,United States,SELL00920
ORD0003297,30-05-2023,CUST003878,Simran Kapoor,P00007,Mechanical Keyboard,Home & Kitchen,HomeEase,3,380.2,0.05,86.69,4.66,1174.92,Amazon Pay,Delivered,Jacksonville,FL,India,SELL01227
ORD0003298,12-07-2024,CUST012320,Karan Kapoor,P00032,Board Game,Clothing,Apex,3,34.4,0.05,17.65,2.03,117.72,Debit Card,Shipped,Columbus,OH,United States,SELL00107
ORD0003299,08-02-2020,CUST033113,Mohit Joshi,P00030,Dress Shirt,Books,Apex,4,278.42,0.15,113.6,2.18,1062.41,Net Banking,Delivered,Columbus,OH,Canada,SELL00074
ORD0003300,11-05-2021,CUST022384,Aman Mehta,P00042,Projector Mini,Books,BrightLux,4,579.43,0.1,104.3,8.12,2198.37,UPI,Returned,Denver,CO,United States,SELL00570
ORD0003301,18-02-2022,CUST001161,Sahil Joshi,P00046,Car Charger,Sports & Outdoors,Zenith,1,323.15,0.15,0,11.28,285.96,Amazon Pay,Delivered,San Francisco,CA,United States,SELL01564
ORD0003302,10-06-2023,CUST000484,Sunita Patel,P00032,Board Game,Books,CoreTech,2,9.76,0,3.51,7.15,30.18,Credit Card,Delivered,San Francisco,CA,India,SELL01117
ORD0003303,31-07-2022,CUST048640,Sneha Singh,P00049,Children's Book,Clothing,NexPro,4,75.29,0,54.21,2.88,358.25,Cash on Delivery,Delivered,Austin,TX,India,SELL01227
ORD0003304,02-04-2024,CUST001829,Karan Kapoor,P00025,Running Shoes,Home & Kitchen,KiddoFun,4,569.99,0,114,8.91,2402.87,Credit Card,Delivered,Fort Worth,TX,United States,SELL00618
ORD0003305,28-05-2020,CUST039489,Aarav Kapoor,P00028,Jeans,Home & Kitchen,Apex,3,560.87,0.2,0,13.61,1359.7,Amazon Pay,Delivered,Phoenix,AZ,United States,SELL01663
ORD0003306,21-11-2023,CUST026461,Neha Kumar,P00047,Memory Card 128GB,Books,ReadMore,2,247.77,0.1,53.52,4.53,504.04,Debit Card,Delivered,Chicago,IL,United States,SELL01766
ORD0003307,18-10-2022,CUST030287,Aman Gupta,P00042,Projector Mini,Books,CoreTech,1,107.72,0,12.93,7.13,127.78,Credit Card,Delivered,San Jose,CA,United States,SELL00218
ORD0003308,22-10-2021,CUST016700,Karan Reddy,P00026,Sunglasses,Electronics,ReadMore,4,286.31,0,57.26,2.35,1204.85,Debit Card,Delivered,Seattle,WA,United States,SELL01810
ORD0003309,19-07-2024,CUST045981,Ritika Patel,P00018,Vacuum Cleaner,Clothing,KiddoFun,3,536.1,0.25,60.31,9.62,1276.16,Debit Card,Delivered,Chicago,IL,United States,SELL01544
ORD0003310,28-10-2020,CUST010069,Vivaan Sharma,P00019,LED Desk Lamp,Electronics,FitLife,5,571.72,0.2,182.95,10.35,2480.18,Credit Card,Delivered,Seattle,WA,United States,SELL00236
ORD0003311,15-10-2023,CUST046143,Ritika Joshi,P00027,Winter Jacket,Toys & Games,ReadMore,5,322.75,0,290.47,7.6,1911.82,UPI,Delivered,Denver,CO,United States,SELL00836
ORD0003312,25-08-2020,CUST027212,Vikas Verma,P00018,Vacuum Cleaner,Toys & Games,UrbanStyle,2,141.67,0.2,11.33,3.73,241.73,Debit Card,Delivered,San Diego,CA,United States,SELL01319
ORD0003313,08-10-2021,CUST035098,Ritika Joshi,P00016,Air Fryer,Home & Kitchen,UrbanStyle,1,478.68,0,23.93,4.98,507.59,Credit Card,Delivered,Indianapolis,IN,India,SELL00716
ORD0003314,24-10-2021,CUST032557,Aditya Singh,P00010,Smartwatch,Toys & Games,Apex,3,57.21,0.15,7.29,1.96,155.14,Credit Card,Delivered,Phoenix,AZ,United States,SELL00072
ORD0003315,23-08-2020,CUST032607,Aman Gupta,P00007,Mechanical Keyboard,Toys & Games,ReadMore,5,579.33,0,144.83,10.54,3052.02,Credit Card,Delivered,Phoenix,AZ,India,SELL00321
ORD0003316,25-10-2024,CUST009806,Simran Reddy,P00009,Portable SSD 1TB,Books,BrightLux,5,498.17,0.05,189.3,5.26,2560.87,Net Banking,Delivered,Denver,CO,United States,SELL01998
ORD0003317,21-07-2020,CUST037239,Aditya Reddy,P00005,Laptop Sleeve,Electronics,UrbanStyle,4,13.57,0.25,4.89,4.33,49.93,Debit Card,Delivered,Los Angeles,CA,India,SELL00937
ORD0003318,12-09-2020,CUST013575,Kabir Verma,P00038,External HDD 2TB,Books,ReadMore,1,154.75,0,0,8.41,163.16,Credit Card,Delivered,Houston,TX,United States,SELL00127
ORD0003319,20-08-2021,CUST047043,Sneha Joshi,P00009,Portable SSD 1TB,Electronics,UrbanStyle,5,91.39,0.15,46.61,8.2,443.22,Debit Card,Delivered,Washington,DC,United States,SELL01461
ORD0003320,23-10-2021,CUST034869,Aditya Reddy,P00044,Power Bank 20000mAh,Electronics,UrbanStyle,1,274.75,0.05,20.88,10.78,292.67,UPI,Delivered,Denver,CO,United States,SELL01542
ORD0003321,22-08-2020,CUST000809,Ritika Gupta,P00022,Water Bottle,Clothing,BrightLux,5,278.45,0.05,158.72,3.55,1484.91,Debit Card,Delivered,Phoenix,AZ,United States,SELL01779
ORD0003322,30-09-2023,CUST004612,Kabir Sharma,P00024,Yoga Mat,Electronics,BrightLux,5,458.3,0.15,233.73,2.48,2183.98,Credit Card,Delivered,Seattle,WA,United States,SELL01728
ORD0003323,17-06-2021,CUST025090,Anjali Reddy,P00006,Gaming Mouse,Electronics,ReadMore,5,204.09,0.15,43.37,12.14,922.89,UPI,Delivered,San Antonio,TX,United States,SELL01013
ORD0003324,09-05-2022,CUST018723,Aarav Joshi,P00005,Laptop Sleeve,Sports & Outdoors,CoreTech,2,243.37,0.2,46.73,8.04,444.16,Credit Card,Delivered,Fort Worth,TX,United States,SELL00142
ORD0003325,25-12-2024,CUST040955,Simran Reddy,P00021,Backpack,Electronics,Zenith,1,118.88,0.15,18.19,5.25,124.49,Debit Card,Delivered,Denver,CO,United States,SELL00866
ORD0003326,09-12-2024,CUST005025,Neha Kapoor,P00012,Noise Cancelling Headphones,Clothing,HomeEase,2,117.15,0.05,17.81,6.44,246.84,Debit Card,Delivered,Fort Worth,TX,Australia,SELL00500
ORD0003327,29-01-2024,CUST001897,Anjali Mehta,P00014,Drone Mini,Toys & Games,HomeEase,3,447.2,0.05,101.96,6.42,1382.9,Credit Card,Delivered,Fort Worth,TX,India,SELL01006
ORD0003328,08-02-2022,CUST040370,Vikas Gupta,P00042,Projector Mini,Books,FitLife,3,308.86,0,166.78,9.71,1103.07,Amazon Pay,Delivered,Chicago,IL,United States,SELL00679
ORD0003329,24-06-2021,CUST019085,Priya Singh,P00032,Board Game,Clothing,CoreTech,4,333.59,0.2,85.4,11.01,1163.9,Net Banking,Delivered,Los Angeles,CA,United States,SELL01486
ORD0003330,31-07-2020,CUST040051,Vivaan Kapoor,P00049,Children's Book,Books,FitLife,4,61.77,0.15,10.5,14.01,234.53,Credit Card,Delivered,Dallas,TX,Canada,SELL00120
ORD0003331,07-04-2021,CUST001139,Priya Kapoor,P00033,Puzzle 1000pc,Electronics,UrbanStyle,2,484.99,0.15,65.96,5.64,896.08,UPI,Delivered,San Antonio,TX,India,SELL00565
ORD0003332,11-03-2021,CUST047879,Pooja Sharma,P00027,Winter Jacket,Home & Kitchen,FitLife,4,266.94,0.05,81.15,8.51,1104.03,UPI,Shipped,Dallas,TX,United States,SELL00683
ORD0003333,09-10-2020,CUST016508,Neha Kapoor,P00021,Backpack,Toys & Games,FitLife,1,503.26,0.05,23.9,3.76,505.76,Net Banking,Shipped,Columbus,OH,India,SELL01232
ORD0003334,04-05-2024,CUST032506,Mohit Kapoor,P00019,LED Desk Lamp,Home & Kitchen,KiddoFun,2,340.96,0.05,51.83,14.32,713.97,UPI,Delivered,Houston,TX,United States,SELL00294
ORD0003335,18-06-2024,CUST048423,Vivaan Gupta,P00023,Cookware Set,Electronics,KiddoFun,2,385.98,0,38.6,13.96,824.52,Credit Card,Delivered,Seattle,WA,United States,SELL01469
ORD0003336,26-01-2024,CUST026479,Kabir Sharma,P00030,Dress Shirt,Books,BrightLux,2,258.44,0.15,52.72,2.4,494.47,Credit Card,Delivered,Seattle,WA,United Kingdom,SELL01687
ORD0003337,01-12-2023,CUST018011,Priya Joshi,P00023,Cookware Set,Electronics,ReadMore,5,415.16,0.25,186.82,11.41,1755.08,Amazon Pay,Delivered,Phoenix,AZ,United States,SELL01860
ORD0003338,28-03-2020,CUST034353,Aditya Singh,P00019,LED Desk Lamp,Electronics,KiddoFun,2,261.59,0.3,29.3,4.31,399.84,Amazon Pay,Shipped,Los Angeles,CA,United States,SELL00791
ORD0003339,03-12-2022,CUST019843,Aman Verma,P00005,Laptop Sleeve,Sports & Outdoors,Apex,4,314.72,0,62.94,3.89,1325.71,Credit Card,Shipped,Charlotte,NC,United States,SELL01848
ORD0003340,05-04-2021,CUST021145,Pooja Gupta,P00039,Graphic Tablet,Home & Kitchen,UrbanStyle,5,268.51,0,107.4,11.47,1461.42,UPI,Shipped,San Jose,CA,United States,SELL01238
ORD0003341,04-10-2020,CUST034174,Arjun Kapoor,P00022,Water Bottle,Toys & Games,Apex,3,390.93,0,211.1,1.77,1385.66,Cash on Delivery,Delivered,Columbus,OH,India,SELL01589
ORD0003342,02-09-2024,CUST011486,Pooja Gupta,P00034,Desk Organizer,Sports & Outdoors,HomeEase,5,484.52,0.05,184.12,6.67,2492.26,Credit Card,Delivered,San Diego,CA,India,SELL00230
ORD0003343,24-02-2021,CUST026615,Pooja Sharma,P00024,Yoga Mat,Clothing,Apex,5,553.98,0.15,423.79,6.21,2784.42,Amazon Pay,Shipped,Houston,TX,India,SELL00232
ORD0003344,20-09-2024,CUST031886,Vihaan Kapoor,P00017,Electric Kettle,Sports & Outdoors,Apex,4,468.51,0,337.33,3.44,2214.81,Credit Card,Delivered,Jacksonville,FL,United Kingdom,SELL01487
ORD0003345,08-10-2023,CUST001245,Mohit Kapoor,P00010,Smartwatch,Toys & Games,Zenith,4,555.93,0.1,160.11,10.57,2172.03,Credit Card,Delivered,Phoenix,AZ,Australia,SELL00232
ORD0003346,26-11-2021,CUST005893,Arjun Joshi,P00017,Electric Kettle,Sports & Outdoors,ReadMore,3,499.86,0.1,107.97,14.45,1472.04,Amazon Pay,Delivered,San Francisco,CA,United Kingdom,SELL01455
ORD0003347,29-05-2021,CUST049351,Vikas Singh,P00040,Microphone,Books,CoreTech,2,156.13,0,37.47,6.43,356.16,Debit Card,Delivered,Charlotte,NC,United States,SELL01767
ORD0003348,03-12-2021,CUST012275,Pooja Kumar,P00004,USB-C Charger,Books,BrightLux,4,378.21,0.1,108.92,10.19,1480.67,UPI,Delivered,San Francisco,CA,India,SELL00646
ORD0003349,11-07-2024,CUST018515,Neha Singh,P00010,Smartwatch,Home & Kitchen,HomeEase,2,129.66,0.1,28.01,4.22,265.62,Debit Card,Delivered,New York,NY,United States,SELL01156
ORD0003350,19-01-2020,CUST048033,Aman Sharma,P00030,Dress Shirt,Home & Kitchen,Apex,4,399.71,0,191.86,1.24,1791.94,Credit Card,Delivered,Washington,DC,United States,SELL00158
ORD0003351,23-01-2020,CUST038391,Anjali Verma,P00011,Fitness Band,Toys & Games,UrbanStyle,4,426.84,0.2,68.29,5.16,1439.34,Debit Card,Delivered,San Diego,CA,United States,SELL00941
ORD0003352,16-02-2021,CUST017715,Arjun Kapoor,P00036,Smart Light Bulb,Toys & Games,HomeEase,5,61.18,0.15,20.8,13.62,294.44,Debit Card,Shipped,Seattle,WA,United States,SELL00386
ORD0003353,19-11-2022,CUST041943,Arjun Joshi,P00015,Instant Pot,Electronics,ReadMore,5,552.04,0.15,187.69,5.07,2538.93,Credit Card,Delivered,Dallas,TX,United States,SELL01817
ORD0003354,17-04-2020,CUST035901,Karan Mehta,P00003,Smartphone Case,Toys & Games,KiddoFun,5,434.65,0.1,97.8,12.93,2066.65,Credit Card,Delivered,Washington,DC,United States,SELL00402
ORD0003355,22-10-2023,CUST020827,Sneha Joshi,P00049,Children's Book,Home & Kitchen,NexPro,4,575.9,0.1,165.86,1.55,2240.65,Credit Card,Delivered,San Jose,CA,United States,SELL00545
ORD0003356,28-07-2023,CUST019983,Mohit Kumar,P00046,Car Charger,Toys & Games,ReadMore,2,410.51,0.05,0,5.99,785.96,Net Banking,Delivered,Austin,TX,India,SELL00920
ORD0003357,25-02-2023,CUST013672,Ritika Patel,P00031,Kids Toy Car,Books,BrightLux,4,487.89,0.15,199.06,2.77,1860.66,UPI,Delivered,Columbus,OH,United States,SELL00026
ORD0003358,06-06-2023,CUST017729,Vivaan Gupta,P00008,4K Monitor,Books,NexPro,4,492.15,0,236.23,0.62,2205.45,Credit Card,Delivered,Indianapolis,IN,United States,SELL00364
ORD0003359,08-02-2023,CUST047380,Vihaan Sharma,P00037,Router,Books,ReadMore,5,31.34,0.15,10.66,5.15,149,Amazon Pay,Shipped,Denver,CO,United States,SELL01353
ORD0003360,15-05-2020,CUST004841,Mohit Joshi,P00048,Wireless Charger,Toys & Games,HomeEase,2,181.24,0,29,14.5,405.98,Credit Card,Delivered,Los Angeles,CA,United States,SELL01246
ORD0003361,27-12-2020,CUST019696,Sunita Joshi,P00027,Winter Jacket,Clothing,BrightLux,4,367.17,0,117.49,13.11,1599.28,Amazon Pay,Delivered,San Jose,CA,United States,SELL00939
ORD0003362,24-04-2023,CUST005270,Priya Joshi,P00009,Portable SSD 1TB,Electronics,FitLife,2,96.32,0.25,11.56,5.46,161.5,Debit Card,Delivered,Chicago,IL,United States,SELL01435
ORD0003363,06-08-2024,CUST029405,Sahil Kumar,P00037,Router,Toys & Games,NexPro,4,323.22,0.1,58.18,2.21,1223.98,Amazon Pay,Delivered,Los Angeles,CA,United States,SELL00209
ORD0003364,26-05-2024,CUST000429,Sunita Mehta,P00017,Electric Kettle,Home & Kitchen,HomeEase,1,399.25,0.15,40.72,8.21,388.29,Debit Card,Cancelled,Houston,TX,India,SELL01909
ORD0003365,08-05-2020,CUST038923,Neha Gupta,P00016,Air Fryer,Toys & Games,Apex,3,212.16,0.1,68.74,14.93,656.5,Debit Card,Delivered,Denver,CO,United States,SELL00785
ORD0003366,08-07-2023,CUST035233,Arjun Reddy,P00041,Webcam Full HD,Books,Apex,4,307.01,0,221.05,4.92,1454.01,Net Banking,Delivered,Indianapolis,IN,United States,SELL01772
ORD0003367,29-05-2021,CUST049729,Karan Sharma,P00021,Backpack,Books,KiddoFun,2,503.84,0,50.38,0.6,1058.66,UPI,Delivered,Washington,DC,United States,SELL01632
ORD0003368,24-03-2021,CUST011455,Priya Joshi,P00009,Portable SSD 1TB,Electronics,CoreTech,5,173.78,0,43.44,13.82,926.16,Credit Card,Delivered,Los Angeles,CA,United States,SELL00286
ORD0003369,01-02-2023,CUST008742,Sunita Patel,P00003,Smartphone Case,Electronics,Apex,3,568.94,0.1,184.34,12.05,1732.53,Debit Card,Delivered,San Jose,CA,Australia,SELL00087
ORD0003370,15-02-2024,CUST045823,Aman Sharma,P00001,Wireless Earbuds,Sports & Outdoors,FitLife,3,381.44,0.1,185.38,7.29,1222.56,Net Banking,Delivered,Dallas,TX,United States,SELL00187
ORD0003371,01-06-2023,CUST020937,Vihaan Reddy,P00015,Instant Pot,Toys & Games,UrbanStyle,1,521.31,0,41.7,3.8,566.81,Credit Card,Delivered,Charlotte,NC,United States,SELL00978
ORD0003372,23-05-2022,CUST042253,Vikas Mehta,P00023,Cookware Set,Home & Kitchen,ReadMore,1,58.32,0,4.67,7.59,70.58,UPI,Delivered,Los Angeles,CA,United States,SELL01112
ORD0003373,23-02-2024,CUST015861,Kabir Gupta,P00021,Backpack,Home & Kitchen,UrbanStyle,4,89.92,0,43.16,6.14,408.98,Credit Card,Delivered,New York,NY,United States,SELL01225
ORD0003374,17-04-2021,CUST043252,Anjali Gupta,P00020,Office Chair,Toys & Games,ReadMore,3,558.39,0.05,79.57,9.03,1680.01,UPI,Delivered,Seattle,WA,United Kingdom,SELL00987
ORD0003375,30-10-2022,CUST037144,Pooja Verma,P00024,Yoga Mat,Electronics,NexPro,2,26.33,0,0,3.84,56.5,Credit Card,Delivered,Phoenix,AZ,United Kingdom,SELL00744
ORD0003376,29-11-2023,CUST019604,Pooja Kapoor,P00019,LED Desk Lamp,Books,UrbanStyle,5,425.58,0.05,101.08,5.27,2127.86,UPI,Delivered,Seattle,WA,United States,SELL01064
ORD0003377,28-10-2020,CUST024107,Sunita Joshi,P00010,Smartwatch,Books,Apex,3,467.26,0.25,0,14.35,1065.68,Debit Card,Delivered,Indianapolis,IN,United States,SELL01225
ORD0003378,18-08-2020,CUST009325,Sneha Kapoor,P00006,Gaming Mouse,Toys & Games,Apex,5,524.8,0.05,199.42,0.69,2692.91,Net Banking,Delivered,Philadelphia,PA,United States,SELL01963
ORD0003379,20-10-2024,CUST028089,Rohit Reddy,P00019,LED Desk Lamp,Sports & Outdoors,Apex,4,558.72,0,178.79,1.17,2414.84,Amazon Pay,Delivered,New York,NY,United States,SELL00400
ORD0003380,11-07-2022,CUST010689,Anjali Singh,P00041,Webcam Full HD,Sports & Outdoors,NexPro,1,221.55,0.05,25.26,12.16,247.89,Debit Card,Delivered,Jacksonville,FL,United States,SELL01909
ORD0003381,25-12-2022,CUST043964,Anjali Reddy,P00018,Vacuum Cleaner,Home & Kitchen,CoreTech,1,185.91,0,14.87,0.86,201.64,Debit Card,Delivered,Fort Worth,TX,United States,SELL01798
ORD0003382,25-07-2022,CUST009771,Aarav Sharma,P00049,Children's Book,Home & Kitchen,Apex,5,199.45,0.2,39.89,9.03,846.72,UPI,Delivered,Indianapolis,IN,United States,SELL01883
ORD0003383,21-04-2020,CUST000852,Aditya Sharma,P00025,Running Shoes,Books,CoreTech,2,24.24,0.1,5.24,4.03,52.9,UPI,Returned,San Antonio,TX,Canada,SELL01684
ORD0003384,02-11-2022,CUST025704,Karan Verma,P00035,Desk Plant,Toys & Games,FitLife,2,82.56,0.15,11.23,10.13,161.71,Cash on Delivery,Delivered,Dallas,TX,United States,SELL01329
ORD0003385,17-11-2023,CUST027841,Aman Verma,P00019,LED Desk Lamp,Electronics,KiddoFun,4,491.09,0.05,149.29,6.65,2022.08,Debit Card,Delivered,New York,NY,India,SELL00034
ORD0003386,14-05-2021,CUST037491,Simran Patel,P00048,Wireless Charger,Sports & Outdoors,Apex,4,276.38,0,55.28,11.33,1172.13,Debit Card,Delivered,Denver,CO,Australia,SELL01377
ORD0003387,20-07-2022,CUST041534,Sneha Gupta,P00039,Graphic Tablet,Home & Kitchen,HomeEase,2,44.6,0,4.46,2.31,95.97,Debit Card,Delivered,Jacksonville,FL,United States,SELL00032
ORD0003388,20-08-2021,CUST025798,Pooja Kumar,P00020,Office Chair,Toys & Games,Zenith,4,305.91,0.2,78.31,5.49,1062.71,Amazon Pay,Delivered,San Jose,CA,United States,SELL01719
ORD0003389,21-08-2020,CUST006908,Vivaan Sharma,P00018,Vacuum Cleaner,Home & Kitchen,UrbanStyle,5,177.98,0,44.5,7.45,941.85,Credit Card,Delivered,San Jose,CA,United States,SELL00906
ORD0003390,24-08-2021,CUST030825,Kabir Verma,P00015,Instant Pot,Books,BrightLux,5,299.44,0,119.78,12.31,1629.29,Debit Card,Pending,Indianapolis,IN,United States,SELL01253
ORD0003391,09-11-2020,CUST012317,Vivaan Kapoor,P00035,Desk Plant,Sports & Outdoors,KiddoFun,3,576.17,0.2,110.62,13.97,1507.4,UPI,Delivered,Washington,DC,United States,SELL00327
ORD0003392,19-07-2021,CUST045225,Rohit Kapoor,P00028,Jeans,Books,KiddoFun,1,461.5,0.05,35.07,8.74,482.23,Debit Card,Delivered,New York,NY,Canada,SELL01450
ORD0003393,01-11-2022,CUST017935,Vihaan Verma,P00048,Wireless Charger,Sports & Outdoors,CoreTech,2,597.12,0.2,47.77,2.02,1005.18,Debit Card,Delivered,Philadelphia,PA,United States,SELL01710
ORD0003394,27-07-2020,CUST009061,Aditya Kapoor,P00015,Instant Pot,Sports & Outdoors,BrightLux,5,538.33,0.05,306.85,7.78,2871.7,Amazon Pay,Delivered,Washington,DC,United States,SELL00193
ORD0003395,03-11-2022,CUST007699,Arjun Mehta,P00029,T-Shirt,Sports & Outdoors,KiddoFun,3,59.39,0,32.07,5.08,215.32,Credit Card,Shipped,Indianapolis,IN,United States,SELL01103
ORD0003396,14-07-2024,CUST021368,Ritika Singh,P00023,Cookware Set,Electronics,UrbanStyle,2,234.43,0,23.44,6.34,498.64,Credit Card,Delivered,San Antonio,TX,Australia,SELL00595
ORD0003397,12-12-2023,CUST006601,Vihaan Singh,P00001,Wireless Earbuds,Home & Kitchen,NexPro,3,273.34,0.1,59.04,7.68,804.74,Net Banking,Shipped,Denver,CO,United States,SELL01921
ORD0003398,31-12-2023,CUST048617,Pooja Gupta,P00023,Cookware Set,Toys & Games,CoreTech,2,262.87,0,94.63,10.73,631.1,Credit Card,Delivered,Seattle,WA,United States,SELL00775
ORD0003399,01-11-2023,CUST006587,Simran Verma,P00028,Jeans,Electronics,HomeEase,4,91.02,0.15,24.76,6.46,340.69,Debit Card,Delivered,Austin,TX,Canada,SELL00163
ORD0003400,09-11-2022,CUST009553,Simran Gupta,P00020,Office Chair,Books,BrightLux,1,495,0.15,0,4.57,425.32,Debit Card,Delivered,Indianapolis,IN,United States,SELL01551
ORD0003401,09-08-2021,CUST015968,Karan Patel,P00040,Microphone,Toys & Games,UrbanStyle,2,330.09,0,0,3.57,663.75,Net Banking,Pending,Denver,CO,United States,SELL01068
ORD0003402,13-11-2024,CUST029468,Pooja Singh,P00035,Desk Plant,Clothing,UrbanStyle,5,383.9,0,230.34,14.84,2164.68,Debit Card,Delivered,Seattle,WA,United States,SELL01982
ORD0003403,24-10-2024,CUST022714,Aditya Gupta,P00007,Mechanical Keyboard,Sports & Outdoors,UrbanStyle,4,596.04,0.05,0,9.27,2274.22,Credit Card,Delivered,Dallas,TX,United States,SELL01307
ORD0003404,11-10-2022,CUST036405,Vivaan Mehta,P00049,Children's Book,Sports & Outdoors,NexPro,3,427.45,0,64.12,5.8,1352.27,Credit Card,Shipped,Jacksonville,FL,United States,SELL01552
ORD0003405,29-12-2022,CUST032765,Sunita Patel,P00042,Projector Mini,Electronics,UrbanStyle,2,113.86,0.2,32.79,3.96,218.93,Amazon Pay,Delivered,Seattle,WA,United States,SELL01363
ORD0003406,19-05-2023,CUST043306,Vivaan Gupta,P00036,Smart Light Bulb,Home & Kitchen,HomeEase,4,568.11,0.25,136.35,11.05,1851.73,Cash on Delivery,Returned,Los Angeles,CA,United States,SELL00262
ORD0003407,29-01-2023,CUST031561,Pooja Singh,P00046,Car Charger,Books,Zenith,2,102.48,0.1,9.22,9.43,203.11,Amazon Pay,Shipped,Dallas,TX,United States,SELL01957
ORD0003408,28-11-2021,CUST032347,Simran Verma,P00031,Kids Toy Car,Home & Kitchen,Apex,4,263.23,0.05,80.02,9.27,1089.56,Debit Card,Pending,Dallas,TX,United States,SELL00126
ORD0003409,11-05-2020,CUST009671,Neha Kumar,P00044,Power Bank 20000mAh,Clothing,Zenith,3,426.62,0.3,44.8,4.17,944.87,Amazon Pay,Delivered,San Jose,CA,United States,SELL00415
ORD0003410,04-07-2024,CUST028121,Kabir Mehta,P00041,Webcam Full HD,Sports & Outdoors,NexPro,2,281.3,0.15,38.26,0.15,516.62,Amazon Pay,Delivered,Seattle,WA,India,SELL01127
ORD0003411,05-11-2023,CUST018398,Mohit Joshi,P00037,Router,Electronics,NexPro,5,31.44,0.3,8.8,7.15,125.99,Credit Card,Delivered,San Jose,CA,United States,SELL00421
ORD0003412,01-03-2023,CUST044109,Vihaan Singh,P00034,Desk Organizer,Toys & Games,Zenith,3,328.8,0,118.37,3.66,1108.43,Credit Card,Shipped,Los Angeles,CA,United States,SELL00456
ORD0003413,09-11-2022,CUST039554,Sahil Mehta,P00005,Laptop Sleeve,Clothing,CoreTech,4,46.35,0,14.83,0.53,200.76,Amazon Pay,Delivered,Columbus,OH,Australia,SELL00743
ORD0003414,19-06-2021,CUST017042,Rohit Kapoor,P00011,Fitness Band,Clothing,NexPro,5,301.35,0.15,230.53,9.94,1521.21,UPI,Delivered,Jacksonville,FL,United States,SELL00936
ORD0003415,10-10-2022,CUST033013,Vihaan Joshi,P00033,Puzzle 1000pc,Clothing,UrbanStyle,2,191.71,0.15,39.11,3.8,368.82,Credit Card,Delivered,Chicago,IL,United States,SELL00298
ORD0003416,14-08-2020,CUST037882,Pooja Verma,P00016,Air Fryer,Home & Kitchen,ReadMore,5,549.25,0,137.31,8.74,2892.3,Credit Card,Delivered,Washington,DC,United States,SELL00182
ORD0003417,23-03-2023,CUST020149,Vivaan Verma,P00041,Webcam Full HD,Sports & Outdoors,HomeEase,3,255.65,0.05,36.43,6.52,771.55,Credit Card,Delivered,Denver,CO,United States,SELL00720
ORD0003418,31-10-2024,CUST024712,Aditya Kapoor,P00035,Desk Plant,Toys & Games,UrbanStyle,2,458.61,0.2,36.69,4.86,775.33,Debit Card,Delivered,Indianapolis,IN,United States,SELL01314
ORD0003419,01-02-2024,CUST013449,Pooja Joshi,P00013,Action Camera,Toys & Games,HomeEase,2,186.87,0,18.69,10.96,403.39,Credit Card,Returned,Austin,TX,United Kingdom,SELL00768
ORD0003420,01-04-2022,CUST041165,Aarav Joshi,P00026,Sunglasses,Books,NexPro,5,236.15,0.05,56.09,14.53,1192.33,Credit Card,Shipped,New York,NY,United States,SELL01987
ORD0003421,20-05-2022,CUST009076,Arjun Sharma,P00002,Bluetooth Speaker,Sports & Outdoors,KiddoFun,2,283.76,0,0,1.41,568.93,Debit Card,Delivered,Philadelphia,PA,Australia,SELL01754
ORD0003422,08-02-2021,CUST003733,Vivaan Mehta,P00020,Office Chair,Clothing,CoreTech,3,353.77,0,127.36,9.66,1198.33,Amazon Pay,Delivered,Philadelphia,PA,Canada,SELL01881
ORD0003423,20-07-2020,CUST030780,Pooja Singh,P00013,Action Camera,Home & Kitchen,BrightLux,5,128.37,0.2,92.43,8.93,614.84,Debit Card,Delivered,Charlotte,NC,Canada,SELL00710
ORD0003424,07-02-2020,CUST040775,Anjali Mehta,P00031,Kids Toy Car,Toys & Games,HomeEase,1,287.13,0,14.36,8.36,309.85,Net Banking,Delivered,Charlotte,NC,United States,SELL01890
ORD0003425,30-07-2022,CUST030111,Ritika Sharma,P00003,Smartphone Case,Electronics,UrbanStyle,5,189.67,0.05,162.17,14.75,1077.85,Amazon Pay,Delivered,Columbus,OH,United States,SELL00145
ORD0003426,30-11-2024,CUST025461,Aman Joshi,P00025,Running Shoes,Sports & Outdoors,HomeEase,1,268.76,0,32.25,8.34,309.35,Debit Card,Delivered,San Antonio,TX,United States,SELL01574
ORD0003427,06-07-2020,CUST047742,Neha Mehta,P00033,Puzzle 1000pc,Sports & Outdoors,Zenith,2,361.69,0.15,49.19,3.57,667.63,UPI,Delivered,Charlotte,NC,United States,SELL01308
ORD0003428,16-12-2022,CUST009175,Sunita Verma,P00037,Router,Clothing,Zenith,1,259.1,0,20.73,12.45,292.28,Debit Card,Shipped,Seattle,WA,United States,SELL00660
ORD0003429,29-07-2022,CUST010637,Sahil Kumar,P00040,Microphone,Home & Kitchen,CoreTech,4,47.74,0,22.92,8.86,222.74,Net Banking,Shipped,San Diego,CA,United States,SELL00250
ORD0003430,09-11-2022,CUST014381,Aarav Mehta,P00030,Dress Shirt,Electronics,FitLife,4,231.26,0,46.25,14.73,986.02,Credit Card,Delivered,Dallas,TX,India,SELL01868
ORD0003431,29-09-2020,CUST024548,Neha Verma,P00002,Bluetooth Speaker,Home & Kitchen,KiddoFun,5,73.05,0.15,24.84,11.65,346.95,Debit Card,Delivered,Washington,DC,United States,SELL01987
ORD0003432,16-02-2023,CUST030722,Ritika Reddy,P00031,Kids Toy Car,Toys & Games,Apex,4,525.01,0.05,0,9.65,2004.69,UPI,Delivered,Phoenix,AZ,United States,SELL00430
ORD0003433,05-08-2021,CUST005282,Vikas Patel,P00034,Desk Organizer,Clothing,HomeEase,4,185.19,0.15,75.56,2.55,707.76,Debit Card,Delivered,San Antonio,TX,India,SELL00403
ORD0003434,30-05-2021,CUST025282,Priya Mehta,P00007,Mechanical Keyboard,Sports & Outdoors,KiddoFun,1,405.2,0.15,0,2.44,346.86,UPI,Delivered,Chicago,IL,United Kingdom,SELL00678
ORD0003435,29-05-2023,CUST002607,Vivaan Verma,P00018,Vacuum Cleaner,Home & Kitchen,FitLife,2,591.16,0,212.82,3.53,1398.67,Debit Card,Delivered,Phoenix,AZ,United States,SELL00571
ORD0003436,09-06-2021,CUST026850,Vikas Reddy,P00036,Smart Light Bulb,Electronics,UrbanStyle,1,208.46,0.15,31.89,6.78,215.86,Net Banking,Delivered,Austin,TX,United States,SELL01080
ORD0003437,18-03-2024,CUST041986,Anjali Verma,P00020,Office Chair,Home & Kitchen,CoreTech,5,70.88,0.15,54.22,10.12,365.58,Credit Card,Shipped,San Diego,CA,United Kingdom,SELL00213
ORD0003438,17-10-2024,CUST036052,Simran Gupta,P00023,Cookware Set,Toys & Games,HomeEase,5,46.56,0.2,33.52,13.84,233.6,Amazon Pay,Delivered,New York,NY,India,SELL01671
ORD0003439,30-10-2024,CUST034085,Rohit Singh,P00034,Desk Organizer,Home & Kitchen,NexPro,2,401.42,0.05,38.13,13.1,813.93,Credit Card,Shipped,Jacksonville,FL,United States,SELL00838
ORD0003440,01-12-2020,CUST035920,Sahil Sharma,P00042,Projector Mini,Toys & Games,KiddoFun,3,474.45,0,113.87,12.19,1549.41,Debit Card,Delivered,San Diego,CA,United States,SELL00633
ORD0003441,28-11-2021,CUST032887,Sunita Kumar,P00001,Wireless Earbuds,Books,HomeEase,3,336.83,0,121.26,0.03,1131.78,UPI,Delivered,Austin,TX,India,SELL01219
ORD0003442,14-12-2022,CUST004694,Priya Mehta,P00036,Smart Light Bulb,Clothing,ReadMore,4,533.11,0.1,153.54,12.2,2084.94,Debit Card,Delivered,Seattle,WA,United States,SELL00685
ORD0003443,14-05-2021,CUST014904,Vihaan Patel,P00002,Bluetooth Speaker,Toys & Games,CoreTech,1,246.79,0.05,18.76,6.5,259.71,UPI,Delivered,Philadelphia,PA,United States,SELL00699
ORD0003444,18-06-2022,CUST039487,Neha Verma,P00006,Gaming Mouse,Electronics,UrbanStyle,2,164.55,0.1,23.7,12.84,332.73,Debit Card,Delivered,Seattle,WA,United States,SELL00993
ORD0003445,04-02-2022,CUST012296,Simran Kumar,P00035,Desk Plant,Sports & Outdoors,NexPro,4,7.67,0.1,0,1.08,28.69,Amazon Pay,Cancelled,Austin,TX,Canada,SELL01230
ORD0003446,19-06-2021,CUST034677,Arjun Sharma,P00026,Sunglasses,Home & Kitchen,NexPro,5,463.11,0,115.78,7.9,2439.23,Credit Card,Delivered,Houston,TX,United States,SELL01440
ORD0003447,10-06-2020,CUST020470,Rohit Sharma,P00008,4K Monitor,Sports & Outdoors,ReadMore,5,488.19,0,122.05,3.66,2566.66,UPI,Delivered,Phoenix,AZ,India,SELL01206
ORD0003448,20-08-2024,CUST039147,Ritika Kumar,P00045,Phone Tripod,Toys & Games,FitLife,2,191.68,0.1,62.1,7.39,414.51,Credit Card,Delivered,Los Angeles,CA,United States,SELL01158
ORD0003449,16-08-2021,CUST033195,Neha Mehta,P00001,Wireless Earbuds,Home & Kitchen,Zenith,3,527.09,0,79.06,5.99,1666.32,Credit Card,Delivered,San Francisco,CA,United States,SELL01890
ORD0003450,07-06-2020,CUST010842,Aditya Reddy,P00029,T-Shirt,Sports & Outdoors,UrbanStyle,5,115.93,0.15,24.64,9.7,527.04,Credit Card,Delivered,Dallas,TX,United States,SELL01298
ORD0003451,26-04-2023,CUST005736,Priya Joshi,P00014,Drone Mini,Sports & Outdoors,NexPro,4,575.3,0.1,0,11.47,2082.55,Debit Card,Delivered,San Jose,CA,India,SELL01824
ORD0003452,29-02-2020,CUST026903,Sahil Joshi,P00027,Winter Jacket,Clothing,Apex,5,333.97,0,83.49,14.38,1767.72,Debit Card,Delivered,Houston,TX,United States,SELL00704
ORD0003453,03-07-2022,CUST048016,Aarav Sharma,P00034,Desk Organizer,Home & Kitchen,NexPro,3,7.39,0.15,2.26,3.19,24.29,Cash on Delivery,Cancelled,Seattle,WA,United States,SELL00339
ORD0003454,04-09-2023,CUST047957,Anjali Sharma,P00049,Children's Book,Books,FitLife,2,238.87,0.05,36.31,8.19,498.35,UPI,Shipped,Jacksonville,FL,United States,SELL01668
ORD0003455,29-07-2020,CUST005882,Anjali Sharma,P00026,Sunglasses,Clothing,NexPro,4,37.51,0,18,14.33,182.37,Credit Card,Delivered,Fort Worth,TX,India,SELL00333
ORD0003456,09-02-2021,CUST033408,Sunita Verma,P00035,Desk Plant,Toys & Games,BrightLux,3,13.42,0.05,3.06,1.04,42.35,Credit Card,Shipped,Los Angeles,CA,United States,SELL01291
ORD0003457,25-10-2021,CUST031080,Rohit Reddy,P00032,Board Game,Books,KiddoFun,2,142.11,0,51.16,9.54,344.92,Debit Card,Pending,San Jose,CA,United States,SELL00691
ORD0003458,06-02-2023,CUST009396,Simran Reddy,P00018,Vacuum Cleaner,Electronics,NexPro,5,141.92,0.05,33.71,12.06,719.89,Amazon Pay,Delivered,Chicago,IL,Canada,SELL00044
ORD0003459,04-01-2023,CUST045661,Arjun Kapoor,P00042,Projector Mini,Home & Kitchen,HomeEase,5,55.65,0,22.26,4.23,304.74,Debit Card,Delivered,San Jose,CA,Australia,SELL01005
ORD0003460,25-06-2021,CUST036534,Sneha Verma,P00032,Board Game,Toys & Games,CoreTech,4,561.01,0.25,134.64,1.87,1819.54,Amazon Pay,Delivered,Fort Worth,TX,United States,SELL00427
ORD0003461,30-08-2023,CUST047316,Vivaan Singh,P00011,Fitness Band,Clothing,FitLife,5,235.82,0.05,0,9.95,1130.09,Debit Card,Cancelled,San Jose,CA,United States,SELL01204
ORD0003462,24-09-2022,CUST035532,Neha Sharma,P00038,External HDD 2TB,Home & Kitchen,BrightLux,3,254.87,0.15,51.99,2.96,704.87,Credit Card,Delivered,San Antonio,TX,United States,SELL00062
ORD0003463,14-02-2023,CUST039461,Neha Kapoor,P00013,Action Camera,Toys & Games,ReadMore,2,77.53,0,12.4,8.2,175.66,UPI,Delivered,Jacksonville,FL,United States,SELL01175
ORD0003464,15-07-2022,CUST026842,Vivaan Kumar,P00026,Sunglasses,Clothing,FitLife,1,299.82,0,23.99,2.48,326.29,Credit Card,Delivered,San Jose,CA,India,SELL01859
ORD0003465,17-05-2022,CUST024003,Arjun Sharma,P00044,Power Bank 20000mAh,Toys & Games,KiddoFun,1,199.93,0,0,0.88,200.81,Credit Card,Delivered,Houston,TX,United States,SELL01573
ORD0003466,23-09-2024,CUST000146,Mohit Sharma,P00032,Board Game,Books,CoreTech,2,463.07,0.05,43.99,11.89,935.71,Credit Card,Delivered,Indianapolis,IN,United States,SELL01883
ORD0003467,19-01-2020,CUST019515,Priya Verma,P00015,Instant Pot,Clothing,KiddoFun,2,565.81,0.1,122.21,5.33,1146,Debit Card,Cancelled,New York,NY,India,SELL01228
ORD0003468,07-03-2021,CUST047745,Simran Kapoor,P00032,Board Game,Books,Zenith,4,318.18,0,63.64,10.05,1346.41,UPI,Delivered,Chicago,IL,United States,SELL01270
ORD0003469,04-09-2024,CUST015851,Mohit Kapoor,P00024,Yoga Mat,Toys & Games,ReadMore,1,399.99,0.1,43.2,12.55,415.74,UPI,Delivered,Houston,TX,United States,SELL01744
ORD0003470,09-01-2022,CUST009249,Aditya Verma,P00031,Kids Toy Car,Books,NexPro,3,391.56,0.2,112.77,6.61,1059.12,UPI,Delivered,Charlotte,NC,United States,SELL00988
ORD0003471,05-10-2023,CUST007134,Vihaan Joshi,P00027,Winter Jacket,Clothing,HomeEase,3,352.97,0,52.95,2.62,1114.48,Debit Card,Delivered,Charlotte,NC,United States,SELL00877
ORD0003472,01-07-2020,CUST015894,Kabir Kapoor,P00033,Puzzle 1000pc,Toys & Games,ReadMore,5,422.79,0.1,152.2,4.21,2058.96,Cash on Delivery,Delivered,Indianapolis,IN,India,SELL00115
ORD0003473,22-04-2020,CUST034226,Sneha Verma,P00038,External HDD 2TB,Clothing,KiddoFun,1,425.13,0.15,0,1.45,362.81,Net Banking,Delivered,Chicago,IL,United States,SELL01643
ORD0003474,21-04-2023,CUST044749,Rohit Mehta,P00014,Drone Mini,Electronics,KiddoFun,4,529.49,0,105.9,3.02,2226.88,Debit Card,Delivered,San Diego,CA,Australia,SELL00711
ORD0003475,25-04-2021,CUST031925,Anjali Mehta,P00050,Novel Bestseller,Home & Kitchen,ReadMore,1,436.9,0.1,70.78,7.16,471.15,Net Banking,Delivered,Washington,DC,United States,SELL01689
ORD0003476,15-03-2023,CUST017458,Anjali Verma,P00050,Novel Bestseller,Clothing,ReadMore,1,307.62,0.1,13.84,9.36,300.06,UPI,Pending,Austin,TX,United States,SELL01380
ORD0003477,10-04-2022,CUST043330,Ritika Reddy,P00009,Portable SSD 1TB,Clothing,NexPro,5,577.34,0.05,137.12,14.56,2894.04,Credit Card,Delivered,Dallas,TX,United States,SELL00854
ORD0003478,09-07-2024,CUST034291,Arjun Patel,P00046,Car Charger,Clothing,BrightLux,4,595.48,0.2,228.66,14.5,2148.7,Credit Card,Shipped,Seattle,WA,Australia,SELL00363
ORD0003479,10-02-2023,CUST027731,Rohit Sharma,P00001,Wireless Earbuds,Toys & Games,Apex,4,188.64,0.05,129.03,0.54,846.4,Credit Card,Delivered,Phoenix,AZ,United States,SELL00483
ORD0003480,01-02-2022,CUST033304,Ritika Singh,P00041,Webcam Full HD,Electronics,ReadMore,1,313.63,0,37.64,12.41,363.68,Debit Card,Delivered,Columbus,OH,United States,SELL00598
ORD0003481,20-04-2021,CUST048020,Anjali Verma,P00049,Children's Book,Home & Kitchen,ReadMore,5,464.34,0.05,110.28,7.55,2323.45,Amazon Pay,Cancelled,Dallas,TX,United States,SELL00917
ORD0003482,01-02-2022,CUST033529,Vihaan Gupta,P00002,Bluetooth Speaker,Sports & Outdoors,Apex,1,545.43,0,27.27,5.05,577.75,Credit Card,Cancelled,Houston,TX,United States,SELL00397
ORD0003483,19-08-2023,CUST013411,Arjun Mehta,P00027,Winter Jacket,Sports & Outdoors,FitLife,2,437.83,0.1,141.86,13.14,943.09,Credit Card,Delivered,Philadelphia,PA,India,SELL01448
ORD0003484,28-08-2022,CUST048962,Mohit Patel,P00041,Webcam Full HD,Books,CoreTech,4,549.27,0.05,166.98,0.54,2254.75,Credit Card,Cancelled,Denver,CO,United States,SELL00616
ORD0003485,16-10-2022,CUST047814,Sahil Singh,P00049,Children's Book,Home & Kitchen,Zenith,3,57.75,0,13.86,1.4,188.51,Credit Card,Delivered,Austin,TX,United States,SELL00005
ORD0003486,15-02-2023,CUST047931,Simran Kumar,P00013,Action Camera,Sports & Outdoors,UrbanStyle,1,84.97,0.1,3.82,5.38,85.67,Credit Card,Shipped,Charlotte,NC,United States,SELL01066
ORD0003487,09-06-2020,CUST024784,Ritika Sharma,P00040,Microphone,Sports & Outdoors,FitLife,1,374.38,0,44.93,5.01,424.32,Net Banking,Delivered,Columbus,OH,United States,SELL00089
ORD0003488,04-02-2021,CUST008100,Arjun Verma,P00045,Phone Tripod,Home & Kitchen,KiddoFun,4,451.79,0.1,130.12,1.3,1757.86,Credit Card,Delivered,Los Angeles,CA,United States,SELL00785
ORD0003489,16-07-2020,CUST045954,Kabir Mehta,P00047,Memory Card 128GB,Toys & Games,UrbanStyle,3,548.85,0,131.72,2.06,1780.33,Amazon Pay,Delivered,San Antonio,TX,United States,SELL00872
ORD0003490,07-07-2023,CUST003264,Mohit Sharma,P00015,Instant Pot,Home & Kitchen,KiddoFun,2,233.71,0.05,53.29,11.02,508.36,Credit Card,Shipped,San Jose,CA,United States,SELL00720
ORD0003491,21-10-2021,CUST001998,Neha Verma,P00016,Air Fryer,Home & Kitchen,NexPro,2,176.1,0,17.61,2.49,372.3,Credit Card,Shipped,New York,NY,United States,SELL00787
ORD0003492,10-11-2024,CUST020390,Aarav Sharma,P00017,Electric Kettle,Home & Kitchen,HomeEase,3,175.38,0,94.71,9.43,630.28,Debit Card,Delivered,Denver,CO,United States,SELL01318
ORD0003493,06-12-2022,CUST000026,Mohit Verma,P00047,Memory Card 128GB,Electronics,CoreTech,2,255.98,0,25.6,11.4,548.96,UPI,Delivered,Phoenix,AZ,India,SELL01219
ORD0003494,02-02-2021,CUST008699,Ritika Gupta,P00033,Puzzle 1000pc,Toys & Games,Zenith,2,475.96,0.05,108.52,4.18,1017.02,Debit Card,Delivered,Dallas,TX,United States,SELL01616
ORD0003495,29-09-2024,CUST030868,Karan Joshi,P00036,Smart Light Bulb,Electronics,BrightLux,5,218.36,0,54.59,8.82,1155.21,Debit Card,Delivered,Houston,TX,United States,SELL01185
ORD0003496,01-05-2024,CUST020858,Arjun Kumar,P00011,Fitness Band,Clothing,CoreTech,4,112.18,0.2,28.72,12.74,400.44,Credit Card,Delivered,Charlotte,NC,United States,SELL01395
ORD0003497,18-03-2020,CUST007684,Arjun Gupta,P00029,T-Shirt,Books,HomeEase,2,370.05,0.1,53.29,8.75,728.13,UPI,Shipped,New York,NY,Australia,SELL00545
ORD0003498,03-05-2020,CUST043988,Aman Joshi,P00043,HDMI Cable 2m,Electronics,KiddoFun,3,339.77,0.05,0,8.82,977.16,Net Banking,Delivered,Chicago,IL,United States,SELL00103
ORD0003499,15-03-2020,CUST008152,Karan Kumar,P00004,USB-C Charger,Electronics,BrightLux,5,563.82,0.1,202.98,10.9,2751.07,Credit Card,Delivered,San Jose,CA,United States,SELL01431
ORD0003500,16-05-2020,CUST020545,Mohit Kapoor,P00037,Router,Home & Kitchen,KiddoFun,1,186.1,0,14.89,6.04,207.03,Net Banking,Delivered,Fort Worth,TX,United States,SELL00047
ORD0003501,24-08-2021,CUST031449,Vivaan Kapoor,P00020,Office Chair,Home & Kitchen,ReadMore,4,543.58,0,173.95,9.03,2357.3,UPI,Delivered,Phoenix,AZ,United States,SELL00506
ORD0003502,24-11-2023,CUST036750,Mohit Joshi,P00009,Portable SSD 1TB,Electronics,Zenith,5,82.2,0,49.32,14.53,474.85,Credit Card,Shipped,San Francisco,CA,United States,SELL00253
ORD0003503,16-04-2022,CUST035619,Kabir Verma,P00048,Wireless Charger,Toys & Games,HomeEase,2,348.54,0,55.77,9.57,762.42,Credit Card,Shipped,Washington,DC,Canada,SELL00916
ORD0003504,08-03-2024,CUST031349,Priya Patel,P00048,Wireless Charger,Books,KiddoFun,2,143.01,0,22.88,14.21,323.11,Debit Card,Shipped,Seattle,WA,United States,SELL00483
ORD0003505,14-05-2021,CUST049749,Karan Sharma,P00004,USB-C Charger,Books,KiddoFun,3,494.28,0.3,51.9,13.7,1103.59,Cash on Delivery,Delivered,New York,NY,United States,SELL01476
ORD0003506,15-05-2024,CUST012084,Sahil Kumar,P00046,Car Charger,Clothing,UrbanStyle,1,324.87,0.1,14.62,10.68,317.68,Debit Card,Shipped,Houston,TX,United States,SELL01270
ORD0003507,17-05-2020,CUST039191,Rohit Verma,P00046,Car Charger,Electronics,CoreTech,3,33.77,0.15,6.89,11.75,104.75,UPI,Delivered,Phoenix,AZ,India,SELL01837
ORD0003508,19-02-2020,CUST012654,Aman Verma,P00008,4K Monitor,Home & Kitchen,CoreTech,2,417.15,0.15,127.65,1.99,838.8,Debit Card,Pending,Charlotte,NC,United Kingdom,SELL01658
ORD0003509,29-11-2024,CUST022292,Kabir Patel,P00024,Yoga Mat,Home & Kitchen,FitLife,1,470.16,0,23.51,1.25,494.92,Amazon Pay,Delivered,Chicago,IL,United States,SELL01721
ORD0003510,30-08-2022,CUST022362,Sahil Reddy,P00001,Wireless Earbuds,Toys & Games,NexPro,2,128.68,0.05,12.22,7.73,264.44,Credit Card,Delivered,San Diego,CA,United States,SELL00849
ORD0003511,30-06-2024,CUST044827,Sneha Joshi,P00004,USB-C Charger,Clothing,KiddoFun,3,534.47,0,128.27,2.34,1734.02,Net Banking,Delivered,San Francisco,CA,United States,SELL00574
ORD0003512,06-07-2024,CUST000169,Rohit Gupta,P00042,Projector Mini,Books,Zenith,4,552.41,0.05,377.85,4.31,2481.32,Credit Card,Shipped,Charlotte,NC,India,SELL00620
ORD0003513,10-09-2020,CUST047524,Vivaan Kumar,P00029,T-Shirt,Sports & Outdoors,KiddoFun,3,275.45,0.05,94.2,10.64,889.87,Amazon Pay,Delivered,Indianapolis,IN,India,SELL01643
ORD0003514,11-07-2024,CUST034692,Vihaan Singh,P00022,Water Bottle,Home & Kitchen,KiddoFun,5,381.59,0,95.4,9.57,2012.92,Debit Card,Delivered,Chicago,IL,United States,SELL00402
ORD0003515,10-12-2021,CUST013164,Neha Joshi,P00020,Office Chair,Electronics,Zenith,4,12.86,0.05,8.8,10.16,67.83,Debit Card,Returned,Los Angeles,CA,United States,SELL00860
ORD0003516,16-07-2021,CUST015868,Mohit Singh,P00031,Kids Toy Car,Electronics,BrightLux,4,553.33,0.3,0,8.68,1558,Cash on Delivery,Shipped,Phoenix,AZ,United States,SELL00268
ORD0003517,26-01-2022,CUST039275,Vivaan Sharma,P00028,Jeans,Clothing,KiddoFun,4,215.43,0.1,62.04,1.86,839.45,Amazon Pay,Delivered,Denver,CO,United States,SELL00414
ORD0003518,20-12-2023,CUST040423,Vikas Gupta,P00029,T-Shirt,Sports & Outdoors,UrbanStyle,3,588.61,0.1,127.14,9.62,1726.01,Cash on Delivery,Shipped,San Antonio,TX,India,SELL00725
ORD0003519,30-06-2021,CUST022612,Rohit Mehta,P00029,T-Shirt,Home & Kitchen,CoreTech,4,210.75,0.2,53.95,13.76,742.11,Credit Card,Delivered,Denver,CO,United Kingdom,SELL01442
ORD0003520,18-08-2023,CUST007626,Pooja Patel,P00020,Office Chair,Home & Kitchen,Zenith,1,284.74,0.1,12.81,0.59,269.67,Amazon Pay,Delivered,Charlotte,NC,India,SELL00413
ORD0003521,10-07-2022,CUST036845,Kabir Joshi,P00048,Wireless Charger,Clothing,UrbanStyle,5,574.66,0.05,136.48,13.78,2879.9,Amazon Pay,Delivered,Seattle,WA,United States,SELL01830
ORD0003522,03-08-2021,CUST006985,Vivaan Verma,P00032,Board Game,Books,BrightLux,3,405.98,0,97.44,13.83,1329.21,Credit Card,Delivered,Philadelphia,PA,United States,SELL00654
ORD0003523,04-10-2023,CUST014674,Vivaan Reddy,P00048,Wireless Charger,Clothing,KiddoFun,3,332.51,0.1,71.82,0.03,969.63,Debit Card,Shipped,San Diego,CA,India,SELL00537
ORD0003524,18-02-2020,CUST005118,Mohit Singh,P00012,Noise Cancelling Headphones,Home & Kitchen,UrbanStyle,3,395.36,0.15,181.47,9.27,1198.91,Credit Card,Delivered,Dallas,TX,India,SELL00878
ORD0003525,05-07-2022,CUST015198,Aarav Joshi,P00042,Projector Mini,Books,HomeEase,1,400.95,0.25,54.13,5.75,360.59,Credit Card,Delivered,Phoenix,AZ,United States,SELL01559
ORD0003526,02-01-2023,CUST038592,Aman Verma,P00040,Microphone,Sports & Outdoors,FitLife,2,274.68,0,0,13.21,562.57,Credit Card,Delivered,Jacksonville,FL,United States,SELL01929
ORD0003527,04-12-2021,CUST032950,Aditya Kumar,P00027,Winter Jacket,Books,Zenith,1,90.93,0.1,9.82,4.6,96.26,Credit Card,Delivered,San Jose,CA,United States,SELL00545
ORD0003528,17-09-2020,CUST024583,Simran Kapoor,P00050,Novel Bestseller,Books,NexPro,2,533.08,0,85.29,9.59,1161.04,Debit Card,Delivered,Columbus,OH,India,SELL00559
ORD0003529,21-12-2020,CUST037529,Ritika Patel,P00017,Electric Kettle,Toys & Games,HomeEase,4,498.77,0,359.11,3.62,2357.81,Debit Card,Delivered,Columbus,OH,Canada,SELL01090
ORD0003530,24-05-2024,CUST000408,Karan Kumar,P00044,Power Bank 20000mAh,Toys & Games,FitLife,1,115.98,0.05,8.81,6.07,125.06,Credit Card,Delivered,Washington,DC,United States,SELL01563
ORD0003531,13-06-2024,CUST046379,Anjali Kumar,P00040,Microphone,Toys & Games,Zenith,4,315.65,0,0,12.36,1274.96,Debit Card,Delivered,Charlotte,NC,Canada,SELL01632
ORD0003532,07-07-2023,CUST025999,Vihaan Patel,P00021,Backpack,Electronics,UrbanStyle,4,196.29,0,141.33,6.23,932.72,Debit Card,Delivered,Washington,DC,United States,SELL01551
ORD0003533,29-09-2021,CUST042575,Sneha Verma,P00001,Wireless Earbuds,Clothing,NexPro,3,77.53,0,18.61,9.34,260.54,UPI,Delivered,San Francisco,CA,United States,SELL00950
ORD0003534,12-01-2022,CUST046632,Sneha Mehta,P00043,HDMI Cable 2m,Toys & Games,CoreTech,4,363.56,0,72.71,9.48,1536.43,Credit Card,Cancelled,San Jose,CA,United States,SELL00994
ORD0003535,11-08-2023,CUST010715,Rohit Mehta,P00022,Water Bottle,Clothing,KiddoFun,4,363.89,0,72.78,9.34,1537.68,Amazon Pay,Delivered,Houston,TX,United Kingdom,SELL00022
ORD0003536,06-10-2022,CUST007357,Sneha Verma,P00036,Smart Light Bulb,Books,ReadMore,4,171.68,0.05,52.19,8.75,713.32,Credit Card,Pending,Chicago,IL,Canada,SELL01402
ORD0003537,19-07-2022,CUST024443,Neha Kapoor,P00009,Portable SSD 1TB,Books,BrightLux,1,230.87,0,27.7,5.65,264.22,Debit Card,Delivered,San Francisco,CA,United States,SELL01364
ORD0003538,02-10-2021,CUST048890,Neha Sharma,P00002,Bluetooth Speaker,Home & Kitchen,KiddoFun,5,354.36,0,88.59,8.79,1869.18,Amazon Pay,Delivered,Houston,TX,Canada,SELL01089
ORD0003539,02-03-2022,CUST049978,Karan Singh,P00044,Power Bank 20000mAh,Books,Zenith,4,258.88,0,51.78,1.61,1088.91,UPI,Delivered,Columbus,OH,India,SELL01322
ORD0003540,29-08-2023,CUST015870,Rohit Kapoor,P00013,Action Camera,Toys & Games,HomeEase,5,265.07,0,159.04,6.41,1490.8,Cash on Delivery,Shipped,Dallas,TX,India,SELL01754
ORD0003541,03-09-2021,CUST049248,Simran Singh,P00048,Wireless Charger,Books,FitLife,4,114.57,0.15,46.74,11.94,448.22,Debit Card,Returned,Columbus,OH,India,SELL01535
ORD0003542,19-03-2022,CUST027680,Sunita Patel,P00002,Bluetooth Speaker,Sports & Outdoors,FitLife,5,372.64,0,0,13.18,1876.38,Debit Card,Delivered,Philadelphia,PA,India,SELL01612
ORD0003543,20-04-2023,CUST044300,Arjun Joshi,P00022,Water Bottle,Toys & Games,KiddoFun,1,570.35,0.15,38.78,8.01,531.59,Credit Card,Delivered,Charlotte,NC,United States,SELL01896
ORD0003544,16-11-2021,CUST043756,Rohit Patel,P00017,Electric Kettle,Toys & Games,KiddoFun,3,284.06,0,102.26,6.93,961.37,UPI,Delivered,San Jose,CA,United States,SELL01872
ORD0003545,19-10-2023,CUST010633,Pooja Kumar,P00045,Phone Tripod,Books,Apex,2,195.16,0.25,0,8.34,301.08,Credit Card,Delivered,Columbus,OH,India,SELL01646
ORD0003546,06-07-2020,CUST008591,Anjali Singh,P00012,Noise Cancelling Headphones,Clothing,NexPro,5,52.97,0.05,45.29,12.46,309.36,Credit Card,Delivered,Seattle,WA,United States,SELL00052
ORD0003547,11-05-2024,CUST001262,Vivaan Kapoor,P00015,Instant Pot,Sports & Outdoors,HomeEase,5,575.89,0,230.36,6.61,3116.42,UPI,Cancelled,Houston,TX,United States,SELL00486
ORD0003548,15-04-2024,CUST038792,Vivaan Gupta,P00005,Laptop Sleeve,Sports & Outdoors,HomeEase,4,352.97,0.05,67.06,8.34,1416.69,Credit Card,Delivered,Fort Worth,TX,United States,SELL00169
ORD0003549,07-06-2024,CUST007701,Arjun Verma,P00007,Mechanical Keyboard,Books,HomeEase,4,36.38,0.1,6.55,1.18,138.7,Credit Card,Shipped,Dallas,TX,United States,SELL00921
ORD0003550,14-08-2024,CUST007981,Simran Joshi,P00025,Running Shoes,Books,Apex,2,331.83,0.1,0,5.67,602.96,Cash on Delivery,Delivered,Houston,TX,Canada,SELL00254
ORD0003551,11-09-2022,CUST041689,Karan Singh,P00041,Webcam Full HD,Sports & Outdoors,ReadMore,5,552.4,0,331.44,10.58,3104.02,Debit Card,Delivered,Columbus,OH,United Kingdom,SELL01894
ORD0003552,01-07-2021,CUST021475,Anjali Kumar,P00040,Microphone,Toys & Games,Apex,4,6.13,0.15,3.75,6.92,31.51,Debit Card,Delivered,Los Angeles,CA,United States,SELL01918
ORD0003553,25-12-2021,CUST034425,Priya Kapoor,P00045,Phone Tripod,Sports & Outdoors,UrbanStyle,3,13.28,0,1.99,1.07,42.9,Amazon Pay,Delivered,San Antonio,TX,United States,SELL01545
ORD0003554,14-07-2022,CUST025384,Mohit Kapoor,P00019,LED Desk Lamp,Toys & Games,BrightLux,4,430.58,0.25,64.59,4.89,1361.22,Credit Card,Delivered,Seattle,WA,United States,SELL00095
ORD0003555,02-12-2023,CUST021854,Mohit Kapoor,P00038,External HDD 2TB,Toys & Games,Zenith,4,474.06,0.05,216.17,3.72,2021.32,Cash on Delivery,Delivered,Columbus,OH,United States,SELL00136
ORD0003556,25-05-2022,CUST005471,Sahil Kumar,P00004,USB-C Charger,Books,ReadMore,4,511,0.3,114.46,9.9,1555.16,Debit Card,Delivered,San Francisco,CA,United States,SELL01562
ORD0003557,09-09-2021,CUST044806,Aditya Mehta,P00018,Vacuum Cleaner,Toys & Games,KiddoFun,1,340.71,0.1,0,6.03,312.67,Amazon Pay,Delivered,Charlotte,NC,Australia,SELL00434
ORD0003558,17-02-2021,CUST041727,Aman Joshi,P00046,Car Charger,Books,BrightLux,5,431.48,0.1,155.33,1.95,2098.94,Amazon Pay,Cancelled,San Antonio,TX,India,SELL01501
ORD0003559,27-09-2023,CUST021515,Rohit Kapoor,P00042,Projector Mini,Toys & Games,FitLife,5,7.77,0.3,2.18,6.93,36.3,Debit Card,Shipped,Austin,TX,United States,SELL00620
ORD0003560,28-05-2023,CUST029760,Neha Joshi,P00005,Laptop Sleeve,Toys & Games,KiddoFun,3,104.21,0.05,23.76,9.61,330.37,Credit Card,Delivered,Indianapolis,IN,United States,SELL00390
ORD0003561,21-06-2022,CUST012202,Pooja Sharma,P00033,Puzzle 1000pc,Books,NexPro,3,588.26,0,0,14.52,1779.3,Credit Card,Delivered,New York,NY,United States,SELL00415
ORD0003562,11-06-2020,CUST038010,Karan Kumar,P00016,Air Fryer,Books,BrightLux,3,111.73,0,0,11.51,346.7,UPI,Delivered,Philadelphia,PA,United States,SELL00731
ORD0003563,28-05-2023,CUST043195,Sneha Patel,P00023,Cookware Set,Sports & Outdoors,ReadMore,4,473.51,0.3,66.29,14.18,1406.3,Credit Card,Delivered,Dallas,TX,United States,SELL00193
ORD0003564,26-09-2020,CUST026824,Karan Kapoor,P00042,Projector Mini,Clothing,HomeEase,4,580.2,0,185.66,10.26,2516.72,Debit Card,Delivered,Chicago,IL,United Kingdom,SELL00762
ORD0003565,23-09-2021,CUST033150,Sneha Kapoor,P00014,Drone Mini,Home & Kitchen,UrbanStyle,3,8.3,0,1.25,2.54,28.69,Debit Card,Shipped,Charlotte,NC,United States,SELL00725
ORD0003566,24-06-2022,CUST000295,Arjun Kapoor,P00044,Power Bank 20000mAh,Electronics,FitLife,5,358.76,0,143.5,4.22,1941.52,Credit Card,Delivered,Seattle,WA,United Kingdom,SELL01789
ORD0003567,24-11-2023,CUST047027,Aarav Mehta,P00014,Drone Mini,Clothing,HomeEase,2,96.14,0.15,8.17,3.39,175,Credit Card,Delivered,Columbus,OH,United States,SELL00045
ORD0003568,20-04-2023,CUST000055,Vivaan Sharma,P00023,Cookware Set,Books,FitLife,5,590.41,0.2,118.08,9.25,2488.97,UPI,Shipped,Chicago,IL,United States,SELL00123
ORD0003569,29-06-2024,CUST022348,Neha Reddy,P00031,Kids Toy Car,Toys & Games,UrbanStyle,4,188.11,0,60.2,7.53,820.17,UPI,Delivered,Houston,TX,India,SELL01064
ORD0003570,18-10-2024,CUST025219,Vivaan Mehta,P00025,Running Shoes,Electronics,BrightLux,3,182.5,0.05,93.62,11.64,625.38,Credit Card,Returned,San Diego,CA,United States,SELL00909
ORD0003571,23-07-2020,CUST038315,Aman Mehta,P00004,USB-C Charger,Clothing,FitLife,1,233.59,0.2,14.95,8.78,210.6,Debit Card,Delivered,San Francisco,CA,United States,SELL00012
ORD0003572,04-08-2021,CUST031661,Neha Verma,P00032,Board Game,Sports & Outdoors,UrbanStyle,3,285.33,0.1,38.52,9.29,818.2,Debit Card,Shipped,Denver,CO,United States,SELL01182
ORD0003573,28-04-2024,CUST016464,Simran Joshi,P00016,Air Fryer,Sports & Outdoors,UrbanStyle,4,65.2,0.05,19.82,10.64,278.22,Credit Card,Delivered,Seattle,WA,United States,SELL00592
ORD0003574,20-04-2022,CUST009705,Sneha Verma,P00010,Smartwatch,Clothing,Apex,2,485.02,0,116.4,11.91,1098.35,Credit Card,Delivered,San Jose,CA,India,SELL01090
ORD0003575,05-06-2023,CUST011995,Sahil Sharma,P00007,Mechanical Keyboard,Toys & Games,NexPro,3,311.09,0.05,70.93,4.21,961.75,Credit Card,Delivered,San Jose,CA,United States,SELL00363
ORD0003576,15-09-2024,CUST048400,Karan Kumar,P00005,Laptop Sleeve,Toys & Games,UrbanStyle,5,158.47,0.05,37.64,0.03,790.4,Credit Card,Delivered,Washington,DC,United States,SELL00709
ORD0003577,30-06-2024,CUST048389,Arjun Patel,P00050,Novel Bestseller,Home & Kitchen,HomeEase,4,373.63,0,179.34,1.1,1674.96,Amazon Pay,Delivered,Seattle,WA,United States,SELL00147
ORD0003578,18-08-2021,CUST005371,Priya Kumar,P00028,Jeans,Electronics,NexPro,1,261.35,0,20.91,13.57,295.83,Credit Card,Delivered,Indianapolis,IN,United States,SELL00628
ORD0003579,06-09-2020,CUST002344,Aditya Sharma,P00048,Wireless Charger,Electronics,KiddoFun,4,470.07,0.2,270.76,14.9,1789.88,UPI,Shipped,Chicago,IL,United States,SELL00229
ORD0003580,24-05-2022,CUST045004,Neha Gupta,P00046,Car Charger,Toys & Games,NexPro,3,302.4,0.1,146.97,4.56,968.01,UPI,Shipped,Dallas,TX,United Kingdom,SELL00156
ORD0003581,04-01-2024,CUST003907,Mohit Joshi,P00050,Novel Bestseller,Books,CoreTech,1,248.91,0,19.91,12.3,281.12,Credit Card,Shipped,San Francisco,CA,Canada,SELL01504
ORD0003582,05-04-2024,CUST037603,Ritika Kapoor,P00037,Router,Toys & Games,UrbanStyle,5,175.86,0,158.27,13.67,1051.24,UPI,Delivered,Seattle,WA,Canada,SELL01130
ORD0003583,14-07-2020,CUST028845,Aarav Joshi,P00048,Wireless Charger,Home & Kitchen,CoreTech,3,542,0.05,123.58,13.56,1681.84,Credit Card,Cancelled,Dallas,TX,United States,SELL00447
ORD0003584,20-11-2021,CUST017283,Simran Singh,P00037,Router,Sports & Outdoors,ReadMore,4,402.36,0.05,76.45,10.16,1615.58,Amazon Pay,Shipped,Denver,CO,United States,SELL01416
ORD0003585,22-03-2024,CUST011517,Sunita Singh,P00001,Wireless Earbuds,Sports & Outdoors,FitLife,5,86.05,0.05,32.7,1.8,443.24,Net Banking,Delivered,Seattle,WA,Canada,SELL01641
ORD0003586,29-12-2022,CUST003999,Vikas Joshi,P00028,Jeans,Toys & Games,UrbanStyle,2,145.66,0.15,0,8.93,256.55,Amazon Pay,Delivered,New York,NY,United States,SELL01216
ORD0003587,30-09-2021,CUST034281,Aarav Verma,P00037,Router,Home & Kitchen,UrbanStyle,2,144.51,0,52.02,2.59,343.63,UPI,Delivered,Dallas,TX,United States,SELL01612
ORD0003588,23-11-2023,CUST034589,Sunita Patel,P00020,Office Chair,Clothing,UrbanStyle,2,269.49,0,26.95,2.62,568.55,Credit Card,Delivered,Chicago,IL,United States,SELL01367
ORD0003589,02-11-2021,CUST035584,Aman Sharma,P00024,Yoga Mat,Books,NexPro,5,6.05,0.05,0,0.53,29.27,Credit Card,Pending,Columbus,OH,United States,SELL00848
ORD0003590,18-11-2024,CUST034790,Priya Mehta,P00050,Novel Bestseller,Home & Kitchen,Zenith,2,476.88,0.1,0,8.93,867.31,UPI,Delivered,Los Angeles,CA,United States,SELL01256
ORD0003591,11-05-2023,CUST036019,Pooja Kapoor,P00049,Children's Book,Sports & Outdoors,UrbanStyle,1,109.88,0,13.19,6.47,129.54,Credit Card,Delivered,San Jose,CA,India,SELL01921
ORD0003592,17-03-2023,CUST021584,Sahil Kapoor,P00008,4K Monitor,Clothing,Apex,5,205.84,0.2,41.17,4.75,869.28,Credit Card,Delivered,Seattle,WA,United States,SELL01510
ORD0003593,04-02-2024,CUST045770,Rohit Verma,P00036,Smart Light Bulb,Sports & Outdoors,BrightLux,1,148.21,0.2,5.93,7.91,132.41,UPI,Delivered,San Antonio,TX,United States,SELL01128
ORD0003594,05-08-2024,CUST016414,Kabir Patel,P00010,Smartwatch,Home & Kitchen,Apex,3,216.08,0,0,4.08,652.32,Amazon Pay,Delivered,New York,NY,United States,SELL00987
ORD0003595,01-08-2022,CUST033762,Vivaan Reddy,P00009,Portable SSD 1TB,Toys & Games,CoreTech,2,301.23,0,48.2,7.95,658.61,Credit Card,Delivered,Denver,CO,United States,SELL01000
ORD0003596,17-07-2020,CUST030269,Vikas Sharma,P00008,4K Monitor,Toys & Games,KiddoFun,4,204.54,0,0,11.85,830.01,UPI,Delivered,Chicago,IL,United States,SELL01952
ORD0003597,20-12-2023,CUST046524,Vihaan Mehta,P00048,Wireless Charger,Home & Kitchen,HomeEase,1,190.59,0.05,14.48,2.8,198.34,Credit Card,Delivered,Phoenix,AZ,United States,SELL01721
ORD0003598,16-08-2024,CUST022179,Vikas Joshi,P00041,Webcam Full HD,Clothing,ReadMore,2,396.25,0.15,80.83,4.99,759.44,Amazon Pay,Cancelled,Indianapolis,IN,United States,SELL01991
ORD0003599,06-05-2021,CUST034055,Kabir Sharma,P00010,Smartwatch,Home & Kitchen,CoreTech,2,206.8,0,49.63,3.67,466.9,Credit Card,Delivered,Dallas,TX,United Kingdom,SELL00171
ORD0003600,14-06-2022,CUST031375,Vikas Patel,P00035,Desk Plant,Electronics,HomeEase,3,171.6,0.15,21.88,3.33,462.79,Debit Card,Shipped,San Diego,CA,India,SELL01013
ORD0003601,21-05-2020,CUST023264,Mohit Reddy,P00027,Winter Jacket,Books,UrbanStyle,1,578.31,0.15,0,4.4,495.96,Debit Card,Shipped,Columbus,OH,United States,SELL01640
ORD0003602,29-08-2023,CUST044764,Aditya Reddy,P00030,Dress Shirt,Electronics,Apex,4,294.58,0,94.27,13,1285.59,Net Banking,Delivered,Fort Worth,TX,United States,SELL01716
ORD0003603,13-06-2020,CUST021333,Rohit Singh,P00004,USB-C Charger,Electronics,Apex,1,132.2,0.05,10.05,3.84,139.48,UPI,Shipped,San Jose,CA,United States,SELL00671
ORD0003604,09-11-2020,CUST022289,Anjali Kumar,P00047,Memory Card 128GB,Sports & Outdoors,BrightLux,4,35.58,0,7.12,11.18,160.62,Net Banking,Shipped,Charlotte,NC,United States,SELL01068
ORD0003605,21-01-2020,CUST007438,Sahil Verma,P00023,Cookware Set,Sports & Outdoors,ReadMore,1,159.9,0.05,12.15,8.51,172.56,Amazon Pay,Delivered,Los Angeles,CA,United Kingdom,SELL01127
ORD0003606,10-01-2023,CUST015409,Neha Kapoor,P00045,Phone Tripod,Sports & Outdoors,UrbanStyle,5,246.89,0.05,140.73,14.82,1328.28,Credit Card,Delivered,San Diego,CA,United States,SELL01614
ORD0003607,23-05-2024,CUST032563,Rohit Kumar,P00013,Action Camera,Electronics,HomeEase,2,167.13,0.1,54.15,4.74,359.72,Net Banking,Returned,Austin,TX,United States,SELL00528
ORD0003608,28-02-2023,CUST042018,Anjali Patel,P00020,Office Chair,Clothing,Apex,3,520.66,0.1,112.46,14.87,1533.11,Credit Card,Returned,San Antonio,TX,United Kingdom,SELL00723
ORD0003609,10-06-2024,CUST010480,Pooja Reddy,P00010,Smartwatch,Clothing,KiddoFun,5,465.8,0.2,149.06,13.81,2026.07,Debit Card,Shipped,Seattle,WA,United States,SELL01925
ORD0003610,19-10-2024,CUST025172,Karan Gupta,P00028,Jeans,Toys & Games,Zenith,1,470.63,0,0,14.14,484.77,Credit Card,Delivered,Charlotte,NC,United States,SELL00990
ORD0003611,10-09-2022,CUST034709,Vivaan Verma,P00002,Bluetooth Speaker,Home & Kitchen,Zenith,5,156.5,0.2,0,13.71,639.71,Net Banking,Delivered,Dallas,TX,India,SELL00379
ORD0003612,31-10-2020,CUST006832,Vikas Patel,P00031,Kids Toy Car,Electronics,UrbanStyle,3,70.49,0,16.92,0.88,229.27,Debit Card,Delivered,Austin,TX,India,SELL00265
ORD0003613,05-01-2021,CUST032579,Simran Joshi,P00027,Winter Jacket,Sports & Outdoors,CoreTech,4,168.75,0,81,9.72,765.72,Debit Card,Delivered,Denver,CO,India,SELL01043
ORD0003614,02-05-2022,CUST018746,Aman Reddy,P00038,External HDD 2TB,Books,NexPro,5,149.53,0,37.38,3.31,788.34,Debit Card,Delivered,Philadelphia,PA,India,SELL00921
ORD0003615,18-01-2021,CUST038343,Vihaan Joshi,P00030,Dress Shirt,Home & Kitchen,HomeEase,1,571.17,0,45.69,1.93,618.79,UPI,Delivered,Austin,TX,Canada,SELL01352
ORD0003616,20-03-2021,CUST000157,Sahil Reddy,P00015,Instant Pot,Books,Apex,1,375.69,0,18.78,5.86,400.33,Amazon Pay,Delivered,Austin,TX,United States,SELL01921
ORD0003617,28-02-2021,CUST027880,Priya Joshi,P00004,USB-C Charger,Books,NexPro,2,270.19,0.15,82.68,9.24,551.24,Net Banking,Delivered,San Antonio,TX,United States,SELL01885
ORD0003618,09-06-2020,CUST017615,Kabir Patel,P00005,Laptop Sleeve,Electronics,UrbanStyle,5,526.79,0.05,200.18,12.84,2715.27,Amazon Pay,Delivered,Seattle,WA,United States,SELL00433
ORD0003619,16-04-2023,CUST030892,Aditya Kumar,P00033,Puzzle 1000pc,Clothing,UrbanStyle,4,580.5,0,185.76,6.29,2514.05,Cash on Delivery,Shipped,Indianapolis,IN,India,SELL01618
ORD0003620,20-09-2021,CUST023964,Simran Verma,P00015,Instant Pot,Home & Kitchen,HomeEase,1,117.48,0.15,0,3.61,103.47,UPI,Pending,Los Angeles,CA,United States,SELL01054
ORD0003621,27-09-2024,CUST033958,Aditya Mehta,P00009,Portable SSD 1TB,Electronics,Apex,2,573.46,0.05,54.48,6.35,1150.4,Credit Card,Delivered,San Antonio,TX,United States,SELL00252
ORD0003622,13-06-2022,CUST014095,Mohit Gupta,P00031,Kids Toy Car,Sports & Outdoors,UrbanStyle,5,149.06,0,134.15,6.01,885.46,Debit Card,Shipped,Charlotte,NC,United States,SELL00351
ORD0003623,04-05-2021,CUST007695,Aditya Verma,P00006,Gaming Mouse,Sports & Outdoors,Zenith,3,296.65,0.2,85.44,14.73,812.13,Amazon Pay,Delivered,Chicago,IL,United States,SELL00943
ORD0003624,13-10-2022,CUST026526,Mohit Gupta,P00023,Cookware Set,Clothing,ReadMore,5,588.39,0.05,139.74,4.15,2938.74,UPI,Delivered,Houston,TX,United States,SELL00467
ORD0003625,22-11-2020,CUST033312,Vihaan Singh,P00029,T-Shirt,Electronics,FitLife,2,459.81,0.1,41.38,10.05,879.09,Debit Card,Cancelled,Columbus,OH,United States,SELL01663
ORD0003626,20-08-2021,CUST029908,Neha Singh,P00050,Novel Bestseller,Home & Kitchen,Zenith,1,283.98,0.1,12.78,3.89,272.25,Credit Card,Delivered,Phoenix,AZ,United States,SELL00292
ORD0003627,11-10-2022,CUST014939,Rohit Reddy,P00043,HDMI Cable 2m,Clothing,NexPro,3,52.12,0,7.82,2.23,166.41,UPI,Shipped,Denver,CO,United States,SELL01810
ORD0003628,15-10-2020,CUST046102,Aarav Gupta,P00014,Drone Mini,Home & Kitchen,Apex,1,127.36,0.1,9.17,12.88,136.67,Amazon Pay,Pending,Columbus,OH,United States,SELL01559
ORD0003629,15-08-2021,CUST030874,Karan Reddy,P00031,Kids Toy Car,Home & Kitchen,FitLife,4,507.85,0.25,121.88,1.44,1646.87,UPI,Delivered,Denver,CO,United States,SELL00938
ORD0003630,14-08-2024,CUST014760,Arjun Joshi,P00032,Board Game,Home & Kitchen,HomeEase,2,131.42,0,47.31,3.23,313.38,UPI,Returned,San Francisco,CA,India,SELL00184
ORD0003631,15-05-2024,CUST024868,Vikas Mehta,P00033,Puzzle 1000pc,Toys & Games,NexPro,5,573.09,0,143.27,11.07,3019.79,Net Banking,Shipped,Indianapolis,IN,United States,SELL00281
ORD0003632,26-07-2021,CUST016997,Simran Sharma,P00002,Bluetooth Speaker,Home & Kitchen,NexPro,4,105.71,0.05,32.14,3.17,437.01,UPI,Delivered,Indianapolis,IN,United States,SELL01575
ORD0003633,09-10-2023,CUST040447,Priya Kumar,P00004,USB-C Charger,Sports & Outdoors,KiddoFun,4,205.97,0,0,10.78,834.66,Amazon Pay,Delivered,New York,NY,India,SELL00244
ORD0003634,28-01-2020,CUST043655,Aditya Sharma,P00020,Office Chair,Clothing,FitLife,3,360.1,0.1,0,14.76,987.03,UPI,Delivered,Philadelphia,PA,United States,SELL01625
ORD0003635,11-08-2022,CUST014721,Sneha Reddy,P00048,Wireless Charger,Electronics,KiddoFun,3,280,0,67.2,10.18,917.38,Net Banking,Delivered,Chicago,IL,Canada,SELL00968
ORD0003636,12-02-2020,CUST008923,Anjali Mehta,P00017,Electric Kettle,Sports & Outdoors,Zenith,4,429.31,0,137.38,11.46,1866.08,Debit Card,Delivered,Chicago,IL,India,SELL01561
ORD0003637,31-08-2024,CUST006378,Ritika Patel,P00036,Smart Light Bulb,Electronics,UrbanStyle,1,306.9,0.1,22.1,7.91,306.22,Net Banking,Delivered,Dallas,TX,United States,SELL01753
ORD0003638,26-02-2021,CUST024794,Anjali Joshi,P00001,Wireless Earbuds,Toys & Games,ReadMore,2,261.31,0,41.81,4.12,568.55,Net Banking,Delivered,Columbus,OH,United States,SELL00529
ORD0003639,09-06-2024,CUST030112,Ritika Reddy,P00050,Novel Bestseller,Books,ReadMore,4,512.29,0,163.93,11.14,2224.23,Credit Card,Shipped,Denver,CO,United States,SELL00555
ORD0003640,25-06-2020,CUST042446,Sahil Joshi,P00049,Children's Book,Electronics,KiddoFun,5,477.57,0,191.03,9.43,2588.31,Debit Card,Delivered,Indianapolis,IN,United States,SELL00127
ORD0003641,12-06-2021,CUST007507,Simran Gupta,P00015,Instant Pot,Sports & Outdoors,Zenith,2,386.49,0.2,0,5.53,623.91,Debit Card,Delivered,Fort Worth,TX,United States,SELL00281
ORD0003642,21-06-2024,CUST044809,Ritika Singh,P00012,Noise Cancelling Headphones,Clothing,Zenith,2,228.59,0,0,8.81,465.99,Amazon Pay,Delivered,Charlotte,NC,United States,SELL00396
ORD0003643,23-08-2022,CUST013883,Priya Singh,P00041,Webcam Full HD,Books,NexPro,5,576.81,0.1,207.65,2.09,2805.38,Amazon Pay,Shipped,Denver,CO,United States,SELL01778
ORD0003644,26-02-2024,CUST032684,Pooja Kumar,P00014,Drone Mini,Home & Kitchen,CoreTech,3,77.88,0,28.04,6.79,268.47,UPI,Delivered,Austin,TX,United States,SELL00593
ORD0003645,16-07-2020,CUST024822,Neha Patel,P00045,Phone Tripod,Toys & Games,NexPro,5,236.86,0,213.17,1.31,1398.78,Credit Card,Delivered,Dallas,TX,United States,SELL00617
ORD0003646,01-09-2021,CUST047253,Priya Sharma,P00008,4K Monitor,Home & Kitchen,HomeEase,3,442.23,0.1,95.52,7.61,1297.15,Debit Card,Delivered,Charlotte,NC,United States,SELL00422
ORD0003647,19-05-2024,CUST013182,Arjun Patel,P00038,External HDD 2TB,Sports & Outdoors,Zenith,3,215.47,0.1,29.09,12.43,623.29,UPI,Delivered,New York,NY,United States,SELL00409
ORD0003648,21-04-2022,CUST000404,Priya Joshi,P00047,Memory Card 128GB,Home & Kitchen,UrbanStyle,2,9.49,0,2.28,0.63,21.89,Amazon Pay,Delivered,Houston,TX,India,SELL01748
ORD0003649,02-05-2022,CUST045559,Mohit Kapoor,P00003,Smartphone Case,Home & Kitchen,NexPro,3,9.48,0.15,1.21,1.55,26.93,Net Banking,Delivered,Houston,TX,United States,SELL01682
ORD0003650,20-03-2024,CUST045440,Mohit Reddy,P00038,External HDD 2TB,Electronics,Apex,2,79.46,0.3,13.35,5.89,130.48,Amazon Pay,Delivered,Fort Worth,TX,United States,SELL01604
ORD0003651,17-03-2024,CUST002081,Priya Singh,P00038,External HDD 2TB,Electronics,CoreTech,1,70.56,0.25,4.23,6.95,64.1,Debit Card,Delivered,Chicago,IL,Australia,SELL01372
ORD0003652,22-01-2020,CUST009641,Mohit Singh,P00035,Desk Plant,Home & Kitchen,Zenith,5,310.37,0,77.59,1.07,1630.51,UPI,Delivered,Jacksonville,FL,India,SELL00565
ORD0003653,09-02-2023,CUST043665,Mohit Kumar,P00041,Webcam Full HD,Books,KiddoFun,5,392.35,0.05,223.64,6.3,2093.6,Debit Card,Delivered,Fort Worth,TX,United States,SELL01722
ORD0003654,16-12-2022,CUST012152,Vihaan Sharma,P00044,Power Bank 20000mAh,Books,HomeEase,3,450.12,0,0,6.9,1357.26,Debit Card,Delivered,Philadelphia,PA,United States,SELL01823
ORD0003655,25-12-2022,CUST024845,Anjali Kapoor,P00048,Wireless Charger,Clothing,CoreTech,3,523.07,0,125.54,2.35,1697.1,Credit Card,Delivered,Phoenix,AZ,United States,SELL00220
ORD0003656,21-04-2022,CUST026353,Arjun Joshi,P00043,HDMI Cable 2m,Home & Kitchen,HomeEase,1,189.2,0.2,18.16,7.28,176.8,Debit Card,Delivered,Philadelphia,PA,United States,SELL01749
ORD0003657,07-04-2020,CUST039211,Pooja Patel,P00007,Mechanical Keyboard,Sports & Outdoors,FitLife,1,404.01,0.15,0,6.59,350,Debit Card,Delivered,Los Angeles,CA,United States,SELL01615
ORD0003658,13-03-2023,CUST008305,Mohit Kumar,P00028,Jeans,Sports & Outdoors,KiddoFun,2,204.44,0.15,62.56,0.92,411.03,Debit Card,Delivered,Jacksonville,FL,United States,SELL01334
ORD0003659,10-03-2021,CUST037870,Sahil Sharma,P00038,External HDD 2TB,Toys & Games,FitLife,4,59.87,0.1,17.24,14.81,247.58,Debit Card,Delivered,Phoenix,AZ,United Kingdom,SELL00095
ORD0003660,28-09-2021,CUST009537,Anjali Patel,P00030,Dress Shirt,Books,UrbanStyle,1,257.1,0.15,0,10.73,229.26,Debit Card,Delivered,San Diego,CA,United States,SELL00588
ORD0003661,29-08-2024,CUST015255,Arjun Patel,P00017,Electric Kettle,Books,CoreTech,1,182.92,0.15,12.44,13.95,181.87,UPI,Delivered,San Diego,CA,United States,SELL00964
ORD0003662,14-01-2023,CUST011304,Simran Reddy,P00033,Puzzle 1000pc,Toys & Games,NexPro,5,90.34,0.05,34.33,5,468.44,UPI,Shipped,San Francisco,CA,Canada,SELL00537
ORD0003663,10-08-2021,CUST015010,Mohit Reddy,P00040,Microphone,Toys & Games,CoreTech,5,419.09,0.1,150.87,3.33,2040.1,UPI,Delivered,Jacksonville,FL,India,SELL00846
ORD0003664,09-12-2020,CUST024100,Priya Verma,P00032,Board Game,Toys & Games,ReadMore,1,525.57,0.05,59.91,7.52,566.72,Cash on Delivery,Delivered,Charlotte,NC,United States,SELL00140
ORD0003665,10-08-2023,CUST000206,Aarav Mehta,P00042,Projector Mini,Electronics,Zenith,1,161.03,0.05,7.65,2.11,162.74,Debit Card,Delivered,Phoenix,AZ,United States,SELL00457
ORD0003666,24-07-2021,CUST001910,Neha Singh,P00016,Air Fryer,Toys & Games,UrbanStyle,5,81.38,0,20.34,3.12,430.36,Debit Card,Shipped,San Antonio,TX,United States,SELL01630
ORD0003667,31-07-2024,CUST009173,Simran Patel,P00024,Yoga Mat,Electronics,HomeEase,1,267.5,0.1,12.04,0.66,253.45,Debit Card,Delivered,Fort Worth,TX,United States,SELL01066
ORD0003668,02-09-2021,CUST042219,Arjun Sharma,P00016,Air Fryer,Toys & Games,ReadMore,1,352.73,0.05,26.81,9.26,371.16,Cash on Delivery,Delivered,Phoenix,AZ,United States,SELL00604
ORD0003669,23-09-2024,CUST048220,Sahil Reddy,P00049,Children's Book,Books,CoreTech,4,257.86,0.2,41.26,14.85,881.26,Amazon Pay,Delivered,Austin,TX,United States,SELL01961
ORD0003670,30-08-2020,CUST009952,Anjali Gupta,P00026,Sunglasses,Electronics,CoreTech,1,442.14,0.2,63.67,9.54,426.92,UPI,Delivered,Charlotte,NC,Australia,SELL00292
ORD0003671,14-07-2021,CUST044446,Neha Gupta,P00049,Children's Book,Electronics,HomeEase,3,244.86,0.15,49.95,14.42,688.76,Debit Card,Delivered,Chicago,IL,Australia,SELL00959
ORD0003672,17-08-2022,CUST049192,Ritika Singh,P00042,Projector Mini,Home & Kitchen,UrbanStyle,3,451.77,0,108.42,12.74,1476.47,Debit Card,Delivered,Philadelphia,PA,United States,SELL01005
ORD0003673,01-02-2020,CUST006540,Ritika Joshi,P00007,Mechanical Keyboard,Electronics,HomeEase,4,475.71,0.2,76.11,13.31,1611.69,Credit Card,Delivered,Charlotte,NC,Canada,SELL01979
ORD0003674,25-01-2021,CUST036445,Anjali Verma,P00008,4K Monitor,Sports & Outdoors,CoreTech,1,110.47,0.05,12.59,10.74,128.28,UPI,Delivered,Dallas,TX,United States,SELL00201
ORD0003675,03-10-2020,CUST036737,Neha Sharma,P00040,Microphone,Home & Kitchen,BrightLux,4,585.66,0,117.13,2.24,2462.01,Debit Card,Delivered,San Antonio,TX,United States,SELL00840
ORD0003676,15-06-2021,CUST044506,Arjun Reddy,P00050,Novel Bestseller,Sports & Outdoors,CoreTech,1,285.42,0,34.25,6.73,326.4,Net Banking,Delivered,Philadelphia,PA,Australia,SELL01059
ORD0003677,23-03-2023,CUST035828,Vihaan Gupta,P00017,Electric Kettle,Books,UrbanStyle,1,219.05,0.15,22.34,2.6,211.13,Net Banking,Delivered,Washington,DC,United States,SELL00074
ORD0003678,17-01-2021,CUST035122,Aarav Mehta,P00046,Car Charger,Clothing,HomeEase,1,508.53,0,91.54,7.99,608.06,Amazon Pay,Delivered,San Antonio,TX,United States,SELL01809
ORD0003679,27-12-2022,CUST009962,Kabir Kumar,P00037,Router,Home & Kitchen,FitLife,3,536.62,0.1,72.44,1.07,1522.38,Debit Card,Delivered,Washington,DC,Australia,SELL00505
ORD0003680,02-06-2022,CUST026667,Simran Patel,P00016,Air Fryer,Sports & Outdoors,CoreTech,3,136,0.15,62.42,11.83,421.05,Credit Card,Delivered,Jacksonville,FL,United States,SELL00666
ORD0003681,01-08-2020,CUST004028,Aditya Patel,P00043,HDMI Cable 2m,Toys & Games,FitLife,2,503.67,0,120.88,8.35,1136.57,UPI,Delivered,Columbus,OH,India,SELL00504
ORD0003682,05-08-2024,CUST040069,Vivaan Kapoor,P00038,External HDD 2TB,Home & Kitchen,Apex,4,52.74,0.1,9.49,7.52,206.87,Credit Card,Delivered,Houston,TX,United States,SELL00594
ORD0003683,10-01-2021,CUST036757,Rohit Kapoor,P00043,HDMI Cable 2m,Books,ReadMore,5,454.59,0.1,102.28,3.74,2151.67,Debit Card,Delivered,Austin,TX,United States,SELL00878
ORD0003684,13-01-2022,CUST043585,Aman Kumar,P00046,Car Charger,Home & Kitchen,BrightLux,4,188.66,0.05,57.35,8.42,782.68,UPI,Delivered,Jacksonville,FL,United States,SELL00566
ORD0003685,31-07-2020,CUST034386,Pooja Kumar,P00012,Noise Cancelling Headphones,Clothing,ReadMore,4,165.91,0,79.64,12.64,755.92,Net Banking,Delivered,Dallas,TX,United States,SELL00610
ORD0003686,19-03-2020,CUST024725,Aarav Verma,P00034,Desk Organizer,Home & Kitchen,Apex,3,548.24,0.05,125,1.87,1689.35,Credit Card,Delivered,Indianapolis,IN,United States,SELL00945
ORD0003687,15-10-2024,CUST018503,Sahil Joshi,P00012,Noise Cancelling Headphones,Books,HomeEase,1,110.71,0.05,5.26,6.08,116.51,Amazon Pay,Delivered,Columbus,OH,United States,SELL01480
ORD0003688,19-09-2021,CUST002369,Aditya Reddy,P00019,LED Desk Lamp,Books,KiddoFun,4,94.8,0.05,28.82,11.68,400.74,Net Banking,Delivered,San Francisco,CA,United States,SELL01159
ORD0003689,26-08-2021,CUST044823,Sunita Kumar,P00032,Board Game,Clothing,KiddoFun,4,451.33,0.05,205.81,9.83,1930.69,Credit Card,Delivered,Dallas,TX,United States,SELL01725
ORD0003690,20-02-2022,CUST005723,Neha Patel,P00021,Backpack,Toys & Games,KiddoFun,4,578.54,0.25,208.27,4.43,1948.32,Net Banking,Cancelled,Dallas,TX,Australia,SELL00884
ORD0003691,05-11-2023,CUST035260,Kabir Kapoor,P00008,4K Monitor,Sports & Outdoors,Apex,2,213.88,0.15,29.09,14.93,407.62,Amazon Pay,Delivered,Indianapolis,IN,India,SELL01923
ORD0003692,27-09-2022,CUST010114,Aman Sharma,P00003,Smartphone Case,Home & Kitchen,Zenith,3,414.48,0.1,134.29,9.37,1262.76,Credit Card,Delivered,Dallas,TX,Canada,SELL01606
ORD0003693,10-11-2021,CUST027391,Vikas Mehta,P00037,Router,Home & Kitchen,Zenith,3,546.62,0,131.19,12.52,1783.57,Credit Card,Delivered,Philadelphia,PA,India,SELL01369
ORD0003694,27-02-2020,CUST013474,Arjun Mehta,P00035,Desk Plant,Toys & Games,BrightLux,2,591.55,0.1,85.18,14.65,1164.62,UPI,Delivered,San Jose,CA,United States,SELL00823
ORD0003695,24-12-2024,CUST038248,Vikas Mehta,P00017,Electric Kettle,Electronics,BrightLux,2,212.37,0,33.98,4.87,463.59,Credit Card,Pending,Seattle,WA,United States,SELL00771
ORD0003696,15-11-2022,CUST016842,Vikas Sharma,P00026,Sunglasses,Sports & Outdoors,CoreTech,2,38.64,0.2,3.09,5.86,70.77,UPI,Delivered,Phoenix,AZ,United States,SELL01669
ORD0003697,30-05-2022,CUST008880,Priya Patel,P00046,Car Charger,Toys & Games,CoreTech,2,14.53,0.05,3.31,7.15,38.07,Debit Card,Shipped,Dallas,TX,United Kingdom,SELL01497
ORD0003698,22-03-2021,CUST038885,Vikas Gupta,P00015,Instant Pot,Sports & Outdoors,ReadMore,3,164.56,0,59.24,13.75,566.67,Debit Card,Delivered,New York,NY,United States,SELL01444
ORD0003699,06-03-2020,CUST004889,Simran Reddy,P00001,Wireless Earbuds,Home & Kitchen,BrightLux,2,404.41,0.1,58.24,4.87,791.05,Credit Card,Delivered,Philadelphia,PA,United States,SELL01107
ORD0003700,18-11-2024,CUST033988,Aditya Kumar,P00034,Desk Organizer,Toys & Games,Zenith,3,358.67,0.05,184,11.69,1217.9,Net Banking,Shipped,San Diego,CA,Canada,SELL01301
ORD0003701,01-07-2023,CUST023712,Simran Mehta,P00046,Car Charger,Clothing,ReadMore,1,372.98,0,29.84,13.6,416.42,Debit Card,Delivered,Jacksonville,FL,United States,SELL01384
ORD0003702,03-12-2022,CUST032250,Simran Gupta,P00011,Fitness Band,Home & Kitchen,CoreTech,4,352.95,0,169.42,13.49,1594.71,Net Banking,Cancelled,Dallas,TX,United States,SELL00770
ORD0003703,25-01-2023,CUST036956,Mohit Mehta,P00032,Board Game,Home & Kitchen,FitLife,5,33.51,0,13.4,0.72,181.67,UPI,Delivered,Denver,CO,United States,SELL01235
ORD0003704,26-04-2024,CUST014989,Karan Singh,P00003,Smartphone Case,Electronics,FitLife,3,58.31,0,13.99,1.27,190.19,Debit Card,Returned,Fort Worth,TX,United States,SELL01351
ORD0003705,08-10-2022,CUST014597,Ritika Kapoor,P00010,Smartwatch,Books,ReadMore,3,296.79,0.25,0,12.67,680.45,Net Banking,Pending,Houston,TX,United States,SELL00721
ORD0003706,14-08-2020,CUST043247,Aditya Singh,P00044,Power Bank 20000mAh,Electronics,ReadMore,5,273.05,0.05,155.64,14.72,1467.35,Cash on Delivery,Delivered,Fort Worth,TX,India,SELL00571
ORD0003707,12-02-2022,CUST028123,Rohit Gupta,P00011,Fitness Band,Electronics,KiddoFun,1,29.37,0.1,2.11,1.09,29.63,Net Banking,Delivered,New York,NY,United States,SELL01710
ORD0003708,09-11-2021,CUST007867,Neha Reddy,P00034,Desk Organizer,Books,NexPro,1,437.69,0.05,49.9,9.42,475.13,Credit Card,Delivered,Seattle,WA,United States,SELL01245
ORD0003709,30-12-2023,CUST044579,Anjali Verma,P00015,Instant Pot,Clothing,ReadMore,4,36.86,0,17.69,4.6,169.73,Credit Card,Delivered,Indianapolis,IN,India,SELL00335
ORD0003710,19-12-2024,CUST032440,Ritika Mehta,P00048,Wireless Charger,Home & Kitchen,BrightLux,2,520.47,0.1,74.95,2.82,1014.62,Debit Card,Delivered,Phoenix,AZ,India,SELL00039
ORD0003711,23-08-2021,CUST045712,Aditya Sharma,P00018,Vacuum Cleaner,Toys & Games,CoreTech,4,61.99,0,0,11.36,259.32,Debit Card,Delivered,Phoenix,AZ,India,SELL01650
ORD0003712,13-01-2021,CUST045364,Karan Gupta,P00022,Water Bottle,Toys & Games,ReadMore,5,416.15,0.05,237.21,11.74,2225.66,Amazon Pay,Shipped,Chicago,IL,United States,SELL00333
ORD0003713,16-04-2023,CUST007567,Karan Singh,P00036,Smart Light Bulb,Sports & Outdoors,HomeEase,2,60.57,0,9.69,14.5,145.33,Debit Card,Shipped,Denver,CO,Canada,SELL00044
ORD0003714,21-12-2023,CUST020158,Sahil Joshi,P00016,Air Fryer,Toys & Games,CoreTech,2,153.02,0.1,22.03,3.9,301.37,Amazon Pay,Delivered,Denver,CO,United States,SELL01456
ORD0003715,09-12-2021,CUST039914,Ritika Singh,P00036,Smart Light Bulb,Books,HomeEase,5,558.49,0.05,318.34,7.78,2978.95,Debit Card,Delivered,San Francisco,CA,United Kingdom,SELL01415
ORD0003716,02-11-2020,CUST042087,Rohit Singh,P00021,Backpack,Toys & Games,NexPro,3,409.26,0.05,93.31,4.19,1263.89,Debit Card,Delivered,Columbus,OH,United States,SELL01814
ORD0003717,17-02-2022,CUST004376,Sunita Gupta,P00046,Car Charger,Home & Kitchen,Apex,4,255.09,0.15,43.37,3.7,914.38,Net Banking,Delivered,Dallas,TX,United States,SELL00879
ORD0003718,18-05-2021,CUST043607,Sahil Joshi,P00006,Gaming Mouse,Sports & Outdoors,HomeEase,5,160.41,0.05,137.15,3.18,902.28,Credit Card,Returned,Los Angeles,CA,United States,SELL00171
ORD0003719,24-09-2020,CUST006277,Vivaan Gupta,P00034,Desk Organizer,Home & Kitchen,FitLife,5,428.79,0.05,162.94,13.71,2213.4,Debit Card,Shipped,Washington,DC,Canada,SELL00848
ORD0003720,28-05-2024,CUST038998,Ritika Gupta,P00020,Office Chair,Clothing,HomeEase,4,67.87,0.15,11.54,3.99,246.29,Debit Card,Delivered,San Diego,CA,United States,SELL01943
ORD0003721,08-01-2020,CUST012893,Neha Reddy,P00003,Smartphone Case,Sports & Outdoors,CoreTech,5,91.3,0,22.83,14.56,493.89,Credit Card,Delivered,New York,NY,India,SELL01300
ORD0003722,22-05-2021,CUST033973,Simran Kumar,P00006,Gaming Mouse,Toys & Games,BrightLux,3,430.87,0.05,61.4,0.14,1289.52,Credit Card,Shipped,San Francisco,CA,United States,SELL00578
ORD0003723,20-04-2021,CUST013983,Aarav Sharma,P00025,Running Shoes,Home & Kitchen,HomeEase,4,63.25,0.15,25.81,10.23,251.09,Credit Card,Delivered,Denver,CO,Australia,SELL01412
ORD0003724,13-08-2023,CUST026659,Arjun Gupta,P00039,Graphic Tablet,Books,ReadMore,5,197.79,0.05,112.74,12.56,1064.8,Debit Card,Pending,Houston,TX,India,SELL01268
ORD0003725,12-06-2020,CUST001530,Priya Joshi,P00004,USB-C Charger,Books,Apex,2,5.82,0,0.93,2.91,15.48,Net Banking,Delivered,San Antonio,TX,India,SELL01790
ORD0003726,29-04-2021,CUST025186,Vihaan Gupta,P00048,Wireless Charger,Toys & Games,NexPro,4,585.71,0.3,131.2,8.93,1780.12,Credit Card,Delivered,Jacksonville,FL,United States,SELL00802
ORD0003727,08-06-2024,CUST014370,Karan Singh,P00028,Jeans,Clothing,HomeEase,5,100.5,0.1,54.27,3.58,510.1,Credit Card,Delivered,Jacksonville,FL,United States,SELL01720
ORD0003728,31-12-2022,CUST004574,Neha Kumar,P00044,Power Bank 20000mAh,Electronics,KiddoFun,3,368.52,0,132.67,1.12,1239.35,Amazon Pay,Returned,Chicago,IL,India,SELL01829
ORD0003729,20-07-2021,CUST034515,Aarav Verma,P00034,Desk Organizer,Clothing,HomeEase,2,405.2,0.05,38.49,14.7,823.07,Debit Card,Delivered,San Jose,CA,United States,SELL00475
ORD0003730,23-06-2022,CUST049618,Pooja Joshi,P00014,Drone Mini,Home & Kitchen,FitLife,3,415.39,0.1,89.72,2.23,1213.5,Credit Card,Delivered,San Francisco,CA,United States,SELL01757
ORD0003731,12-07-2021,CUST024233,Aditya Kapoor,P00034,Desk Organizer,Sports & Outdoors,NexPro,5,160.19,0,144.17,1.96,947.08,Cash on Delivery,Delivered,Chicago,IL,United States,SELL00226
ORD0003732,25-08-2020,CUST025909,Vikas Kapoor,P00026,Sunglasses,Home & Kitchen,ReadMore,2,177.02,0.05,40.36,6.94,383.64,Credit Card,Delivered,Columbus,OH,United States,SELL00979
ORD0003733,01-02-2023,CUST040144,Neha Kapoor,P00034,Desk Organizer,Home & Kitchen,UrbanStyle,4,44.29,0,31.89,6.96,216.01,Debit Card,Pending,Phoenix,AZ,United States,SELL01849
ORD0003734,18-05-2023,CUST044537,Karan Gupta,P00050,Novel Bestseller,Toys & Games,BrightLux,2,420.86,0.1,60.6,7.75,825.9,Credit Card,Delivered,Denver,CO,United States,SELL00242
ORD0003735,07-07-2021,CUST011968,Neha Verma,P00028,Jeans,Clothing,CoreTech,3,160.73,0.05,54.97,3.78,516.83,UPI,Delivered,San Diego,CA,United States,SELL00963
ORD0003736,07-04-2022,CUST043382,Vikas Reddy,P00019,LED Desk Lamp,Clothing,ReadMore,1,135.88,0.2,13.04,11.07,132.81,Debit Card,Shipped,San Jose,CA,United States,SELL00093
ORD0003737,12-04-2021,CUST003595,Ritika Sharma,P00009,Portable SSD 1TB,Toys & Games,HomeEase,5,201.45,0.15,154.11,13.43,1023.7,Debit Card,Shipped,Washington,DC,United States,SELL00269
ORD0003738,17-01-2024,CUST016624,Pooja Singh,P00031,Kids Toy Car,Toys & Games,CoreTech,1,145.17,0.2,5.81,3.16,125.11,UPI,Delivered,Austin,TX,United States,SELL01482
ORD0003739,15-07-2023,CUST017204,Ritika Sharma,P00006,Gaming Mouse,Home & Kitchen,NexPro,5,226.53,0.05,129.12,11.21,1216.35,Credit Card,Returned,New York,NY,United States,SELL00808
ORD0003740,20-01-2021,CUST011488,Arjun Patel,P00020,Office Chair,Books,CoreTech,1,158.66,0.1,11.42,0.89,155.1,Credit Card,Delivered,San Antonio,TX,United States,SELL01251
ORD0003741,13-02-2022,CUST043546,Simran Singh,P00043,HDMI Cable 2m,Sports & Outdoors,ReadMore,2,326.76,0.1,47.05,2.85,638.07,Amazon Pay,Delivered,New York,NY,India,SELL00504
ORD0003742,27-04-2022,CUST030538,Vikas Singh,P00016,Air Fryer,Clothing,BrightLux,2,191.53,0.15,26.05,14.89,366.54,Debit Card,Shipped,Jacksonville,FL,India,SELL00720
ORD0003743,21-01-2021,CUST049965,Vivaan Gupta,P00031,Kids Toy Car,Books,CoreTech,4,195.32,0.1,84.38,4.61,792.14,Debit Card,Delivered,Seattle,WA,United States,SELL01747
ORD0003744,26-05-2022,CUST020967,Vikas Mehta,P00025,Running Shoes,Home & Kitchen,Zenith,2,473.23,0.3,33.13,14.06,709.71,Amazon Pay,Delivered,Charlotte,NC,United States,SELL01432
ORD0003745,15-09-2020,CUST031521,Vikas Sharma,P00012,Noise Cancelling Headphones,Sports & Outdoors,HomeEase,2,409.27,0,40.93,5.96,865.43,Debit Card,Delivered,San Diego,CA,United States,SELL01671
ORD0003746,09-10-2020,CUST001614,Priya Gupta,P00044,Power Bank 20000mAh,Home & Kitchen,NexPro,1,253.81,0,0,5.3,259.11,Debit Card,Delivered,Denver,CO,United States,SELL00480
ORD0003747,07-07-2024,CUST038409,Aman Verma,P00042,Projector Mini,Toys & Games,Zenith,5,262.64,0,157.58,3.37,1474.15,Amazon Pay,Delivered,Fort Worth,TX,United States,SELL01209
ORD0003748,09-02-2020,CUST048462,Aman Kumar,P00023,Cookware Set,Electronics,CoreTech,2,431.19,0,103.49,13.13,979,Credit Card,Delivered,Dallas,TX,India,SELL01022
ORD0003749,30-04-2021,CUST013559,Mohit Verma,P00014,Drone Mini,Sports & Outdoors,FitLife,2,292.92,0.15,39.84,10.47,548.27,UPI,Delivered,Austin,TX,United States,SELL00573
ORD0003750,17-07-2022,CUST005634,Kabir Singh,P00046,Car Charger,Toys & Games,Zenith,3,492.78,0,118.27,13.09,1609.7,Credit Card,Delivered,New York,NY,United States,SELL00724
ORD0003751,07-08-2020,CUST007677,Sahil Patel,P00016,Air Fryer,Home & Kitchen,FitLife,1,261.11,0.05,29.77,2.05,279.87,Debit Card,Delivered,San Jose,CA,United States,SELL01344
ORD0003752,26-02-2023,CUST013176,Anjali Gupta,P00050,Novel Bestseller,Electronics,FitLife,2,570.91,0,91.35,1.77,1234.94,Credit Card,Delivered,San Diego,CA,United States,SELL00005
ORD0003753,11-10-2022,CUST009675,Pooja Patel,P00010,Smartwatch,Clothing,Apex,2,316.03,0,31.6,12.86,676.52,Credit Card,Delivered,Washington,DC,United States,SELL01916
ORD0003754,20-10-2022,CUST046452,Vihaan Reddy,P00045,Phone Tripod,Home & Kitchen,UrbanStyle,4,273.24,0,87.44,10.4,1190.8,UPI,Shipped,New York,NY,United States,SELL00447
ORD0003755,23-03-2024,CUST032420,Ritika Patel,P00022,Water Bottle,Toys & Games,KiddoFun,3,416.08,0.25,0,6.84,943.02,Debit Card,Delivered,Phoenix,AZ,United States,SELL00889
ORD0003756,04-09-2021,CUST016419,Arjun Sharma,P00012,Noise Cancelling Headphones,Clothing,BrightLux,5,530.34,0.05,302.29,6.58,2827.98,Amazon Pay,Shipped,Columbus,OH,United Kingdom,SELL01251
ORD0003757,16-07-2022,CUST009792,Arjun Reddy,P00042,Projector Mini,Electronics,Zenith,1,54.08,0.05,0,1.32,52.7,Amazon Pay,Delivered,Seattle,WA,United States,SELL00183
ORD0003758,18-11-2021,CUST038506,Priya Patel,P00031,Kids Toy Car,Clothing,ReadMore,5,119.39,0.05,28.36,2.68,598.14,Credit Card,Delivered,Los Angeles,CA,United States,SELL00019
ORD0003759,30-06-2024,CUST007577,Neha Mehta,P00006,Gaming Mouse,Home & Kitchen,Apex,2,289.36,0,69.45,0.66,648.83,Credit Card,Delivered,Fort Worth,TX,United States,SELL01365
ORD0003760,04-09-2021,CUST035681,Anjali Singh,P00021,Backpack,Toys & Games,ReadMore,4,164.45,0,0,12.34,670.14,UPI,Delivered,San Antonio,TX,United States,SELL00353
ORD0003761,16-09-2020,CUST001545,Vihaan Kumar,P00007,Mechanical Keyboard,Toys & Games,UrbanStyle,3,368.95,0.15,169.35,10.77,1120.94,Cash on Delivery,Delivered,Philadelphia,PA,United States,SELL01596
ORD0003762,16-09-2022,CUST046635,Arjun Reddy,P00037,Router,Books,KiddoFun,1,581.18,0.2,0,3.21,468.15,Credit Card,Delivered,San Jose,CA,India,SELL01234
ORD0003763,23-08-2022,CUST005898,Sneha Kumar,P00009,Portable SSD 1TB,Home & Kitchen,KiddoFun,3,103.6,0,55.94,0.95,367.69,Cash on Delivery,Delivered,Chicago,IL,United States,SELL01220
ORD0003764,31-12-2020,CUST004641,Sahil Kapoor,P00025,Running Shoes,Toys & Games,Apex,3,401.16,0.15,184.13,2.11,1209.2,Credit Card,Delivered,Fort Worth,TX,United States,SELL01867
ORD0003765,16-11-2024,CUST005613,Aman Reddy,P00008,4K Monitor,Clothing,Apex,3,524.37,0,78.66,10.16,1661.93,Credit Card,Cancelled,Austin,TX,United States,SELL01462
ORD0003766,15-12-2024,CUST017289,Sahil Verma,P00025,Running Shoes,Electronics,HomeEase,5,484.46,0.15,102.95,10.78,2172.68,Amazon Pay,Delivered,Charlotte,NC,United States,SELL00001
ORD0003767,27-06-2021,CUST034358,Karan Joshi,P00022,Water Bottle,Clothing,BrightLux,3,122.74,0.05,27.98,8.14,385.93,Credit Card,Shipped,New York,NY,United States,SELL00422
ORD0003768,10-10-2021,CUST031464,Aditya Verma,P00020,Office Chair,Clothing,Zenith,2,299.74,0,47.96,3.03,650.47,Credit Card,Delivered,San Jose,CA,United States,SELL00597
ORD0003769,27-03-2024,CUST041112,Arjun Sharma,P00031,Kids Toy Car,Electronics,ReadMore,2,445.43,0.1,96.21,5.09,903.07,Credit Card,Delivered,Columbus,OH,Australia,SELL00057
ORD0003770,24-03-2022,CUST030888,Neha Patel,P00035,Desk Plant,Sports & Outdoors,Apex,2,282.93,0.2,54.32,0.24,507.25,UPI,Delivered,San Diego,CA,United States,SELL01243
ORD0003771,05-11-2022,CUST007552,Priya Patel,P00039,Graphic Tablet,Home & Kitchen,Zenith,4,252.43,0,50.49,2.18,1062.39,Credit Card,Delivered,Charlotte,NC,United States,SELL00308
ORD0003772,26-02-2023,CUST039739,Arjun Joshi,P00005,Laptop Sleeve,Sports & Outdoors,CoreTech,4,411.5,0,296.28,13.35,1955.63,UPI,Shipped,New York,NY,United States,SELL01513
ORD0003773,28-07-2021,CUST021816,Kabir Reddy,P00013,Action Camera,Electronics,ReadMore,3,31.35,0,4.7,5.03,103.78,Debit Card,Delivered,San Francisco,CA,United States,SELL00315
ORD0003774,06-02-2023,CUST032721,Anjali Singh,P00032,Board Game,Home & Kitchen,Zenith,1,70.27,0,0,8.67,78.94,UPI,Delivered,Los Angeles,CA,Canada,SELL00330
ORD0003775,09-10-2022,CUST043287,Priya Sharma,P00033,Puzzle 1000pc,Toys & Games,KiddoFun,4,523.25,0,104.65,1.04,2198.69,Debit Card,Delivered,Austin,TX,India,SELL00709
ORD0003776,05-04-2024,CUST020076,Vihaan Kumar,P00022,Water Bottle,Sports & Outdoors,BrightLux,5,286.62,0,114.65,5.32,1553.07,UPI,Delivered,Indianapolis,IN,United States,SELL01770
ORD0003777,31-10-2021,CUST012605,Arjun Singh,P00014,Drone Mini,Toys & Games,BrightLux,2,81.27,0.25,9.75,10.39,142.05,UPI,Shipped,San Jose,CA,United States,SELL00190
ORD0003778,25-09-2020,CUST019756,Sneha Gupta,P00024,Yoga Mat,Home & Kitchen,HomeEase,3,484.78,0.25,130.89,1.73,1223.38,Credit Card,Delivered,Jacksonville,FL,United States,SELL00088
ORD0003779,31-03-2023,CUST040505,Arjun Kumar,P00015,Instant Pot,Clothing,CoreTech,5,98.55,0.05,37.45,4.12,509.68,Credit Card,Delivered,San Jose,CA,United States,SELL01309
ORD0003780,07-07-2023,CUST014379,Arjun Verma,P00015,Instant Pot,Sports & Outdoors,Zenith,5,474.12,0.05,112.6,5.28,2369.95,Credit Card,Shipped,Denver,CO,United States,SELL01140
ORD0003781,12-07-2022,CUST015678,Karan Verma,P00032,Board Game,Electronics,ReadMore,1,450.37,0.2,28.82,4.33,393.45,Debit Card,Delivered,Los Angeles,CA,India,SELL01757
ORD0003782,30-01-2023,CUST043930,Aditya Sharma,P00005,Laptop Sleeve,Books,BrightLux,2,270.03,0.05,92.35,10.33,615.74,Amazon Pay,Returned,San Francisco,CA,United States,SELL00949
ORD0003783,09-03-2024,CUST002008,Neha Mehta,P00008,4K Monitor,Electronics,UrbanStyle,2,478.98,0,76.64,7.17,1041.77,Amazon Pay,Delivered,San Antonio,TX,United States,SELL00131
ORD0003784,24-10-2024,CUST040907,Vivaan Kumar,P00019,LED Desk Lamp,Books,NexPro,4,274.5,0,87.84,7.06,1192.9,Credit Card,Delivered,Austin,TX,United States,SELL00098
ORD0003785,13-05-2024,CUST038749,Vihaan Sharma,P00009,Portable SSD 1TB,Toys & Games,UrbanStyle,4,401.78,0,80.36,13.11,1700.59,Debit Card,Delivered,Houston,TX,Canada,SELL01108
ORD0003786,03-09-2020,CUST022464,Aman Kapoor,P00003,Smartphone Case,Books,NexPro,5,486.69,0,194.68,11.75,2639.88,Debit Card,Delivered,Chicago,IL,India,SELL01314
ORD0003787,21-07-2024,CUST028613,Vivaan Joshi,P00035,Desk Plant,Home & Kitchen,FitLife,5,286.58,0.2,206.34,14.89,1367.55,Credit Card,Delivered,Dallas,TX,United States,SELL01133
ORD0003788,23-12-2024,CUST043928,Vihaan Gupta,P00022,Water Bottle,Toys & Games,Zenith,5,203.21,0,81.28,7.97,1105.3,Amazon Pay,Delivered,Fort Worth,TX,United States,SELL01823
ORD0003789,09-04-2024,CUST045001,Vivaan Verma,P00009,Portable SSD 1TB,Sports & Outdoors,CoreTech,2,512.1,0,184.36,1.63,1210.19,Cash on Delivery,Delivered,San Jose,CA,United States,SELL00520
ORD0003790,10-05-2020,CUST038775,Priya Sharma,P00021,Backpack,Electronics,KiddoFun,5,222.97,0.2,107.03,5.14,1004.05,Credit Card,Delivered,Los Angeles,CA,United States,SELL01893
ORD0003791,18-12-2020,CUST043515,Vihaan Verma,P00017,Electric Kettle,Toys & Games,HomeEase,2,44.39,0.1,4,12.07,95.97,Amazon Pay,Delivered,Dallas,TX,United States,SELL01568
ORD0003792,14-07-2020,CUST032651,Kabir Kumar,P00003,Smartphone Case,Books,ReadMore,4,524.71,0,251.86,2.23,2352.93,Credit Card,Delivered,Jacksonville,FL,United States,SELL00148
ORD0003793,21-12-2024,CUST003807,Ritika Kumar,P00007,Mechanical Keyboard,Clothing,UrbanStyle,1,97.96,0.15,6.66,4.22,94.15,Amazon Pay,Cancelled,Phoenix,AZ,India,SELL01410
ORD0003794,18-07-2022,CUST005827,Mohit Patel,P00022,Water Bottle,Books,BrightLux,4,589.68,0.15,240.59,12.48,2257.98,Credit Card,Delivered,Dallas,TX,United States,SELL01631
ORD0003795,16-08-2024,CUST014809,Aarav Verma,P00005,Laptop Sleeve,Home & Kitchen,KiddoFun,2,64.92,0.05,22.2,13.32,158.87,Net Banking,Delivered,Washington,DC,United States,SELL00530
ORD0003796,06-11-2023,CUST018101,Arjun Gupta,P00005,Laptop Sleeve,Home & Kitchen,Apex,2,450.47,0,162.17,2.98,1066.09,Cash on Delivery,Delivered,Dallas,TX,United States,SELL01922
ORD0003797,18-10-2022,CUST013569,Ritika Patel,P00038,External HDD 2TB,Sports & Outdoors,ReadMore,4,146.34,0.05,0,11.98,568.07,Net Banking,Shipped,Austin,TX,United States,SELL01405
ORD0003798,06-10-2021,CUST007217,Vikas Singh,P00032,Board Game,Home & Kitchen,HomeEase,4,415.8,0.25,224.53,5.64,1477.57,Credit Card,Delivered,Columbus,OH,India,SELL01270
ORD0003799,14-08-2020,CUST023088,Aman Kapoor,P00046,Car Charger,Toys & Games,ReadMore,2,283.12,0,28.31,13.49,608.04,Debit Card,Delivered,Jacksonville,FL,United States,SELL01389
ORD0003800,01-12-2021,CUST017872,Sneha Reddy,P00026,Sunglasses,Books,CoreTech,3,236.86,0,127.9,5.82,844.3,Net Banking,Cancelled,Jacksonville,FL,United States,SELL01030
ORD0003801,08-02-2024,CUST000739,Ritika Verma,P00029,T-Shirt,Clothing,FitLife,4,403.12,0.1,72.56,7.9,1531.69,Credit Card,Shipped,Houston,TX,United Kingdom,SELL00194
ORD0003802,09-02-2024,CUST013007,Vihaan Kapoor,P00022,Water Bottle,Books,HomeEase,5,295.75,0.2,59.15,13.62,1255.77,Credit Card,Shipped,Washington,DC,Australia,SELL01430
ORD0003803,21-09-2020,CUST037090,Aarav Reddy,P00027,Winter Jacket,Books,Zenith,4,488.74,0,156.4,9.22,2120.58,Net Banking,Pending,Charlotte,NC,United Kingdom,SELL01380
ORD0003804,27-10-2023,CUST031413,Rohit Kumar,P00047,Memory Card 128GB,Clothing,CoreTech,1,145.72,0.2,13.99,6.29,136.86,Cash on Delivery,Delivered,San Francisco,CA,India,SELL00521
ORD0003805,18-02-2024,CUST030219,Priya Singh,P00046,Car Charger,Books,UrbanStyle,2,117,0,18.72,5.96,258.68,Net Banking,Shipped,San Jose,CA,United States,SELL01769
ORD0003806,28-12-2023,CUST035209,Sahil Sharma,P00027,Winter Jacket,Home & Kitchen,FitLife,1,217.67,0.2,13.93,11,199.07,Credit Card,Delivered,Philadelphia,PA,United States,SELL00956
ORD0003807,07-10-2021,CUST009021,Vihaan Kumar,P00049,Children's Book,Sports & Outdoors,Zenith,1,220.19,0,17.62,4.66,242.47,Amazon Pay,Delivered,Fort Worth,TX,United States,SELL01380
ORD0003808,29-07-2020,CUST007801,Aman Joshi,P00039,Graphic Tablet,Books,FitLife,3,501.45,0,120.35,13.94,1638.64,Debit Card,Delivered,San Francisco,CA,United States,SELL01642
ORD0003809,14-05-2024,CUST013413,Vikas Kapoor,P00027,Winter Jacket,Sports & Outdoors,Zenith,4,564.28,0,180.57,9.52,2447.21,Amazon Pay,Cancelled,Columbus,OH,United States,SELL01342
ORD0003810,01-11-2023,CUST044566,Mohit Joshi,P00039,Graphic Tablet,Sports & Outdoors,CoreTech,5,407.02,0.1,219.79,11.66,2063.04,Credit Card,Shipped,San Francisco,CA,United States,SELL01926
ORD0003811,19-11-2023,CUST013928,Vihaan Singh,P00016,Air Fryer,Home & Kitchen,HomeEase,4,307.45,0,61.49,4.03,1295.32,Amazon Pay,Delivered,San Diego,CA,United States,SELL01365
ORD0003812,13-01-2024,CUST002476,Vikas Mehta,P00015,Instant Pot,Books,UrbanStyle,2,344.44,0.05,52.35,6.61,713.4,Amazon Pay,Pending,Denver,CO,India,SELL00552
ORD0003813,31-07-2022,CUST015646,Karan Kumar,P00011,Fitness Band,Books,FitLife,4,198.61,0.05,0,11.37,766.09,Debit Card,Delivered,Jacksonville,FL,Canada,SELL01905
ORD0003814,19-10-2023,CUST033084,Aman Kumar,P00024,Yoga Mat,Books,HomeEase,3,453.23,0.05,0,2.79,1294.5,Debit Card,Delivered,Jacksonville,FL,Canada,SELL00375
ORD0003815,01-04-2021,CUST049629,Karan Verma,P00045,Phone Tripod,Home & Kitchen,NexPro,5,480.93,0,192.37,6.62,2603.64,Credit Card,Delivered,Dallas,TX,India,SELL01703
ORD0003816,25-12-2021,CUST031287,Anjali Verma,P00047,Memory Card 128GB,Home & Kitchen,CoreTech,2,79.64,0.1,25.8,3.38,172.53,UPI,Delivered,Indianapolis,IN,Australia,SELL01660
ORD0003817,17-10-2024,CUST022655,Simran Verma,P00009,Portable SSD 1TB,Electronics,NexPro,2,209.88,0.2,26.86,2.5,365.17,Debit Card,Delivered,Chicago,IL,Australia,SELL00542
ORD0003818,03-06-2023,CUST033319,Aman Singh,P00040,Microphone,Electronics,Apex,1,176,0.05,0,4.25,171.45,Amazon Pay,Delivered,New York,NY,United Kingdom,SELL01910
ORD0003819,08-09-2022,CUST002473,Neha Patel,P00005,Laptop Sleeve,Electronics,Apex,2,513.81,0,123.31,8.12,1159.05,Cash on Delivery,Delivered,Seattle,WA,India,SELL00568
ORD0003820,28-02-2023,CUST008073,Priya Reddy,P00028,Jeans,Toys & Games,CoreTech,3,521.34,0,78.2,6.77,1648.99,UPI,Shipped,New York,NY,Canada,SELL00579
ORD0003821,10-08-2021,CUST029059,Vivaan Verma,P00045,Phone Tripod,Books,FitLife,1,505.82,0.2,0,11.1,415.76,Net Banking,Delivered,Dallas,TX,United States,SELL00141
ORD0003822,20-04-2021,CUST009157,Anjali Joshi,P00032,Board Game,Clothing,FitLife,4,515.37,0.05,0,11.38,1969.79,Amazon Pay,Delivered,Columbus,OH,Canada,SELL00482
ORD0003823,26-12-2024,CUST034955,Vihaan Mehta,P00023,Cookware Set,Toys & Games,NexPro,5,501.91,0,200.76,4.8,2715.11,UPI,Cancelled,Houston,TX,Canada,SELL00522
ORD0003824,12-09-2022,CUST004228,Priya Joshi,P00015,Instant Pot,Clothing,CoreTech,5,269.23,0.05,63.94,8.24,1351.02,Credit Card,Pending,Dallas,TX,United States,SELL00189
ORD0003825,24-07-2023,CUST006305,Kabir Gupta,P00034,Desk Organizer,Toys & Games,NexPro,2,398.34,0.05,60.55,1.22,818.62,UPI,Delivered,Austin,TX,India,SELL01780
ORD0003826,04-06-2020,CUST045473,Simran Kumar,P00008,4K Monitor,Toys & Games,FitLife,5,60.98,0.15,46.65,5.36,311.17,Amazon Pay,Delivered,San Diego,CA,United Kingdom,SELL01030
ORD0003827,18-11-2024,CUST041517,Sahil Mehta,P00031,Kids Toy Car,Electronics,CoreTech,4,311.11,0.2,119.47,5.63,1120.65,Credit Card,Delivered,Phoenix,AZ,United States,SELL01036
ORD0003828,26-05-2023,CUST019860,Priya Mehta,P00022,Water Bottle,Sports & Outdoors,NexPro,5,448.53,0,269.12,8.57,2520.34,Debit Card,Delivered,Philadelphia,PA,Canada,SELL00269
ORD0003829,08-07-2020,CUST039077,Rohit Verma,P00047,Memory Card 128GB,Home & Kitchen,CoreTech,1,165.73,0.05,12.6,12.69,182.73,Credit Card,Delivered,Chicago,IL,India,SELL00491
ORD0003830,11-12-2023,CUST023380,Neha Patel,P00035,Desk Plant,Electronics,Zenith,2,208.53,0.2,26.69,7.33,367.67,Credit Card,Shipped,Chicago,IL,United States,SELL01834
ORD0003831,07-09-2022,CUST031893,Mohit Sharma,P00045,Phone Tripod,Books,BrightLux,3,444.22,0.2,53.31,11.3,1130.74,Debit Card,Delivered,Los Angeles,CA,United States,SELL01538
ORD0003832,25-08-2024,CUST030010,Neha Verma,P00040,Microphone,Sports & Outdoors,CoreTech,5,124.57,0.2,0,3.13,501.41,Credit Card,Delivered,Chicago,IL,United States,SELL01395
ORD0003833,11-09-2024,CUST044871,Sunita Joshi,P00015,Instant Pot,Electronics,Apex,5,111.49,0.1,40.14,7.28,549.12,Debit Card,Delivered,Phoenix,AZ,United States,SELL01677
ORD0003834,29-06-2021,CUST006880,Aman Verma,P00032,Board Game,Clothing,FitLife,2,150.3,0.1,32.46,2.21,305.21,Debit Card,Delivered,Los Angeles,CA,United States,SELL01074
ORD0003835,10-02-2020,CUST009636,Vihaan Singh,P00026,Sunglasses,Books,Zenith,1,224.13,0,11.21,5.28,240.62,Credit Card,Delivered,Houston,TX,United States,SELL01854
ORD0003836,02-11-2020,CUST026955,Sunita Mehta,P00047,Memory Card 128GB,Sports & Outdoors,NexPro,2,541.27,0.1,48.71,1.73,1024.73,Credit Card,Shipped,Indianapolis,IN,United States,SELL00241
ORD0003837,31-07-2022,CUST036344,Ritika Verma,P00047,Memory Card 128GB,Electronics,HomeEase,3,425.55,0.05,97.03,10.64,1320.49,Amazon Pay,Delivered,Denver,CO,India,SELL00125
ORD0003838,03-12-2020,CUST010928,Mohit Verma,P00027,Winter Jacket,Books,CoreTech,2,490.23,0,0,0.79,981.25,Debit Card,Delivered,Columbus,OH,Canada,SELL01116
ORD0003839,30-08-2023,CUST011805,Vikas Kumar,P00013,Action Camera,Toys & Games,FitLife,2,528.3,0,84.53,6.05,1147.18,Debit Card,Delivered,Dallas,TX,United States,SELL00687
ORD0003840,03-01-2023,CUST003370,Anjali Kumar,P00031,Kids Toy Car,Electronics,CoreTech,5,234.31,0,58.58,2.55,1232.68,Net Banking,Delivered,Washington,DC,United Kingdom,SELL00905
ORD0003841,10-08-2022,CUST020066,Kabir Mehta,P00022,Water Bottle,Toys & Games,HomeEase,3,489.29,0.1,158.53,13.93,1493.54,Cash on Delivery,Delivered,Charlotte,NC,Australia,SELL01825
ORD0003842,05-10-2020,CUST019643,Vihaan Kumar,P00050,Novel Bestseller,Toys & Games,NexPro,4,176.38,0.1,50.8,7.39,693.16,Credit Card,Delivered,Los Angeles,CA,Australia,SELL01388
ORD0003843,14-04-2023,CUST017335,Karan Joshi,P00050,Novel Bestseller,Toys & Games,ReadMore,1,580.53,0,46.44,1.54,628.51,Credit Card,Delivered,Chicago,IL,United States,SELL00985
ORD0003844,14-06-2022,CUST028490,Pooja Kapoor,P00016,Air Fryer,Books,BrightLux,2,325.7,0.1,29.31,11.2,626.77,Debit Card,Delivered,Washington,DC,United States,SELL00727
ORD0003845,12-08-2024,CUST010691,Ritika Gupta,P00044,Power Bank 20000mAh,Home & Kitchen,FitLife,4,505.69,0.2,291.28,10.94,1920.43,Credit Card,Delivered,Dallas,TX,United States,SELL01159
ORD0003846,29-09-2020,CUST012908,Sunita Patel,P00001,Wireless Earbuds,Clothing,NexPro,5,492.87,0,197.15,11.75,2673.25,Cash on Delivery,Delivered,Jacksonville,FL,United States,SELL00284
ORD0003847,16-04-2022,CUST021588,Neha Kapoor,P00018,Vacuum Cleaner,Electronics,HomeEase,3,561.95,0,134.87,2.6,1823.32,Amazon Pay,Delivered,Phoenix,AZ,United States,SELL01606
ORD0003848,11-09-2021,CUST029954,Sunita Joshi,P00015,Instant Pot,Books,CoreTech,3,354.04,0.05,80.72,5.82,1095.55,Debit Card,Delivered,Fort Worth,TX,United States,SELL00878
ORD0003849,01-08-2024,CUST013960,Aman Gupta,P00008,4K Monitor,Sports & Outdoors,HomeEase,5,509.87,0.05,193.75,1.52,2617.15,Credit Card,Pending,Seattle,WA,India,SELL00831
ORD0003850,11-05-2022,CUST010354,Arjun Joshi,P00042,Projector Mini,Sports & Outdoors,Zenith,5,575.51,0.15,293.51,11.81,2751.24,Cash on Delivery,Delivered,Chicago,IL,United States,SELL01270
ORD0003851,11-12-2024,CUST031529,Vihaan Verma,P00017,Electric Kettle,Electronics,CoreTech,1,188.42,0.1,8.48,11.29,189.35,Credit Card,Delivered,New York,NY,United Kingdom,SELL01612
ORD0003852,19-07-2022,CUST015449,Pooja Joshi,P00040,Microphone,Home & Kitchen,Apex,4,51.62,0.1,33.45,11.18,230.46,Amazon Pay,Shipped,Chicago,IL,India,SELL01572
ORD0003853,15-10-2020,CUST019083,Neha Kumar,P00035,Desk Plant,Sports & Outdoors,UrbanStyle,2,104.72,0,0,9.5,218.94,Credit Card,Delivered,Washington,DC,United States,SELL01333
ORD0003854,24-12-2021,CUST044568,Arjun Sharma,P00004,USB-C Charger,Toys & Games,FitLife,5,212.3,0.15,0,14.09,916.36,Net Banking,Delivered,Indianapolis,IN,United States,SELL00340
ORD0003855,11-06-2022,CUST000922,Vihaan Sharma,P00038,External HDD 2TB,Toys & Games,UrbanStyle,3,199.17,0.25,53.78,2.61,504.52,Net Banking,Delivered,Fort Worth,TX,Australia,SELL01348
ORD0003856,28-09-2020,CUST021027,Aditya Joshi,P00046,Car Charger,Sports & Outdoors,ReadMore,5,63.32,0,37.99,5.36,359.95,Credit Card,Delivered,Chicago,IL,United Kingdom,SELL00132
ORD0003857,25-12-2022,CUST004072,Aarav Singh,P00035,Desk Plant,Toys & Games,FitLife,5,535.12,0.25,240.8,5.5,2253,Credit Card,Delivered,Seattle,WA,United States,SELL00117
ORD0003858,27-04-2021,CUST010127,Sunita Kapoor,P00037,Router,Home & Kitchen,NexPro,3,363.12,0,87.15,9.76,1186.27,Debit Card,Delivered,Dallas,TX,United Kingdom,SELL00120
ORD0003859,24-07-2022,CUST041578,Anjali Singh,P00039,Graphic Tablet,Home & Kitchen,Zenith,3,511.57,0.25,92.08,3.41,1246.52,UPI,Delivered,San Antonio,TX,India,SELL00827
ORD0003860,04-09-2020,CUST019214,Priya Kapoor,P00012,Noise Cancelling Headphones,Toys & Games,UrbanStyle,3,24.7,0.05,3.52,13.44,87.35,UPI,Delivered,Columbus,OH,Australia,SELL00638
ORD0003861,04-06-2020,CUST043429,Kabir Verma,P00015,Instant Pot,Books,FitLife,5,223.52,0.05,84.94,12.44,1159.1,Amazon Pay,Delivered,San Francisco,CA,United States,SELL00553
ORD0003862,06-12-2022,CUST034578,Aditya Reddy,P00009,Portable SSD 1TB,Books,Zenith,2,245.04,0.05,37.25,14.12,516.95,UPI,Delivered,Denver,CO,United Kingdom,SELL00907
ORD0003863,29-03-2021,CUST033740,Neha Joshi,P00028,Jeans,Clothing,CoreTech,3,215.52,0,51.72,6,704.28,Credit Card,Delivered,Jacksonville,FL,United States,SELL00235
ORD0003864,19-07-2020,CUST034755,Rohit Gupta,P00032,Board Game,Books,CoreTech,1,529.67,0.05,40.25,8.89,552.33,Credit Card,Delivered,San Diego,CA,Australia,SELL00780
ORD0003865,10-08-2024,CUST026216,Neha Joshi,P00048,Wireless Charger,Home & Kitchen,NexPro,1,291.81,0.25,10.94,11.73,241.53,Credit Card,Delivered,Austin,TX,United States,SELL00327
ORD0003866,03-05-2020,CUST008366,Aman Gupta,P00034,Desk Organizer,Clothing,BrightLux,2,275.36,0,27.54,1.84,580.1,Net Banking,Delivered,New York,NY,United States,SELL00638
ORD0003867,01-01-2020,CUST049732,Sahil Patel,P00004,USB-C Charger,Toys & Games,CoreTech,2,593.67,0.05,135.36,8.84,1272.17,Credit Card,Delivered,Los Angeles,CA,Canada,SELL01119
ORD0003868,25-08-2022,CUST005689,Sahil Reddy,P00022,Water Bottle,Toys & Games,Zenith,5,185.11,0,46.28,4.98,976.81,UPI,Delivered,Jacksonville,FL,India,SELL01775
ORD0003869,17-11-2024,CUST016858,Aarav Sharma,P00013,Action Camera,Home & Kitchen,ReadMore,1,166.21,0.05,7.89,12.92,178.71,Amazon Pay,Delivered,Indianapolis,IN,United States,SELL01864
ORD0003870,04-05-2022,CUST046293,Karan Verma,P00010,Smartwatch,Electronics,UrbanStyle,2,166.49,0.15,22.64,8.33,314,Net Banking,Delivered,Philadelphia,PA,Australia,SELL00778
ORD0003871,01-10-2021,CUST030893,Sunita Joshi,P00033,Puzzle 1000pc,Sports & Outdoors,CoreTech,4,30.69,0.05,5.83,8.57,131.02,UPI,Delivered,San Diego,CA,United States,SELL01913
ORD0003872,09-07-2020,CUST038288,Anjali Mehta,P00013,Action Camera,Home & Kitchen,KiddoFun,1,480.38,0,38.43,5.26,524.07,Credit Card,Pending,Charlotte,NC,United Kingdom,SELL01553
ORD0003873,21-05-2024,CUST014960,Simran Joshi,P00032,Board Game,Books,BrightLux,5,194.8,0,77.92,13.61,1065.53,Amazon Pay,Delivered,Washington,DC,United States,SELL01469
ORD0003874,30-05-2021,CUST002327,Vivaan Sharma,P00039,Graphic Tablet,Home & Kitchen,Apex,2,598.93,0.1,86.25,9.14,1173.46,Debit Card,Delivered,Charlotte,NC,United States,SELL01302
ORD0003875,17-03-2021,CUST032984,Mohit Reddy,P00028,Jeans,Clothing,HomeEase,5,45.56,0.15,9.68,9.17,212.48,Amazon Pay,Delivered,Indianapolis,IN,United States,SELL00688
ORD0003876,22-05-2020,CUST004606,Priya Singh,P00011,Fitness Band,Sports & Outdoors,KiddoFun,4,339.5,0.05,64.5,10.25,1364.85,Credit Card,Delivered,Austin,TX,United States,SELL01097
ORD0003877,29-04-2023,CUST037459,Neha Mehta,P00042,Projector Mini,Sports & Outdoors,HomeEase,3,395.07,0.1,85.34,7.54,1159.57,UPI,Delivered,Columbus,OH,United States,SELL01519
ORD0003878,16-06-2021,CUST048347,Arjun Gupta,P00005,Laptop Sleeve,Clothing,ReadMore,4,390.2,0.25,58.53,0.05,1229.18,UPI,Delivered,Dallas,TX,United States,SELL01334
ORD0003879,14-08-2020,CUST006248,Sunita Joshi,P00015,Instant Pot,Books,HomeEase,1,174.4,0.2,6.98,9.61,156.11,Debit Card,Delivered,Dallas,TX,United States,SELL00047
ORD0003880,29-08-2023,CUST003123,Vihaan Kapoor,P00032,Board Game,Books,Apex,3,333.34,0,50,9.48,1059.5,Net Banking,Shipped,Denver,CO,India,SELL01876
ORD0003881,10-07-2024,CUST041729,Neha Reddy,P00009,Portable SSD 1TB,Clothing,Apex,1,522.49,0,62.7,7.19,592.38,Amazon Pay,Delivered,San Jose,CA,Australia,SELL00617
ORD0003882,06-08-2022,CUST025677,Sahil Kapoor,P00026,Sunglasses,Electronics,NexPro,2,42.29,0,4.23,1.33,90.14,Cash on Delivery,Delivered,Seattle,WA,United States,SELL01915
ORD0003883,18-08-2023,CUST029101,Neha Joshi,P00018,Vacuum Cleaner,Books,ReadMore,2,217.69,0,21.77,8.07,465.22,Credit Card,Delivered,San Antonio,TX,United States,SELL00339
ORD0003884,04-08-2024,CUST048132,Sahil Singh,P00040,Microphone,Sports & Outdoors,UrbanStyle,5,319.28,0,191.57,12.06,1800.03,Credit Card,Delivered,Charlotte,NC,United States,SELL01665
ORD0003885,04-04-2021,CUST001113,Aman Sharma,P00026,Sunglasses,Books,FitLife,1,434.71,0.25,0,9.45,335.48,Net Banking,Delivered,New York,NY,India,SELL00418
ORD0003886,25-11-2023,CUST037626,Sunita Gupta,P00008,4K Monitor,Home & Kitchen,BrightLux,3,153.75,0,36.9,6.78,504.93,Credit Card,Returned,San Jose,CA,United States,SELL00299
ORD0003887,04-07-2021,CUST014699,Neha Kapoor,P00016,Air Fryer,Clothing,NexPro,3,488.4,0,0,7.54,1472.74,Debit Card,Pending,Jacksonville,FL,United States,SELL00332
ORD0003888,27-01-2021,CUST002078,Sunita Kapoor,P00042,Projector Mini,Clothing,Zenith,3,388.75,0,93.3,14.61,1274.16,UPI,Delivered,Denver,CO,United States,SELL01724
ORD0003889,22-11-2024,CUST024462,Vikas Gupta,P00003,Smartphone Case,Sports & Outdoors,NexPro,2,61.83,0,6.18,4.52,134.36,Net Banking,Delivered,San Francisco,CA,United States,SELL01144
ORD0003890,24-04-2022,CUST018144,Anjali Sharma,P00013,Action Camera,Clothing,NexPro,4,396.52,0.05,180.81,0.12,1687.71,Net Banking,Delivered,Chicago,IL,United States,SELL00512
ORD0003891,15-05-2023,CUST008709,Aarav Kapoor,P00027,Winter Jacket,Electronics,Apex,2,415.31,0,149.51,10.96,991.09,Credit Card,Shipped,Philadelphia,PA,United States,SELL00687
ORD0003892,28-07-2020,CUST006637,Vivaan Singh,P00017,Electric Kettle,Home & Kitchen,FitLife,3,412.15,0.15,84.08,12.57,1147.63,Credit Card,Delivered,Los Angeles,CA,United States,SELL01419
ORD0003893,12-02-2023,CUST044433,Vikas Patel,P00026,Sunglasses,Clothing,NexPro,5,368.39,0.15,187.88,13.88,1767.42,Debit Card,Delivered,Jacksonville,FL,United States,SELL00835
ORD0003894,26-10-2024,CUST012336,Ritika Sharma,P00046,Car Charger,Sports & Outdoors,UrbanStyle,3,456.54,0.15,93.13,5.16,1262.47,Amazon Pay,Delivered,Charlotte,NC,United States,SELL00291
ORD0003895,07-10-2021,CUST005473,Anjali Mehta,P00038,External HDD 2TB,Home & Kitchen,ReadMore,3,243.76,0,87.75,14.47,833.5,Credit Card,Delivered,Phoenix,AZ,United States,SELL01666
ORD0003896,28-06-2023,CUST034508,Vihaan Mehta,P00007,Mechanical Keyboard,Clothing,KiddoFun,4,131.96,0,95.01,10.37,633.22,UPI,Delivered,San Diego,CA,United States,SELL01964
ORD0003897,06-08-2020,CUST018713,Vikas Patel,P00039,Graphic Tablet,Home & Kitchen,BrightLux,5,534.58,0.1,433.01,11.76,2850.38,Credit Card,Cancelled,Phoenix,AZ,United States,SELL00194
ORD0003898,10-02-2021,CUST013812,Karan Patel,P00035,Desk Plant,Sports & Outdoors,HomeEase,5,327.22,0,81.81,2.4,1720.31,UPI,Shipped,Seattle,WA,United States,SELL01264
ORD0003899,06-01-2024,CUST041235,Vivaan Kumar,P00030,Dress Shirt,Clothing,UrbanStyle,4,139.97,0.05,42.55,2.64,577.08,Amazon Pay,Cancelled,Philadelphia,PA,United States,SELL00272
ORD0003900,14-06-2024,CUST025659,Sneha Kumar,P00047,Memory Card 128GB,Clothing,HomeEase,1,276.15,0.15,11.74,13.08,259.55,Debit Card,Shipped,Chicago,IL,United States,SELL01532
ORD0003901,09-10-2023,CUST043189,Priya Kapoor,P00002,Bluetooth Speaker,Toys & Games,CoreTech,4,514.28,0,164.57,3.21,2224.9,Credit Card,Delivered,Columbus,OH,United States,SELL00712
ORD0003902,06-06-2022,CUST004567,Aditya Verma,P00038,External HDD 2TB,Home & Kitchen,KiddoFun,3,105.18,0,15.78,8.11,339.43,Debit Card,Delivered,Philadelphia,PA,India,SELL01916
ORD0003903,11-07-2021,CUST033447,Priya Verma,P00050,Novel Bestseller,Clothing,Zenith,2,492.87,0,49.29,7.2,1042.23,Credit Card,Shipped,San Diego,CA,India,SELL00841
ORD0003904,03-07-2021,CUST033663,Anjali Singh,P00035,Desk Plant,Sports & Outdoors,Apex,3,83.19,0.05,11.85,10.24,259.18,Amazon Pay,Delivered,San Antonio,TX,United States,SELL01119
ORD0003905,21-05-2020,CUST028421,Aarav Reddy,P00009,Portable SSD 1TB,Sports & Outdoors,NexPro,5,447.51,0.05,106.28,0,2231.95,Debit Card,Delivered,Houston,TX,United States,SELL00229
ORD0003906,03-09-2021,CUST026024,Anjali Sharma,P00039,Graphic Tablet,Sports & Outdoors,UrbanStyle,4,539.6,0,172.67,0.97,2332.04,Debit Card,Delivered,Jacksonville,FL,United States,SELL00405
ORD0003907,15-05-2021,CUST014266,Simran Mehta,P00005,Laptop Sleeve,Clothing,NexPro,5,334.1,0.05,126.96,10.84,1724.78,Credit Card,Delivered,Phoenix,AZ,United States,SELL01387
ORD0003908,19-04-2022,CUST008292,Ritika Reddy,P00021,Backpack,Toys & Games,UrbanStyle,5,23.13,0.1,5.2,7.1,116.38,Credit Card,Delivered,Houston,TX,United States,SELL00285
ORD0003909,02-12-2021,CUST031182,Karan Gupta,P00011,Fitness Band,Electronics,Zenith,3,184.32,0,27.65,13.17,593.78,Debit Card,Delivered,San Francisco,CA,United Kingdom,SELL01520
ORD0003910,19-04-2024,CUST038931,Aarav Joshi,P00036,Smart Light Bulb,Books,ReadMore,5,75.3,0.15,38.4,3.04,361.46,UPI,Delivered,San Diego,CA,India,SELL01131
ORD0003911,09-08-2024,CUST020292,Ritika Sharma,P00023,Cookware Set,Sports & Outdoors,UrbanStyle,1,474.19,0.05,36.04,7.07,493.59,Credit Card,Delivered,San Francisco,CA,India,SELL00323
ORD0003912,14-04-2024,CUST029208,Anjali Mehta,P00038,External HDD 2TB,Home & Kitchen,ReadMore,3,450.99,0,67.65,10.85,1431.47,Amazon Pay,Shipped,Indianapolis,IN,United States,SELL00969
ORD0003913,10-03-2024,CUST047194,Ritika Mehta,P00046,Car Charger,Sports & Outdoors,BrightLux,2,67.12,0.2,5.37,10.37,123.13,Debit Card,Delivered,Denver,CO,United Kingdom,SELL00710
ORD0003914,18-08-2021,CUST006634,Anjali Kapoor,P00005,Laptop Sleeve,Clothing,Apex,3,80.07,0.25,9.01,6.43,195.6,Credit Card,Delivered,Denver,CO,United States,SELL01766
ORD0003915,07-10-2020,CUST005779,Vihaan Joshi,P00037,Router,Electronics,UrbanStyle,5,82.55,0,20.64,0.64,434.03,Net Banking,Returned,Philadelphia,PA,India,SELL00016
ORD0003916,27-02-2021,CUST005435,Vihaan Kumar,P00024,Yoga Mat,Electronics,NexPro,2,212.58,0.2,17.01,4.06,361.2,Net Banking,Delivered,Charlotte,NC,India,SELL00236
ORD0003917,05-05-2022,CUST005437,Anjali Joshi,P00012,Noise Cancelling Headphones,Books,UrbanStyle,3,100.41,0,54.22,1.32,356.77,Credit Card,Delivered,New York,NY,United States,SELL01301
ORD0003918,26-09-2020,CUST040992,Aman Patel,P00024,Yoga Mat,Clothing,BrightLux,5,285.16,0,256.64,14.5,1696.94,Cash on Delivery,Shipped,Columbus,OH,United States,SELL00525
ORD0003919,02-06-2020,CUST017965,Mohit Kapoor,P00048,Wireless Charger,Clothing,FitLife,1,22.85,0.1,1.65,0.39,22.6,Debit Card,Shipped,Phoenix,AZ,United States,SELL01600
ORD0003920,05-09-2021,CUST002467,Priya Patel,P00026,Sunglasses,Sports & Outdoors,FitLife,5,451.16,0,112.79,10.03,2378.62,Credit Card,Delivered,San Francisco,CA,United States,SELL01736
ORD0003921,16-10-2024,CUST019894,Karan Kumar,P00048,Wireless Charger,Toys & Games,CoreTech,1,310.43,0,55.88,12.24,378.55,Debit Card,Delivered,Washington,DC,United States,SELL00842
ORD0003922,23-10-2021,CUST017386,Neha Verma,P00023,Cookware Set,Home & Kitchen,KiddoFun,4,453.16,0.25,163.14,5.33,1527.95,Credit Card,Delivered,Fort Worth,TX,United States,SELL01951
ORD0003923,23-03-2020,CUST044162,Sahil Kumar,P00017,Electric Kettle,Home & Kitchen,CoreTech,5,288.96,0.15,98.25,6.82,1333.15,Credit Card,Delivered,Houston,TX,India,SELL01868
ORD0003924,03-07-2024,CUST037601,Priya Gupta,P00027,Winter Jacket,Electronics,KiddoFun,5,43.91,0.05,25.03,12.79,246.39,Credit Card,Returned,Jacksonville,FL,United States,SELL01657
ORD0003925,04-08-2022,CUST043978,Vivaan Gupta,P00001,Wireless Earbuds,Clothing,KiddoFun,1,142.62,0.25,5.35,0.01,112.32,Amazon Pay,Delivered,Indianapolis,IN,United States,SELL00829
ORD0003926,17-06-2022,CUST042797,Ritika Mehta,P00009,Portable SSD 1TB,Clothing,ReadMore,1,47.27,0.15,0,7.01,47.19,Amazon Pay,Delivered,San Antonio,TX,India,SELL01618
ORD0003927,20-12-2023,CUST041633,Sneha Kapoor,P00043,HDMI Cable 2m,Clothing,NexPro,3,93.37,0,22.41,0.88,303.4,Amazon Pay,Delivered,San Jose,CA,United States,SELL00514
ORD0003928,22-07-2023,CUST048866,Aditya Kapoor,P00043,HDMI Cable 2m,Books,NexPro,1,380.58,0.1,17.13,14.15,373.8,Debit Card,Delivered,Washington,DC,United States,SELL00726
ORD0003929,02-10-2024,CUST040554,Vihaan Kapoor,P00022,Water Bottle,Home & Kitchen,NexPro,2,448.26,0.05,42.58,1.24,895.51,Debit Card,Delivered,San Antonio,TX,United States,SELL00809
ORD0003930,10-10-2020,CUST026532,Anjali Gupta,P00041,Webcam Full HD,Books,NexPro,5,57.93,0.05,33.02,12.58,320.77,Credit Card,Delivered,Seattle,WA,United States,SELL01043
ORD0003931,06-09-2022,CUST023518,Aditya Kapoor,P00047,Memory Card 128GB,Electronics,CoreTech,2,20.21,0.2,3.88,1,37.22,UPI,Delivered,Phoenix,AZ,United States,SELL01458
ORD0003932,21-06-2020,CUST015335,Aman Joshi,P00018,Vacuum Cleaner,Clothing,Apex,4,437.24,0.25,65.59,5.99,1383.3,Credit Card,Delivered,Dallas,TX,United States,SELL01461
ORD0003933,12-09-2023,CUST004677,Karan Kumar,P00021,Backpack,Toys & Games,BrightLux,4,148.19,0,71.13,14.75,678.64,Credit Card,Delivered,Austin,TX,United States,SELL01090
ORD0003934,07-10-2024,CUST021703,Vikas Verma,P00047,Memory Card 128GB,Electronics,HomeEase,2,543.71,0.1,117.44,4.31,1100.43,Amazon Pay,Shipped,Phoenix,AZ,India,SELL00951
ORD0003935,22-12-2022,CUST040585,Priya Reddy,P00034,Desk Organizer,Books,Apex,4,195.09,0.05,37.07,11.19,789.6,Amazon Pay,Delivered,San Diego,CA,United States,SELL01991
ORD0003936,01-01-2023,CUST011508,Priya Mehta,P00037,Router,Sports & Outdoors,Zenith,5,204.65,0.05,116.65,10.16,1098.9,Cash on Delivery,Delivered,Indianapolis,IN,Canada,SELL01211
ORD0003937,01-02-2022,CUST028537,Sahil Patel,P00045,Phone Tripod,Sports & Outdoors,UrbanStyle,5,56.08,0,14.02,5.05,299.47,Credit Card,Delivered,Austin,TX,United States,SELL01844
ORD0003938,17-07-2024,CUST048489,Rohit Mehta,P00039,Graphic Tablet,Clothing,Zenith,3,512.19,0,122.93,7.11,1666.61,Debit Card,Delivered,Philadelphia,PA,United States,SELL01013
ORD0003939,30-10-2023,CUST024602,Sunita Gupta,P00013,Action Camera,Toys & Games,ReadMore,3,409.69,0,98.33,1.35,1328.75,Debit Card,Delivered,Charlotte,NC,Canada,SELL01674
ORD0003940,24-09-2021,CUST038379,Kabir Reddy,P00043,HDMI Cable 2m,Toys & Games,FitLife,1,212.6,0,0,8.16,220.76,Credit Card,Shipped,Dallas,TX,United States,SELL01756
ORD0003941,11-03-2024,CUST040219,Simran Reddy,P00031,Kids Toy Car,Clothing,UrbanStyle,1,497.66,0,0,3.78,501.44,Credit Card,Delivered,Philadelphia,PA,United States,SELL00705
ORD0003942,25-02-2022,CUST006313,Mohit Sharma,P00035,Desk Plant,Electronics,BrightLux,4,518,0.25,124.32,14.51,1692.83,Debit Card,Delivered,Denver,CO,United States,SELL01609
ORD0003943,31-07-2022,CUST046419,Aman Singh,P00019,LED Desk Lamp,Books,BrightLux,3,343.18,0.15,0,13.65,888.76,UPI,Delivered,San Diego,CA,United States,SELL00853
ORD0003944,08-10-2022,CUST015304,Ritika Joshi,P00023,Cookware Set,Home & Kitchen,UrbanStyle,1,44.42,0.2,1.78,7.08,44.4,Net Banking,Delivered,New York,NY,India,SELL01093
ORD0003945,01-02-2021,CUST031110,Rohit Joshi,P00034,Desk Organizer,Sports & Outdoors,HomeEase,3,372.88,0.05,85.02,7.75,1155.48,Amazon Pay,Delivered,Jacksonville,FL,Canada,SELL00458
ORD0003946,17-02-2023,CUST041171,Pooja Reddy,P00028,Jeans,Sports & Outdoors,ReadMore,4,487.62,0,234.06,12.14,2196.68,Cash on Delivery,Cancelled,San Diego,CA,Canada,SELL01935
ORD0003947,22-07-2022,CUST003179,Kabir Mehta,P00013,Action Camera,Home & Kitchen,HomeEase,4,466.18,0,223.77,11.94,2100.43,Amazon Pay,Delivered,Philadelphia,PA,United States,SELL00909
ORD0003948,31-12-2023,CUST000317,Ritika Sharma,P00036,Smart Light Bulb,Books,Apex,4,437.44,0,139.98,4.09,1893.83,UPI,Returned,Houston,TX,United States,SELL01040
ORD0003949,06-11-2021,CUST031555,Aman Kumar,P00016,Air Fryer,Books,Apex,3,252.2,0.25,28.37,0.7,596.52,Amazon Pay,Cancelled,San Diego,CA,United States,SELL01395
ORD0003950,24-07-2022,CUST037186,Vikas Joshi,P00013,Action Camera,Sports & Outdoors,HomeEase,1,145.83,0.2,14,1.07,131.73,Amazon Pay,Delivered,New York,NY,United States,SELL01199
ORD0003951,09-04-2021,CUST015565,Arjun Kumar,P00034,Desk Organizer,Electronics,KiddoFun,4,218.6,0,0,5.59,879.99,Credit Card,Delivered,Houston,TX,United States,SELL00686
ORD0003952,12-10-2020,CUST045280,Arjun Gupta,P00044,Power Bank 20000mAh,Sports & Outdoors,HomeEase,1,519.62,0.05,24.68,1.66,519.98,Credit Card,Delivered,San Jose,CA,India,SELL01061
ORD0003953,21-09-2020,CUST040857,Karan Mehta,P00024,Yoga Mat,Electronics,Apex,3,159.69,0.1,77.61,5.63,514.4,Debit Card,Delivered,Columbus,OH,India,SELL00023
ORD0003954,15-11-2020,CUST035435,Anjali Verma,P00049,Children's Book,Books,UrbanStyle,2,303.76,0,30.38,12.21,650.11,Credit Card,Delivered,Seattle,WA,United States,SELL01779
ORD0003955,03-11-2021,CUST046093,Rohit Mehta,P00007,Mechanical Keyboard,Toys & Games,BrightLux,1,309.58,0,37.15,12.35,359.08,Credit Card,Delivered,San Francisco,CA,India,SELL01800
ORD0003956,31-10-2023,CUST024030,Pooja Gupta,P00026,Sunglasses,Clothing,BrightLux,2,63.02,0.2,8.07,3.34,112.24,Debit Card,Shipped,Philadelphia,PA,United States,SELL00458
ORD0003957,30-03-2022,CUST036632,Mohit Gupta,P00013,Action Camera,Toys & Games,BrightLux,2,290.01,0,69.6,6.15,655.77,Credit Card,Delivered,San Diego,CA,United States,SELL00662
ORD0003958,29-03-2020,CUST044013,Kabir Kumar,P00027,Winter Jacket,Electronics,BrightLux,4,418.61,0.15,170.79,4.56,1598.62,UPI,Delivered,Fort Worth,TX,United States,SELL00685
ORD0003959,04-08-2024,CUST021345,Sunita Kumar,P00024,Yoga Mat,Home & Kitchen,ReadMore,1,511.59,0.2,20.46,14.16,443.89,Credit Card,Delivered,San Antonio,TX,United States,SELL00079
ORD0003960,11-05-2023,CUST036795,Vihaan Singh,P00036,Smart Light Bulb,Home & Kitchen,UrbanStyle,1,66.1,0,0,6.54,72.64,UPI,Shipped,Phoenix,AZ,United States,SELL00219
ORD0003961,31-03-2022,CUST008781,Rohit Sharma,P00040,Microphone,Toys & Games,FitLife,4,372.26,0.05,70.73,13.59,1498.91,UPI,Delivered,Indianapolis,IN,United States,SELL01212
ORD0003962,28-10-2024,CUST039007,Sneha Gupta,P00031,Kids Toy Car,Electronics,FitLife,3,588.62,0.05,134.21,5.36,1817.14,Credit Card,Delivered,Houston,TX,India,SELL00626
ORD0003963,27-09-2022,CUST041638,Simran Joshi,P00032,Board Game,Toys & Games,FitLife,1,158.44,0,7.92,11.97,178.33,Amazon Pay,Delivered,Phoenix,AZ,India,SELL00783
ORD0003964,29-11-2020,CUST024072,Sahil Mehta,P00019,LED Desk Lamp,Sports & Outdoors,Apex,2,458.13,0,73.3,2.66,992.22,UPI,Shipped,Denver,CO,United States,SELL00480
ORD0003965,09-08-2020,CUST018234,Karan Sharma,P00004,USB-C Charger,Books,KiddoFun,5,49.94,0.3,8.74,13.16,196.69,Debit Card,Delivered,Jacksonville,FL,United States,SELL00107
ORD0003966,10-02-2020,CUST045726,Rohit Singh,P00018,Vacuum Cleaner,Books,BrightLux,5,285.16,0.2,57.03,1.43,1199.1,Credit Card,Delivered,San Antonio,TX,India,SELL00991
ORD0003967,27-09-2024,CUST048096,Pooja Singh,P00045,Phone Tripod,Home & Kitchen,NexPro,2,594.89,0,59.49,1.2,1250.47,Credit Card,Delivered,Dallas,TX,United States,SELL01048
ORD0003968,08-03-2020,CUST017975,Aarav Gupta,P00046,Car Charger,Books,Zenith,2,245.21,0.2,19.62,3.15,415.11,Net Banking,Delivered,New York,NY,United States,SELL00648
ORD0003969,14-09-2022,CUST011438,Pooja Reddy,P00030,Dress Shirt,Home & Kitchen,KiddoFun,1,431.01,0.05,20.47,2.9,432.83,Amazon Pay,Delivered,New York,NY,United States,SELL01711
ORD0003970,04-12-2024,CUST028838,Mohit Sharma,P00026,Sunglasses,Electronics,FitLife,3,241.58,0.15,30.8,0.48,647.31,Amazon Pay,Delivered,Phoenix,AZ,United States,SELL00681
ORD0003971,28-05-2021,CUST048401,Neha Sharma,P00047,Memory Card 128GB,Home & Kitchen,HomeEase,3,397.06,0,95.29,4.94,1291.41,Debit Card,Delivered,Chicago,IL,United States,SELL01710
ORD0003972,18-07-2024,CUST040290,Vivaan Verma,P00042,Projector Mini,Books,FitLife,1,185.9,0,14.87,2,202.77,Amazon Pay,Delivered,Charlotte,NC,United States,SELL00622
ORD0003973,03-07-2024,CUST032720,Anjali Kapoor,P00050,Novel Bestseller,Sports & Outdoors,FitLife,4,239.2,0,76.54,13.28,1046.62,Amazon Pay,Delivered,Indianapolis,IN,Australia,SELL00769
ORD0003974,09-06-2024,CUST014135,Priya Verma,P00012,Noise Cancelling Headphones,Clothing,ReadMore,5,238.26,0.25,160.83,11.06,1065.36,Credit Card,Delivered,Los Angeles,CA,United Kingdom,SELL00925
ORD0003975,13-07-2024,CUST003974,Karan Patel,P00038,External HDD 2TB,Home & Kitchen,NexPro,2,271.02,0.05,25.75,3.06,543.75,Credit Card,Delivered,Jacksonville,FL,India,SELL00022
ORD0003976,24-02-2023,CUST039362,Aditya Mehta,P00021,Backpack,Books,HomeEase,3,288.44,0,69.23,9.64,944.19,Amazon Pay,Cancelled,Indianapolis,IN,United States,SELL00786
ORD0003977,02-07-2023,CUST049989,Arjun Kumar,P00021,Backpack,Books,NexPro,4,450.58,0.05,85.61,2.15,1799.96,Debit Card,Shipped,Denver,CO,United States,SELL00338
ORD0003978,25-11-2021,CUST009258,Vihaan Kapoor,P00014,Drone Mini,Books,KiddoFun,5,256.15,0.25,48.03,1.09,1009.68,Net Banking,Shipped,New York,NY,United Kingdom,SELL00206
ORD0003979,05-11-2022,CUST021759,Aman Verma,P00022,Water Bottle,Clothing,FitLife,2,61,0,6.1,6.29,134.39,Credit Card,Delivered,Philadelphia,PA,United States,SELL01477
ORD0003980,21-04-2021,CUST023507,Aman Kapoor,P00026,Sunglasses,Home & Kitchen,BrightLux,1,380.58,0,19.03,9.47,409.08,Credit Card,Delivered,Austin,TX,United States,SELL00486
ORD0003981,21-12-2022,CUST020545,Aman Gupta,P00027,Winter Jacket,Books,ReadMore,4,593.78,0.15,242.26,14.94,2276.05,Amazon Pay,Cancelled,Washington,DC,United States,SELL01136
ORD0003982,30-05-2022,CUST035814,Neha Verma,P00003,Smartphone Case,Home & Kitchen,FitLife,2,402.76,0.05,38.26,14.64,818.14,Credit Card,Delivered,Indianapolis,IN,United States,SELL01092
ORD0003983,07-03-2021,CUST023001,Sneha Kapoor,P00011,Fitness Band,Books,HomeEase,1,163.39,0,0,8.27,171.66,Debit Card,Delivered,New York,NY,United States,SELL01246
ORD0003984,20-08-2024,CUST004432,Vihaan Patel,P00031,Kids Toy Car,Sports & Outdoors,UrbanStyle,2,299.36,0.05,68.25,11.97,649,UPI,Delivered,Seattle,WA,United States,SELL00198
ORD0003985,24-09-2020,CUST045022,Anjali Kapoor,P00003,Smartphone Case,Toys & Games,Apex,1,43.44,0,2.17,2.88,48.49,Credit Card,Delivered,San Jose,CA,India,SELL00594
ORD0003986,24-11-2022,CUST046090,Sunita Kumar,P00007,Mechanical Keyboard,Toys & Games,Zenith,1,362.27,0,28.98,9.65,400.9,Debit Card,Shipped,Denver,CO,United States,SELL01804
ORD0003987,17-02-2022,CUST034728,Karan Kumar,P00017,Electric Kettle,Clothing,ReadMore,5,535.59,0.05,305.29,0.59,2849.93,Debit Card,Delivered,Phoenix,AZ,United States,SELL01489
ORD0003988,18-05-2024,CUST013080,Arjun Verma,P00047,Memory Card 128GB,Toys & Games,ReadMore,4,587.13,0.2,338.19,0.07,2217.08,Debit Card,Cancelled,San Francisco,CA,United States,SELL00200
ORD0003989,08-05-2021,CUST023483,Mohit Kumar,P00017,Electric Kettle,Sports & Outdoors,ReadMore,3,212.43,0.05,30.27,2.68,638.38,UPI,Shipped,Jacksonville,FL,Canada,SELL01242
ORD0003990,04-05-2024,CUST024597,Pooja Joshi,P00013,Action Camera,Toys & Games,BrightLux,5,101.3,0.1,36.47,9.57,501.89,Credit Card,Delivered,Denver,CO,United States,SELL00097
ORD0003991,01-02-2024,CUST026804,Karan Gupta,P00005,Laptop Sleeve,Books,BrightLux,3,312.47,0.05,71.24,8.85,970.63,Credit Card,Delivered,Los Angeles,CA,United States,SELL00165
ORD0003992,25-11-2024,CUST002407,Ritika Sharma,P00017,Electric Kettle,Clothing,HomeEase,5,550.38,0,330.23,13.6,3095.73,Credit Card,Delivered,Dallas,TX,United States,SELL00631
ORD0003993,22-10-2021,CUST040015,Neha Reddy,P00012,Noise Cancelling Headphones,Clothing,NexPro,1,497.8,0.1,35.84,13.38,497.24,Amazon Pay,Delivered,Dallas,TX,India,SELL01107
ORD0003994,10-09-2023,CUST032901,Vikas Verma,P00009,Portable SSD 1TB,Home & Kitchen,UrbanStyle,5,537.67,0,215.07,6.11,2909.53,UPI,Delivered,Indianapolis,IN,United States,SELL00673
ORD0003995,20-08-2023,CUST008868,Anjali Reddy,P00034,Desk Organizer,Electronics,BrightLux,1,224.13,0,17.93,1.08,243.14,Cash on Delivery,Shipped,San Jose,CA,India,SELL00234
ORD0003996,23-07-2023,CUST007155,Karan Joshi,P00028,Jeans,Toys & Games,UrbanStyle,4,299.98,0.25,107.99,6.46,1014.39,Debit Card,Delivered,Fort Worth,TX,United States,SELL00227
ORD0003997,03-09-2024,CUST046058,Sneha Gupta,P00004,USB-C Charger,Toys & Games,BrightLux,2,528.36,0.15,71.86,10.04,980.11,Amazon Pay,Delivered,Philadelphia,PA,United States,SELL00408
ORD0003998,09-10-2022,CUST033558,Arjun Patel,P00049,Children's Book,Books,ReadMore,1,401.8,0,48.22,12.44,462.46,Debit Card,Delivered,San Francisco,CA,Australia,SELL00288
ORD0003999,09-05-2023,CUST005512,Neha Patel,P00042,Projector Mini,Books,FitLife,3,574.51,0,137.88,7.04,1868.45,Credit Card,Delivered,Dallas,TX,United States,SELL00869
ORD0004000,08-01-2024,CUST033759,Priya Sharma,P00028,Jeans,Clothing,BrightLux,1,262.11,0,13.11,7.38,282.6,Debit Card,Shipped,Seattle,WA,United States,SELL01894
ORD0004001,09-09-2023,CUST047668,Kabir Sharma,P00038,External HDD 2TB,Books,KiddoFun,1,293.06,0.05,13.92,3.43,295.76,Amazon Pay,Delivered,Philadelphia,PA,United States,SELL00777
ORD0004002,24-11-2022,CUST019841,Vivaan Kumar,P00031,Kids Toy Car,Sports & Outdoors,Zenith,3,522.22,0,188,10.65,1765.31,Credit Card,Pending,Phoenix,AZ,United States,SELL00432
ORD0004003,03-09-2022,CUST041756,Pooja Reddy,P00018,Vacuum Cleaner,Books,ReadMore,1,172.65,0.2,11.05,0.17,149.34,Debit Card,Delivered,Fort Worth,TX,United States,SELL00606
ORD0004004,26-04-2021,CUST013599,Sunita Gupta,P00014,Drone Mini,Electronics,FitLife,1,582.64,0.15,59.43,12.59,567.26,Credit Card,Delivered,San Diego,CA,United States,SELL00053
ORD0004005,28-12-2021,CUST040757,Vikas Verma,P00019,LED Desk Lamp,Toys & Games,Apex,3,449.3,0.25,50.55,2.79,1064.27,Credit Card,Delivered,Charlotte,NC,United States,SELL00469
ORD0004006,24-04-2021,CUST020632,Sahil Kumar,P00016,Air Fryer,Books,FitLife,2,186.35,0,18.64,12.05,403.39,Credit Card,Returned,Dallas,TX,United States,SELL01319
ORD0004007,24-12-2022,CUST031021,Simran Mehta,P00048,Wireless Charger,Sports & Outdoors,UrbanStyle,4,260.08,0.05,79.06,0.58,1067.94,Debit Card,Delivered,Chicago,IL,Canada,SELL01180
ORD0004008,28-10-2022,CUST014727,Aarav Mehta,P00036,Smart Light Bulb,Books,Apex,1,411.96,0,49.44,9.72,471.12,UPI,Returned,Jacksonville,FL,United States,SELL00715
ORD0004009,17-08-2023,CUST039042,Pooja Gupta,P00008,4K Monitor,Books,Apex,1,93.47,0.05,4.44,7.7,100.94,UPI,Shipped,San Francisco,CA,India,SELL01957
ORD0004010,08-12-2020,CUST030153,Aditya Kumar,P00005,Laptop Sleeve,Electronics,UrbanStyle,2,552.43,0.1,79.55,14.4,1088.32,Net Banking,Delivered,Denver,CO,United States,SELL01532
ORD0004011,25-12-2023,CUST006697,Priya Kumar,P00024,Yoga Mat,Books,HomeEase,2,86.89,0.05,13.21,3.4,181.7,Credit Card,Delivered,Chicago,IL,United States,SELL00155
ORD0004012,18-12-2023,CUST018417,Mohit Joshi,P00027,Winter Jacket,Books,UrbanStyle,4,363.79,0.05,0,7.42,1389.82,UPI,Delivered,New York,NY,United States,SELL01456
ORD0004013,27-11-2020,CUST040727,Anjali Mehta,P00021,Backpack,Electronics,CoreTech,1,128.71,0,6.44,11.23,146.38,Credit Card,Delivered,Washington,DC,United States,SELL01563
ORD0004014,13-03-2021,CUST042674,Vivaan Gupta,P00029,T-Shirt,Clothing,CoreTech,4,405.92,0.2,103.92,3.77,1406.63,Credit Card,Delivered,Philadelphia,PA,United Kingdom,SELL00592
ORD0004015,30-05-2024,CUST036311,Aditya Joshi,P00007,Mechanical Keyboard,Toys & Games,Zenith,2,231.71,0.2,18.54,12.43,401.71,Credit Card,Delivered,Jacksonville,FL,United States,SELL01490
ORD0004016,22-06-2020,CUST001697,Neha Mehta,P00035,Desk Plant,Home & Kitchen,UrbanStyle,2,83.18,0,8.32,0.75,175.43,Credit Card,Delivered,Phoenix,AZ,India,SELL00204
ORD0004017,12-07-2021,CUST043051,Anjali Mehta,P00030,Dress Shirt,Books,ReadMore,1,21.89,0.15,3.35,3.12,25.08,Amazon Pay,Delivered,Houston,TX,United States,SELL00746
ORD0004018,10-06-2021,CUST042451,Vihaan Singh,P00010,Smartwatch,Electronics,CoreTech,3,422.15,0.05,60.16,1.24,1264.53,Credit Card,Delivered,Los Angeles,CA,United States,SELL01357
ORD0004019,20-10-2021,CUST035895,Pooja Reddy,P00001,Wireless Earbuds,Sports & Outdoors,ReadMore,5,214.01,0,85.6,10.7,1166.35,Debit Card,Delivered,Jacksonville,FL,United States,SELL01287
ORD0004020,26-01-2020,CUST025651,Aditya Patel,P00029,T-Shirt,Home & Kitchen,BrightLux,2,186.18,0,44.68,0.8,417.84,Credit Card,Delivered,Houston,TX,United Kingdom,SELL01716
ORD0004021,30-03-2022,CUST036194,Karan Kapoor,P00032,Board Game,Electronics,Zenith,1,242.1,0.2,9.68,10.07,213.43,Debit Card,Delivered,San Francisco,CA,United States,SELL01980
ORD0004022,27-08-2021,CUST008869,Sahil Patel,P00013,Action Camera,Books,BrightLux,3,178.12,0,42.75,8.39,585.5,Credit Card,Delivered,Seattle,WA,Canada,SELL01504
ORD0004023,09-02-2021,CUST022079,Simran Sharma,P00037,Router,Sports & Outdoors,KiddoFun,4,107.68,0.05,32.73,4.21,446.12,Debit Card,Delivered,San Jose,CA,United States,SELL01905
ORD0004024,19-08-2020,CUST024387,Vivaan Singh,P00010,Smartwatch,Sports & Outdoors,ReadMore,4,528.88,0.1,342.71,2.08,2248.76,UPI,Delivered,New York,NY,United States,SELL00741
ORD0004025,16-06-2021,CUST032685,Simran Singh,P00014,Drone Mini,Electronics,FitLife,4,499.5,0,159.84,6.84,2164.68,Debit Card,Delivered,Houston,TX,United States,SELL00132
ORD0004026,22-04-2024,CUST001273,Aarav Mehta,P00003,Smartphone Case,Electronics,ReadMore,3,143.69,0,0,10.62,441.69,Debit Card,Delivered,Seattle,WA,United States,SELL00592
ORD0004027,16-12-2024,CUST024753,Rohit Gupta,P00042,Projector Mini,Electronics,BrightLux,5,48.56,0.15,16.51,9,231.89,Credit Card,Delivered,Houston,TX,United States,SELL01092
ORD0004028,19-05-2021,CUST012417,Anjali Kapoor,P00013,Action Camera,Sports & Outdoors,Apex,3,504.84,0,121.16,4.53,1640.21,Net Banking,Shipped,Denver,CO,United States,SELL01022
ORD0004029,19-08-2024,CUST032694,Aditya Verma,P00031,Kids Toy Car,Books,KiddoFun,3,378.25,0.1,183.83,5.02,1210.12,Credit Card,Delivered,New York,NY,India,SELL00716
ORD0004030,27-06-2020,CUST040703,Mohit Kumar,P00041,Webcam Full HD,Books,BrightLux,2,169.14,0.05,16.07,10.28,347.72,Net Banking,Delivered,San Diego,CA,United States,SELL01909
ORD0004031,11-05-2020,CUST004004,Aman Singh,P00023,Cookware Set,Books,HomeEase,1,96.07,0.05,4.56,11.89,107.72,UPI,Delivered,San Antonio,TX,United States,SELL01460
ORD0004032,18-01-2024,CUST036033,Kabir Mehta,P00021,Backpack,Electronics,HomeEase,3,137.22,0.25,15.44,11.51,335.7,UPI,Cancelled,Houston,TX,United States,SELL01792
ORD0004033,13-12-2020,CUST032169,Anjali Joshi,P00035,Desk Plant,Electronics,UrbanStyle,4,455.46,0.2,116.6,1.95,1576.02,Debit Card,Delivered,Los Angeles,CA,United States,SELL00556
ORD0004034,23-06-2021,CUST025694,Neha Singh,P00047,Memory Card 128GB,Clothing,Zenith,2,124.8,0,19.97,1.41,270.98,Credit Card,Delivered,Phoenix,AZ,United States,SELL00335
ORD0004035,10-02-2022,CUST026034,Pooja Singh,P00001,Wireless Earbuds,Books,CoreTech,4,456.92,0.05,138.9,13.47,1888.67,Credit Card,Delivered,Phoenix,AZ,United States,SELL00100
ORD0004036,30-11-2023,CUST000689,Ritika Patel,P00013,Action Camera,Home & Kitchen,Apex,1,162.24,0.15,0,6.96,144.86,Debit Card,Delivered,Charlotte,NC,United States,SELL00094
ORD0004037,16-03-2020,CUST015999,Priya Kumar,P00033,Puzzle 1000pc,Books,KiddoFun,2,330.11,0,33.01,3.61,696.84,Credit Card,Cancelled,San Jose,CA,United Kingdom,SELL00190
ORD0004038,01-08-2021,CUST042284,Aditya Mehta,P00037,Router,Books,ReadMore,1,157.62,0.15,6.7,12.59,153.27,Debit Card,Delivered,San Antonio,TX,Canada,SELL01175
ORD0004039,03-05-2022,CUST004908,Vikas Singh,P00025,Running Shoes,Electronics,CoreTech,3,490.17,0.3,0,11.35,1040.71,Net Banking,Delivered,San Francisco,CA,United States,SELL00282
ORD0004040,24-02-2024,CUST033133,Sunita Mehta,P00033,Puzzle 1000pc,Sports & Outdoors,UrbanStyle,2,593.06,0,59.31,10.06,1255.49,UPI,Delivered,Seattle,WA,United States,SELL00168
ORD0004041,12-07-2020,CUST016900,Ritika Kumar,P00020,Office Chair,Clothing,FitLife,1,539.53,0.25,32.37,3.85,440.87,Debit Card,Shipped,Charlotte,NC,United States,SELL00433
ORD0004042,31-03-2023,CUST049728,Aarav Sharma,P00028,Jeans,Sports & Outdoors,CoreTech,4,538.9,0,258.67,4.77,2419.04,Amazon Pay,Delivered,Jacksonville,FL,United States,SELL00764
ORD0004043,12-12-2020,CUST037686,Sahil Kapoor,P00039,Graphic Tablet,Home & Kitchen,FitLife,3,269.68,0.1,131.06,13.1,872.3,Net Banking,Delivered,New York,NY,India,SELL01056
ORD0004044,08-08-2022,CUST044915,Sneha Verma,P00012,Noise Cancelling Headphones,Toys & Games,KiddoFun,2,443.4,0,70.94,10.44,968.18,Credit Card,Pending,San Diego,CA,United States,SELL00042
ORD0004045,16-10-2023,CUST006909,Simran Kumar,P00025,Running Shoes,Toys & Games,CoreTech,3,232.89,0.2,27.95,14.52,601.41,Net Banking,Cancelled,New York,NY,India,SELL00458
ORD0004046,27-11-2024,CUST040911,Pooja Singh,P00004,USB-C Charger,Toys & Games,HomeEase,2,482.91,0.15,41.05,11.64,873.64,Credit Card,Delivered,Austin,TX,Canada,SELL01656
ORD0004047,26-05-2024,CUST025118,Vivaan Mehta,P00026,Sunglasses,Sports & Outdoors,FitLife,2,9.71,0,0.97,1.56,21.95,Debit Card,Delivered,Columbus,OH,United States,SELL00897
ORD0004048,15-01-2023,CUST023623,Kabir Mehta,P00006,Gaming Mouse,Home & Kitchen,CoreTech,5,59.24,0.05,33.77,13.5,328.66,Credit Card,Delivered,Philadelphia,PA,United States,SELL01853
ORD0004049,09-07-2023,CUST040678,Kabir Gupta,P00045,Phone Tripod,Home & Kitchen,BrightLux,2,13.31,0.15,1.13,7.82,31.58,Net Banking,Delivered,Columbus,OH,United States,SELL00414
ORD0004050,01-08-2020,CUST047099,Arjun Verma,P00046,Car Charger,Clothing,Zenith,1,468.14,0.05,35.58,13.9,494.21,Amazon Pay,Delivered,Charlotte,NC,United States,SELL01534
ORD0004051,15-08-2024,CUST034142,Vikas Singh,P00008,4K Monitor,Sports & Outdoors,NexPro,1,387.57,0.1,17.44,5.88,372.13,UPI,Returned,Los Angeles,CA,United Kingdom,SELL01198
ORD0004052,11-10-2024,CUST024200,Ritika Verma,P00024,Yoga Mat,Books,KiddoFun,1,283.73,0.25,25.54,8.76,247.1,Amazon Pay,Delivered,San Antonio,TX,United States,SELL00324
ORD0004053,26-07-2021,CUST027122,Aarav Reddy,P00040,Microphone,Electronics,HomeEase,3,544.34,0.05,186.16,8.7,1746.23,Credit Card,Delivered,New York,NY,United States,SELL00783
ORD0004054,18-02-2022,CUST006471,Karan Joshi,P00016,Air Fryer,Electronics,BrightLux,5,541.48,0.15,276.15,8.67,2586.11,Credit Card,Delivered,Houston,TX,United States,SELL00978
ORD0004055,18-09-2020,CUST018924,Neha Verma,P00040,Microphone,Clothing,BrightLux,1,542.57,0,43.41,12.71,598.69,Credit Card,Shipped,Dallas,TX,India,SELL01706
ORD0004056,30-12-2021,CUST023760,Sneha Kumar,P00034,Desk Organizer,Sports & Outdoors,UrbanStyle,4,174.63,0.15,71.25,4.45,669.44,Net Banking,Pending,Los Angeles,CA,United States,SELL01925
ORD0004057,09-10-2020,CUST046632,Rohit Gupta,P00031,Kids Toy Car,Toys & Games,UrbanStyle,3,452.56,0,108.61,3.97,1470.26,Cash on Delivery,Delivered,Dallas,TX,India,SELL01252
ORD0004058,29-07-2024,CUST026330,Priya Joshi,P00014,Drone Mini,Toys & Games,ReadMore,5,41.73,0,16.69,5.14,230.48,Amazon Pay,Delivered,New York,NY,United States,SELL01504
ORD0004059,30-01-2024,CUST042651,Sunita Singh,P00039,Graphic Tablet,Toys & Games,Zenith,3,460.72,0.2,199.03,0.68,1305.44,Debit Card,Delivered,Phoenix,AZ,Australia,SELL01711
ORD0004060,04-11-2023,CUST018934,Karan Kumar,P00038,External HDD 2TB,Electronics,Zenith,5,428.35,0.15,218.46,9.85,2048.8,Cash on Delivery,Delivered,Philadelphia,PA,United States,SELL00034
ORD0004061,27-12-2020,CUST010151,Kabir Kumar,P00001,Wireless Earbuds,Books,UrbanStyle,3,484.69,0,116.33,13.73,1584.13,Credit Card,Delivered,San Francisco,CA,United States,SELL01188
ORD0004062,12-01-2024,CUST005243,Priya Kumar,P00049,Children's Book,Sports & Outdoors,BrightLux,3,89.56,0,13.43,9.43,291.54,Credit Card,Delivered,Columbus,OH,Australia,SELL01218
ORD0004063,16-03-2021,CUST041692,Karan Singh,P00008,4K Monitor,Electronics,CoreTech,1,186.72,0.15,12.7,11.25,182.66,Amazon Pay,Cancelled,San Jose,CA,United States,SELL00234
ORD0004064,02-04-2020,CUST014113,Karan Singh,P00031,Kids Toy Car,Clothing,HomeEase,1,141.07,0.1,6.35,3.82,137.13,Net Banking,Shipped,Philadelphia,PA,Australia,SELL00128
ORD0004065,02-07-2024,CUST017218,Aarav Gupta,P00030,Dress Shirt,Electronics,NexPro,1,271.01,0.25,10.16,14.78,228.2,Credit Card,Delivered,San Francisco,CA,United States,SELL01046
ORD0004066,22-01-2022,CUST010345,Pooja Kumar,P00021,Backpack,Electronics,CoreTech,4,32.14,0.05,9.77,9.91,141.81,Amazon Pay,Delivered,Phoenix,AZ,India,SELL00180
ORD0004067,16-05-2022,CUST021071,Kabir Joshi,P00012,Noise Cancelling Headphones,Sports & Outdoors,CoreTech,2,50.41,0.1,7.26,7.72,105.72,Credit Card,Returned,Dallas,TX,United States,SELL01224
ORD0004068,18-12-2023,CUST022503,Sneha Patel,P00016,Air Fryer,Home & Kitchen,Apex,2,567.97,0,56.8,1.91,1194.65,Amazon Pay,Delivered,Washington,DC,United States,SELL01436
ORD0004069,21-05-2020,CUST013511,Ritika Joshi,P00049,Children's Book,Home & Kitchen,KiddoFun,5,597.65,0,239.06,2.91,3230.22,Credit Card,Delivered,Indianapolis,IN,Canada,SELL01811
ORD0004070,07-08-2023,CUST014861,Aditya Sharma,P00028,Jeans,Home & Kitchen,Apex,4,97.56,0.05,29.66,1.66,402.05,Debit Card,Delivered,Houston,TX,India,SELL00064
ORD0004071,26-12-2023,CUST013152,Neha Singh,P00004,USB-C Charger,Sports & Outdoors,Zenith,5,558.71,0,335.23,4.06,3132.84,Debit Card,Delivered,Houston,TX,India,SELL01456
ORD0004072,18-01-2022,CUST016669,Anjali Mehta,P00028,Jeans,Books,Apex,5,337.67,0.05,288.71,6.74,1899.38,Credit Card,Delivered,New York,NY,United States,SELL00292
ORD0004073,08-09-2024,CUST040260,Rohit Mehta,P00031,Kids Toy Car,Clothing,KiddoFun,4,350.92,0.25,0,4.88,1057.64,UPI,Delivered,Phoenix,AZ,United States,SELL00600
ORD0004074,14-10-2021,CUST003539,Karan Kapoor,P00002,Bluetooth Speaker,Clothing,CoreTech,4,487.72,0,234.11,12.16,2197.15,Cash on Delivery,Shipped,Denver,CO,United States,SELL00060
ORD0004075,01-12-2021,CUST004234,Pooja Verma,P00023,Cookware Set,Books,UrbanStyle,4,305.53,0.05,92.88,12.16,1266.05,Amazon Pay,Shipped,San Antonio,TX,United States,SELL00083
ORD0004076,24-09-2022,CUST049228,Vihaan Reddy,P00003,Smartphone Case,Electronics,ReadMore,2,380.45,0,0,3.24,764.14,Debit Card,Delivered,San Diego,CA,Australia,SELL00287
ORD0004077,18-02-2020,CUST015034,Vivaan Sharma,P00019,LED Desk Lamp,Sports & Outdoors,FitLife,5,511,0.05,0,1.53,2428.78,Net Banking,Delivered,Seattle,WA,United States,SELL01189
ORD0004078,18-08-2023,CUST046806,Anjali Kumar,P00012,Noise Cancelling Headphones,Books,UrbanStyle,2,312.66,0,75.04,8.13,708.49,Credit Card,Shipped,Indianapolis,IN,India,SELL00004
ORD0004079,30-05-2022,CUST009088,Neha Patel,P00010,Smartwatch,Books,ReadMore,4,488.79,0.2,125.13,2.23,1691.49,Cash on Delivery,Delivered,Columbus,OH,United States,SELL00275
ORD0004080,28-04-2023,CUST046435,Kabir Kapoor,P00022,Water Bottle,Books,UrbanStyle,4,5.14,0,1.03,1.9,23.49,UPI,Delivered,Houston,TX,United States,SELL00812
ORD0004081,05-03-2023,CUST012986,Vivaan Sharma,P00038,External HDD 2TB,Electronics,NexPro,3,552.96,0,199.07,6.75,1864.7,Credit Card,Delivered,Seattle,WA,India,SELL00762
ORD0004082,08-07-2021,CUST023400,Pooja Reddy,P00048,Wireless Charger,Books,CoreTech,3,434.29,0.1,93.81,0.29,1266.68,Debit Card,Cancelled,Denver,CO,United States,SELL01651
ORD0004083,07-02-2021,CUST034513,Kabir Mehta,P00002,Bluetooth Speaker,Electronics,BrightLux,2,123.77,0.3,13.86,4.37,191.51,Debit Card,Delivered,San Antonio,TX,United States,SELL00336
ORD0004084,10-06-2022,CUST040006,Priya Mehta,P00029,T-Shirt,Home & Kitchen,CoreTech,3,525.32,0,126.08,10.35,1712.39,Debit Card,Cancelled,San Francisco,CA,India,SELL01876
ORD0004085,14-05-2022,CUST023085,Vikas Singh,P00046,Car Charger,Clothing,KiddoFun,3,400.42,0.05,57.06,8.75,1207.01,Amazon Pay,Delivered,Phoenix,AZ,United States,SELL01446
ORD0004086,24-08-2021,CUST023730,Sahil Sharma,P00019,LED Desk Lamp,Clothing,NexPro,3,176.34,0.2,33.86,13.58,470.66,UPI,Delivered,San Diego,CA,United Kingdom,SELL00012
ORD0004087,06-12-2020,CUST021168,Ritika Singh,P00040,Microphone,Home & Kitchen,Zenith,1,378.9,0,18.94,2.23,400.07,Amazon Pay,Cancelled,Jacksonville,FL,United States,SELL01502
ORD0004088,15-11-2024,CUST036110,Pooja Singh,P00050,Novel Bestseller,Clothing,KiddoFun,5,595.12,0,0,1.26,2976.86,Cash on Delivery,Delivered,Los Angeles,CA,United States,SELL01320
ORD0004089,04-12-2021,CUST028916,Aman Joshi,P00031,Kids Toy Car,Clothing,NexPro,5,401.76,0.05,229,14.93,2152.29,UPI,Delivered,Washington,DC,United States,SELL00455
ORD0004090,13-11-2020,CUST004252,Anjali Joshi,P00042,Projector Mini,Clothing,ReadMore,5,397.27,0.1,143.02,8.55,1939.28,Credit Card,Delivered,San Jose,CA,India,SELL01960
ORD0004091,09-09-2021,CUST046269,Arjun Verma,P00032,Board Game,Home & Kitchen,HomeEase,5,12.2,0,3.05,6.74,70.79,Debit Card,Delivered,Indianapolis,IN,United States,SELL01418
ORD0004092,18-10-2023,CUST013222,Anjali Reddy,P00018,Vacuum Cleaner,Books,FitLife,4,366.11,0.05,0,11.59,1402.81,Credit Card,Shipped,New York,NY,India,SELL01540
ORD0004093,16-01-2021,CUST046279,Karan Singh,P00039,Graphic Tablet,Home & Kitchen,CoreTech,3,222,0,53.28,11.56,730.84,Credit Card,Delivered,New York,NY,United States,SELL01567
ORD0004094,20-08-2020,CUST046155,Pooja Verma,P00005,Laptop Sleeve,Toys & Games,NexPro,4,230.14,0,46.03,6.82,973.41,Credit Card,Delivered,Chicago,IL,United States,SELL01767
ORD0004095,05-12-2024,CUST048673,Anjali Sharma,P00003,Smartphone Case,Home & Kitchen,CoreTech,5,592.75,0.25,400.11,11.83,2634.75,Debit Card,Delivered,Dallas,TX,United States,SELL00265
ORD0004096,29-09-2023,CUST003779,Arjun Joshi,P00028,Jeans,Clothing,Zenith,5,549.65,0,329.79,0.97,3079.01,Credit Card,Delivered,Chicago,IL,United States,SELL01704
ORD0004097,21-04-2024,CUST037782,Pooja Patel,P00016,Air Fryer,Clothing,KiddoFun,2,475.01,0.05,45.13,1.49,949.14,UPI,Shipped,Indianapolis,IN,United States,SELL01878
ORD0004098,27-03-2022,CUST027533,Karan Gupta,P00040,Microphone,Clothing,HomeEase,2,279.64,0.1,25.17,1.72,530.24,Credit Card,Pending,Columbus,OH,Canada,SELL00186
ORD0004099,06-07-2021,CUST006237,Pooja Kapoor,P00026,Sunglasses,Home & Kitchen,CoreTech,2,175.27,0.05,59.94,2.22,395.17,UPI,Pending,Phoenix,AZ,United States,SELL01871
ORD0004100,01-04-2024,CUST000646,Pooja Reddy,P00024,Yoga Mat,Sports & Outdoors,Apex,4,191.5,0.1,55.15,6.64,751.19,Amazon Pay,Delivered,Denver,CO,United States,SELL01124
ORD0004101,05-05-2022,CUST035008,Anjali Mehta,P00035,Desk Plant,Sports & Outdoors,ReadMore,3,503.33,0.1,67.95,6.11,1433.05,UPI,Pending,San Jose,CA,India,SELL00096
ORD0004102,17-12-2024,CUST025706,Mohit Patel,P00022,Water Bottle,Books,ReadMore,3,49.97,0.15,0,1.88,129.3,Net Banking,Delivered,Austin,TX,United States,SELL00523
ORD0004103,29-03-2022,CUST042422,Neha Singh,P00037,Router,Sports & Outdoors,BrightLux,2,27.22,0,2.72,0.27,57.43,Amazon Pay,Pending,San Diego,CA,Canada,SELL01769
ORD0004104,13-05-2024,CUST039863,Sahil Joshi,P00036,Smart Light Bulb,Books,Apex,5,228.37,0,205.53,1.57,1348.95,Debit Card,Delivered,Los Angeles,CA,United States,SELL01473
ORD0004105,01-07-2020,CUST025628,Vivaan Kumar,P00028,Jeans,Sports & Outdoors,BrightLux,5,27.24,0,10.9,14.62,161.72,Net Banking,Delivered,Fort Worth,TX,United States,SELL01300
ORD0004106,30-11-2022,CUST047418,Arjun Sharma,P00008,4K Monitor,Home & Kitchen,ReadMore,5,303.8,0.25,205.06,9.82,1354.13,Debit Card,Delivered,Charlotte,NC,United States,SELL00928
ORD0004107,23-04-2024,CUST041487,Sneha Singh,P00029,T-Shirt,Sports & Outdoors,Apex,1,586.33,0.25,0,12.22,451.97,Amazon Pay,Cancelled,Jacksonville,FL,United States,SELL00843
ORD0004108,31-01-2021,CUST010904,Vivaan Joshi,P00003,Smartphone Case,Clothing,Zenith,4,430.21,0.2,165.2,7.1,1548.97,Credit Card,Shipped,Seattle,WA,United States,SELL00240
ORD0004109,23-09-2024,CUST004459,Pooja Singh,P00030,Dress Shirt,Books,NexPro,1,152.36,0,7.62,7.26,167.24,Debit Card,Delivered,Indianapolis,IN,United States,SELL00285
ORD0004110,17-02-2022,CUST018802,Simran Mehta,P00046,Car Charger,Books,BrightLux,4,461.32,0.1,298.94,3.55,1963.24,Debit Card,Delivered,Los Angeles,CA,United States,SELL00561
ORD0004111,26-02-2024,CUST018522,Vihaan Joshi,P00032,Board Game,Clothing,NexPro,5,178.5,0,71.4,2.76,966.66,UPI,Delivered,Seattle,WA,Australia,SELL00023
ORD0004112,09-08-2024,CUST009918,Vivaan Joshi,P00044,Power Bank 20000mAh,Home & Kitchen,KiddoFun,4,430.4,0,309.89,2.72,2034.21,Credit Card,Pending,Los Angeles,CA,United States,SELL01818
ORD0004113,25-06-2022,CUST042689,Vikas Reddy,P00035,Desk Plant,Books,Apex,4,243.39,0,48.68,7.98,1030.22,Amazon Pay,Delivered,Washington,DC,United States,SELL01228
ORD0004114,18-09-2023,CUST031258,Neha Joshi,P00042,Projector Mini,Electronics,NexPro,3,38,0.1,8.21,9.14,119.95,Credit Card,Delivered,Austin,TX,Canada,SELL00469
ORD0004115,06-05-2020,CUST039534,Neha Verma,P00047,Memory Card 128GB,Home & Kitchen,NexPro,4,222.99,0.2,57.09,5.85,776.51,Debit Card,Pending,Houston,TX,India,SELL00579
ORD0004116,30-04-2024,CUST047455,Arjun Verma,P00008,4K Monitor,Clothing,Zenith,3,153.92,0.05,35.09,8.02,481.78,Amazon Pay,Shipped,Chicago,IL,India,SELL01262
ORD0004117,29-04-2024,CUST020925,Vikas Verma,P00034,Desk Organizer,Home & Kitchen,UrbanStyle,5,509.03,0.1,183.25,0.53,2474.42,Credit Card,Delivered,Fort Worth,TX,United States,SELL01720
ORD0004118,01-01-2020,CUST004055,Rohit Gupta,P00028,Jeans,Sports & Outdoors,FitLife,1,83.46,0.2,5.34,13.76,85.87,Cash on Delivery,Delivered,Phoenix,AZ,United States,SELL01376
ORD0004119,06-04-2023,CUST011244,Mohit Singh,P00046,Car Charger,Toys & Games,Zenith,3,594.11,0,142.59,0.4,1925.32,Amazon Pay,Delivered,Chicago,IL,United States,SELL01785
ORD0004120,01-07-2024,CUST032897,Aman Gupta,P00021,Backpack,Clothing,Zenith,1,75.25,0.3,0,2.23,54.9,Amazon Pay,Delivered,Phoenix,AZ,United States,SELL00013
ORD0004121,19-01-2020,CUST041169,Ritika Kapoor,P00011,Fitness Band,Home & Kitchen,FitLife,3,239.24,0,129.19,8.36,855.27,Amazon Pay,Delivered,Washington,DC,United States,SELL00860
ORD0004122,17-09-2023,CUST041006,Rohit Kapoor,P00029,T-Shirt,Home & Kitchen,Apex,2,448.53,0,107.65,14.25,1018.96,UPI,Delivered,San Jose,CA,United States,SELL00783
ORD0004123,06-08-2021,CUST039404,Aarav Reddy,P00040,Microphone,Toys & Games,ReadMore,1,23.25,0,1.16,5.34,29.75,Credit Card,Delivered,Houston,TX,United States,SELL01605
ORD0004124,31-03-2021,CUST045020,Ritika Singh,P00027,Winter Jacket,Sports & Outdoors,NexPro,3,36.96,0,13.31,8.82,133.01,Amazon Pay,Delivered,Phoenix,AZ,United States,SELL00538
ORD0004125,14-08-2022,CUST032769,Karan Verma,P00019,LED Desk Lamp,Clothing,CoreTech,3,5.31,0.15,1.62,4.45,19.61,Credit Card,Shipped,Jacksonville,FL,Canada,SELL00249
ORD0004126,06-02-2023,CUST019620,Sneha Joshi,P00024,Yoga Mat,Sports & Outdoors,FitLife,2,342.37,0.2,27.39,12.94,588.12,Credit Card,Delivered,Dallas,TX,United States,SELL01981
ORD0004127,15-07-2023,CUST021317,Vihaan Patel,P00007,Mechanical Keyboard,Home & Kitchen,FitLife,3,40.84,0.05,5.82,13.59,135.8,Cash on Delivery,Delivered,Houston,TX,United States,SELL00029
ORD0004128,20-03-2021,CUST040773,Aarav Gupta,P00048,Wireless Charger,Home & Kitchen,ReadMore,3,197.17,0.25,22.18,9.91,475.72,Amazon Pay,Delivered,San Antonio,TX,Canada,SELL01702
ORD0004129,17-06-2023,CUST031554,Vihaan Mehta,P00011,Fitness Band,Toys & Games,Zenith,5,282.84,0.1,63.64,1.17,1337.59,UPI,Shipped,San Jose,CA,United States,SELL00393
ORD0004130,17-08-2023,CUST047563,Vikas Kapoor,P00041,Webcam Full HD,Toys & Games,BrightLux,3,519.46,0.25,140.25,14.2,1323.24,Credit Card,Shipped,Chicago,IL,United States,SELL01679
ORD0004131,24-08-2021,CUST001635,Vihaan Patel,P00008,4K Monitor,Clothing,UrbanStyle,2,41.64,0,6.66,1.63,91.57,Net Banking,Delivered,Austin,TX,United States,SELL01314
ORD0004132,12-04-2020,CUST025374,Arjun Sharma,P00011,Fitness Band,Electronics,KiddoFun,1,369.71,0,44.37,9.56,423.64,Credit Card,Delivered,Columbus,OH,Australia,SELL00298
ORD0004133,14-09-2022,CUST032736,Aditya Joshi,P00046,Car Charger,Electronics,BrightLux,5,355.89,0,142.36,11.42,1933.23,Debit Card,Delivered,New York,NY,Canada,SELL01643
ORD0004134,27-06-2023,CUST009096,Neha Joshi,P00029,T-Shirt,Clothing,BrightLux,4,473.91,0.1,85.3,13.76,1805.14,Debit Card,Delivered,San Francisco,CA,United States,SELL00424
ORD0004135,16-01-2024,CUST044132,Pooja Kapoor,P00025,Running Shoes,Sports & Outdoors,ReadMore,1,353.55,0.3,19.8,4.19,271.47,Credit Card,Delivered,Austin,TX,United States,SELL01121
ORD0004136,03-06-2021,CUST001895,Aarav Patel,P00008,4K Monitor,Toys & Games,Zenith,3,566.7,0.05,80.75,7.84,1703.68,Credit Card,Pending,Phoenix,AZ,United States,SELL01702
ORD0004137,22-03-2023,CUST038425,Vivaan Kapoor,P00020,Office Chair,Sports & Outdoors,KiddoFun,4,114.83,0.3,38.58,2.11,362.21,Amazon Pay,Shipped,San Francisco,CA,India,SELL00151
ORD0004138,08-05-2022,CUST038035,Simran Patel,P00039,Graphic Tablet,Home & Kitchen,UrbanStyle,2,139.95,0.2,17.91,1.43,243.26,Credit Card,Delivered,Indianapolis,IN,United States,SELL01493
ORD0004139,22-06-2020,CUST004851,Ritika Singh,P00023,Cookware Set,Toys & Games,BrightLux,4,407.85,0,81.57,3.37,1716.34,Credit Card,Delivered,Jacksonville,FL,India,SELL01368
ORD0004140,28-09-2023,CUST002062,Rohit Sharma,P00047,Memory Card 128GB,Clothing,FitLife,2,393.2,0.1,56.62,2.17,766.55,Credit Card,Pending,San Jose,CA,United States,SELL01156
ORD0004141,20-08-2024,CUST024452,Priya Patel,P00008,4K Monitor,Sports & Outdoors,ReadMore,1,523.06,0.15,35.57,14.7,494.87,Credit Card,Shipped,Phoenix,AZ,United States,SELL01875
ORD0004142,01-10-2022,CUST015137,Vivaan Verma,P00025,Running Shoes,Sports & Outdoors,HomeEase,1,143.62,0.05,6.82,13.23,156.49,Debit Card,Delivered,Houston,TX,India,SELL01045
ORD0004143,06-03-2021,CUST003365,Sahil Kapoor,P00018,Vacuum Cleaner,Books,CoreTech,5,310.42,0.15,65.96,8.66,1393.91,UPI,Delivered,Jacksonville,FL,United States,SELL01072
ORD0004144,27-12-2021,CUST009067,Sunita Verma,P00018,Vacuum Cleaner,Clothing,HomeEase,5,42.59,0,25.55,1.72,240.22,Credit Card,Delivered,Charlotte,NC,United States,SELL00919
ORD0004145,08-09-2024,CUST024559,Sunita Gupta,P00011,Fitness Band,Books,KiddoFun,3,241.87,0.05,55.15,7.33,751.81,Amazon Pay,Shipped,San Diego,CA,United States,SELL00141
ORD0004146,06-09-2024,CUST026318,Mohit Kumar,P00045,Phone Tripod,Home & Kitchen,KiddoFun,3,149.34,0.25,40.32,2.53,378.86,Credit Card,Delivered,Indianapolis,IN,United States,SELL01892
ORD0004147,29-04-2022,CUST037787,Sunita Verma,P00015,Instant Pot,Books,KiddoFun,3,512.11,0,184.36,6.46,1727.15,UPI,Shipped,Charlotte,NC,United States,SELL00332
ORD0004148,08-08-2024,CUST025464,Aarav Kumar,P00014,Drone Mini,Home & Kitchen,BrightLux,4,231.59,0.25,55.58,6.25,756.6,Credit Card,Delivered,Charlotte,NC,India,SELL00482
ORD0004149,09-09-2023,CUST033037,Mohit Mehta,P00034,Desk Organizer,Toys & Games,FitLife,5,99.94,0.05,56.97,7.96,539.64,Debit Card,Delivered,San Antonio,TX,United States,SELL00414
ORD0004150,16-09-2022,CUST007623,Sunita Gupta,P00028,Jeans,Home & Kitchen,ReadMore,1,24.36,0.1,2.63,4.28,28.83,Credit Card,Pending,Chicago,IL,United States,SELL01344
ORD0004151,23-08-2024,CUST036178,Arjun Verma,P00005,Laptop Sleeve,Toys & Games,HomeEase,5,122.97,0,30.74,1.87,647.46,Amazon Pay,Delivered,Houston,TX,United States,SELL00414
ORD0004152,30-09-2021,CUST013748,Priya Joshi,P00020,Office Chair,Sports & Outdoors,KiddoFun,5,422.52,0.15,323.23,1.23,2120.17,Credit Card,Shipped,New York,NY,United Kingdom,SELL00094
ORD0004153,23-02-2021,CUST022503,Karan Gupta,P00025,Running Shoes,Home & Kitchen,FitLife,5,43.55,0.15,9.25,2.42,196.76,UPI,Delivered,Washington,DC,United States,SELL00316
ORD0004154,16-08-2021,CUST012375,Kabir Singh,P00039,Graphic Tablet,Toys & Games,FitLife,1,511.96,0,92.15,13.21,617.32,Debit Card,Pending,Houston,TX,United States,SELL01792
ORD0004155,29-04-2021,CUST029023,Vikas Verma,P00044,Power Bank 20000mAh,Electronics,HomeEase,1,39.05,0.1,1.76,0.97,37.87,Net Banking,Delivered,Phoenix,AZ,United States,SELL01779
ORD0004156,09-08-2024,CUST036264,Vikas Reddy,P00018,Vacuum Cleaner,Clothing,NexPro,1,417.97,0,50.16,3.27,471.4,Amazon Pay,Delivered,San Jose,CA,Canada,SELL00971
ORD0004157,09-11-2024,CUST022182,Rohit Joshi,P00026,Sunglasses,Books,Apex,1,206.63,0.1,22.32,10.94,219.23,Credit Card,Shipped,Los Angeles,CA,United States,SELL01090
ORD0004158,15-02-2021,CUST026409,Simran Mehta,P00031,Kids Toy Car,Books,NexPro,3,173.73,0.1,23.45,9.27,501.79,Debit Card,Delivered,San Diego,CA,India,SELL00998
ORD0004159,24-07-2022,CUST017639,Neha Gupta,P00001,Wireless Earbuds,Sports & Outdoors,CoreTech,3,223.13,0.25,60.25,6.82,569.11,Amazon Pay,Delivered,New York,NY,India,SELL00295
ORD0004160,12-01-2023,CUST038592,Ritika Kapoor,P00012,Noise Cancelling Headphones,Home & Kitchen,Zenith,2,126.59,0,20.25,1.29,274.72,Credit Card,Delivered,Denver,CO,United States,SELL01962
ORD0004161,10-02-2023,CUST025144,Karan Verma,P00031,Kids Toy Car,Home & Kitchen,FitLife,3,317.4,0,114.26,12.82,1079.28,Credit Card,Delivered,San Jose,CA,United States,SELL01696
ORD0004162,26-10-2024,CUST020695,Karan Patel,P00031,Kids Toy Car,Electronics,NexPro,1,522.75,0.3,43.91,9.05,418.88,Amazon Pay,Delivered,Los Angeles,CA,United Kingdom,SELL01312
ORD0004163,27-11-2020,CUST044731,Kabir Singh,P00046,Car Charger,Books,UrbanStyle,2,569.2,0.1,51.23,1.43,1077.22,Cash on Delivery,Pending,Austin,TX,United States,SELL01831
ORD0004164,02-11-2023,CUST044640,Karan Mehta,P00005,Laptop Sleeve,Electronics,FitLife,2,349.63,0.05,33.21,10.66,708.17,Credit Card,Returned,Dallas,TX,India,SELL01260
ORD0004165,13-11-2024,CUST013045,Aditya Sharma,P00024,Yoga Mat,Electronics,Apex,5,21.63,0,5.41,12.45,126.01,Debit Card,Delivered,San Francisco,CA,United Kingdom,SELL00521
ORD0004166,16-10-2021,CUST021159,Aman Patel,P00022,Water Bottle,Clothing,NexPro,4,437.6,0.1,283.56,11.05,1869.97,Credit Card,Delivered,San Jose,CA,United States,SELL00527
ORD0004167,10-02-2020,CUST012240,Simran Kumar,P00045,Phone Tripod,Clothing,Apex,5,167.06,0.05,95.22,5.88,894.64,Credit Card,Delivered,San Antonio,TX,United States,SELL01181
ORD0004168,28-11-2024,CUST008186,Arjun Joshi,P00039,Graphic Tablet,Toys & Games,FitLife,2,328.09,0.05,31.17,8.5,663.04,Debit Card,Delivered,Fort Worth,TX,United States,SELL00786
ORD0004169,16-08-2022,CUST009015,Aman Reddy,P00011,Fitness Band,Sports & Outdoors,Apex,3,7.1,0.2,3.07,4.59,24.7,Cash on Delivery,Shipped,Washington,DC,India,SELL00649
ORD0004170,25-12-2024,CUST046027,Aditya Gupta,P00013,Action Camera,Toys & Games,UrbanStyle,4,333.08,0,66.62,0.58,1399.52,Credit Card,Pending,San Francisco,CA,United States,SELL01360
ORD0004171,14-04-2020,CUST012238,Simran Mehta,P00044,Power Bank 20000mAh,Clothing,BrightLux,2,418.4,0.2,80.33,11.01,760.78,Credit Card,Delivered,Austin,TX,United States,SELL01265
ORD0004172,20-07-2020,CUST043456,Aditya Joshi,P00010,Smartwatch,Sports & Outdoors,FitLife,4,47.93,0.2,12.27,1.14,166.79,Credit Card,Delivered,San Jose,CA,United States,SELL01403
ORD0004173,25-03-2021,CUST028661,Priya Singh,P00014,Drone Mini,Home & Kitchen,NexPro,2,382.3,0.1,55.05,5.3,748.49,Credit Card,Shipped,San Francisco,CA,United States,SELL00819
ORD0004174,13-07-2023,CUST002184,Arjun Gupta,P00022,Water Bottle,Sports & Outdoors,FitLife,5,169.98,0,67.99,3.78,921.67,Debit Card,Delivered,Denver,CO,India,SELL01901
ORD0004175,28-06-2022,CUST022223,Sneha Reddy,P00022,Water Bottle,Clothing,KiddoFun,4,167.61,0.25,90.51,4,597.34,Net Banking,Delivered,Jacksonville,FL,India,SELL00948
ORD0004176,28-07-2020,CUST004857,Karan Gupta,P00015,Instant Pot,Clothing,KiddoFun,2,192.41,0.05,0,10.79,376.37,Debit Card,Delivered,Chicago,IL,United States,SELL00699
ORD0004177,16-07-2021,CUST043262,Ritika Sharma,P00006,Gaming Mouse,Home & Kitchen,Zenith,4,418.01,0.15,71.06,3.22,1495.51,UPI,Shipped,Seattle,WA,United States,SELL01064
ORD0004178,15-02-2023,CUST016713,Sahil Verma,P00001,Wireless Earbuds,Toys & Games,KiddoFun,2,67,0.1,14.47,8.97,144.04,UPI,Delivered,San Jose,CA,United States,SELL00714
ORD0004179,13-12-2021,CUST043536,Vivaan Reddy,P00034,Desk Organizer,Clothing,FitLife,2,202.54,0.3,14.18,6.43,304.17,Credit Card,Delivered,Indianapolis,IN,Australia,SELL01426
ORD0004180,01-11-2023,CUST010010,Vihaan Reddy,P00020,Office Chair,Electronics,Zenith,4,221.98,0,106.55,4.13,998.6,Credit Card,Returned,Chicago,IL,United States,SELL01605
ORD0004181,23-04-2024,CUST032416,Karan Mehta,P00015,Instant Pot,Sports & Outdoors,Zenith,3,149.53,0,35.89,10.83,495.31,UPI,Delivered,Washington,DC,Australia,SELL01273
ORD0004182,12-04-2024,CUST006408,Vihaan Joshi,P00031,Kids Toy Car,Toys & Games,KiddoFun,2,282.18,0.05,64.34,12.42,612.9,UPI,Delivered,Los Angeles,CA,United States,SELL00670
ORD0004183,09-02-2022,CUST036711,Ritika Gupta,P00049,Children's Book,Clothing,ReadMore,3,334.5,0,180.63,7.14,1191.27,Amazon Pay,Delivered,San Jose,CA,United States,SELL00440
ORD0004184,12-01-2023,CUST041972,Vikas Gupta,P00040,Microphone,Clothing,HomeEase,2,550.26,0,132.06,4.75,1237.33,Credit Card,Shipped,Phoenix,AZ,India,SELL00409
ORD0004185,29-03-2021,CUST037948,Ritika Verma,P00028,Jeans,Sports & Outdoors,BrightLux,2,176.6,0,17.66,8.33,379.19,Net Banking,Delivered,Denver,CO,United States,SELL01403
ORD0004186,28-10-2021,CUST034784,Aman Sharma,P00023,Cookware Set,Electronics,FitLife,2,347.83,0.15,0,7.08,598.39,Amazon Pay,Delivered,San Francisco,CA,United States,SELL00459
ORD0004187,20-09-2021,CUST035274,Vihaan Joshi,P00001,Wireless Earbuds,Electronics,FitLife,3,199.37,0.1,26.91,1.81,567.02,UPI,Delivered,San Francisco,CA,United States,SELL00271
ORD0004188,17-03-2024,CUST025356,Mohit Singh,P00028,Jeans,Sports & Outdoors,ReadMore,2,298.28,0.25,22.37,9.51,479.3,Credit Card,Cancelled,Jacksonville,FL,United States,SELL00076
ORD0004189,16-06-2024,CUST044492,Sunita Sharma,P00038,External HDD 2TB,Books,KiddoFun,3,48.13,0,0,4.22,148.61,UPI,Delivered,Houston,TX,United States,SELL00048
ORD0004190,28-08-2024,CUST041659,Aditya Mehta,P00044,Power Bank 20000mAh,Clothing,FitLife,5,307.96,0.2,221.73,0.59,1454.16,Amazon Pay,Delivered,Austin,TX,United States,SELL01578
ORD0004191,21-01-2021,CUST011641,Priya Patel,P00027,Winter Jacket,Sports & Outdoors,CoreTech,4,287.25,0,0,7.92,1156.92,Credit Card,Delivered,Phoenix,AZ,United States,SELL00703
ORD0004192,05-10-2023,CUST011678,Ritika Joshi,P00033,Puzzle 1000pc,Clothing,BrightLux,3,351.87,0.2,42.22,13.2,899.91,UPI,Delivered,Fort Worth,TX,United States,SELL00771
ORD0004193,22-10-2020,CUST048607,Simran Kapoor,P00010,Smartwatch,Home & Kitchen,Zenith,1,176.73,0,14.14,10.53,201.4,Amazon Pay,Delivered,Phoenix,AZ,United States,SELL01441
ORD0004194,14-09-2020,CUST031897,Pooja Patel,P00021,Backpack,Clothing,ReadMore,2,304.89,0,30.49,5.67,645.94,Net Banking,Delivered,Los Angeles,CA,United States,SELL01214
ORD0004195,09-01-2023,CUST049853,Mohit Kumar,P00003,Smartphone Case,Books,Apex,4,520.86,0,375.02,13.63,2472.09,Amazon Pay,Delivered,San Jose,CA,United States,SELL01690
ORD0004196,24-09-2020,CUST048265,Mohit Verma,P00044,Power Bank 20000mAh,Electronics,Zenith,4,90.51,0,0,3.37,365.41,Debit Card,Delivered,New York,NY,India,SELL00644
ORD0004197,22-02-2021,CUST022868,Kabir Gupta,P00029,T-Shirt,Home & Kitchen,Zenith,5,595.26,0,535.73,2.21,3514.24,Credit Card,Delivered,San Francisco,CA,United States,SELL00601
ORD0004198,22-08-2020,CUST040752,Vihaan Mehta,P00013,Action Camera,Electronics,NexPro,4,147.08,0.05,0,6.35,565.25,Debit Card,Shipped,Fort Worth,TX,United States,SELL00410
ORD0004199,27-08-2023,CUST003270,Sahil Sharma,P00046,Car Charger,Clothing,Zenith,4,163.96,0.05,31.15,9.19,663.39,Amazon Pay,Cancelled,Chicago,IL,United States,SELL00993
ORD0004200,12-09-2022,CUST040384,Aarav Mehta,P00001,Wireless Earbuds,Clothing,Zenith,1,581.63,0,29.08,5.25,615.96,Debit Card,Delivered,San Francisco,CA,United States,SELL01745
ORD0004201,12-10-2023,CUST013860,Vihaan Sharma,P00032,Board Game,Home & Kitchen,Zenith,1,205.86,0.1,22.23,3.95,211.45,Credit Card,Pending,Dallas,TX,United States,SELL00578
ORD0004202,21-05-2023,CUST014298,Mohit Joshi,P00049,Children's Book,Electronics,ReadMore,1,240.88,0,19.27,14.62,274.77,Debit Card,Shipped,Phoenix,AZ,India,SELL01888
ORD0004203,27-07-2021,CUST015720,Simran Mehta,P00044,Power Bank 20000mAh,Sports & Outdoors,NexPro,1,396.94,0.25,14.89,10.1,322.7,Credit Card,Delivered,New York,NY,India,SELL01823
ORD0004204,18-02-2020,CUST023474,Kabir Joshi,P00006,Gaming Mouse,Electronics,Zenith,3,294.75,0.15,90.19,1.68,843.48,Credit Card,Delivered,San Jose,CA,United States,SELL01807
ORD0004205,24-02-2023,CUST012812,Priya Kapoor,P00045,Phone Tripod,Clothing,Zenith,1,262.49,0,13.12,3.04,278.65,Net Banking,Delivered,Seattle,WA,United States,SELL01184
ORD0004206,10-08-2020,CUST037767,Kabir Patel,P00020,Office Chair,Clothing,ReadMore,4,277.96,0.05,190.12,7.72,1254.09,Credit Card,Delivered,Los Angeles,CA,India,SELL00736
ORD0004207,09-07-2022,CUST028886,Sunita Gupta,P00046,Car Charger,Books,CoreTech,1,417.06,0.1,45.04,6.18,426.57,Credit Card,Delivered,San Francisco,CA,United States,SELL00246
ORD0004208,26-07-2023,CUST034264,Aditya Singh,P00027,Winter Jacket,Clothing,BrightLux,2,469.7,0.15,95.82,3.34,897.65,Amazon Pay,Delivered,Seattle,WA,United States,SELL00595
ORD0004209,02-12-2023,CUST001091,Arjun Sharma,P00045,Phone Tripod,Books,KiddoFun,4,60.97,0,19.51,14.99,278.38,Credit Card,Shipped,Charlotte,NC,United States,SELL01849
ORD0004210,08-03-2024,CUST048050,Rohit Verma,P00050,Novel Bestseller,Sports & Outdoors,Apex,3,196.09,0.2,23.53,5.5,499.65,Net Banking,Shipped,New York,NY,Canada,SELL00385
ORD0004211,10-08-2023,CUST037338,Aarav Kumar,P00039,Graphic Tablet,Home & Kitchen,CoreTech,1,55.85,0.3,1.95,4.4,45.44,Credit Card,Shipped,San Jose,CA,United States,SELL01839
ORD0004212,24-12-2024,CUST043205,Aarav Kumar,P00026,Sunglasses,Clothing,HomeEase,4,595.03,0.05,113.06,11.68,2385.85,Credit Card,Delivered,Los Angeles,CA,India,SELL00511
ORD0004213,03-10-2020,CUST028685,Neha Singh,P00008,4K Monitor,Home & Kitchen,ReadMore,1,463.51,0.1,33.37,5.41,455.94,Amazon Pay,Shipped,Columbus,OH,United Kingdom,SELL01392
ORD0004214,01-01-2024,CUST024738,Sneha Mehta,P00042,Projector Mini,Clothing,ReadMore,2,322.06,0,77.29,1.63,723.04,Credit Card,Delivered,San Jose,CA,India,SELL01610
ORD0004215,04-02-2023,CUST014951,Sahil Kumar,P00011,Fitness Band,Clothing,KiddoFun,1,409.35,0.1,18.42,11.14,397.98,Credit Card,Delivered,Los Angeles,CA,United States,SELL00903
ORD0004216,08-08-2024,CUST039555,Aditya Gupta,P00023,Cookware Set,Home & Kitchen,Zenith,2,121.4,0.25,32.78,2.76,217.64,Debit Card,Delivered,Houston,TX,Canada,SELL01233
ORD0004217,23-02-2021,CUST041568,Simran Singh,P00014,Drone Mini,Home & Kitchen,NexPro,4,536.62,0.1,154.55,5.55,2091.93,Net Banking,Shipped,Jacksonville,FL,India,SELL00151
ORD0004218,02-09-2021,CUST049880,Neha Mehta,P00007,Mechanical Keyboard,Books,HomeEase,2,61.96,0,6.2,13.36,143.48,Credit Card,Delivered,Philadelphia,PA,United States,SELL00758
ORD0004219,23-12-2023,CUST044745,Aarav Verma,P00046,Car Charger,Sports & Outdoors,Zenith,2,550.37,0.25,41.28,8.59,875.42,Debit Card,Delivered,Houston,TX,United States,SELL01259
ORD0004220,09-01-2021,CUST049795,Mohit Singh,P00011,Fitness Band,Sports & Outdoors,NexPro,5,383.06,0,95.76,6.87,2017.93,Credit Card,Delivered,Jacksonville,FL,United States,SELL01985
ORD0004221,13-03-2020,CUST023448,Simran Joshi,P00027,Winter Jacket,Home & Kitchen,NexPro,4,502.87,0,0,11.97,2023.45,Credit Card,Delivered,Charlotte,NC,United States,SELL01500
ORD0004222,15-07-2024,CUST044746,Neha Sharma,P00030,Dress Shirt,Clothing,Zenith,3,147.65,0,53.15,3.93,500.03,Debit Card,Delivered,Phoenix,AZ,Australia,SELL00379
ORD0004223,19-11-2022,CUST045859,Simran Kapoor,P00019,LED Desk Lamp,Home & Kitchen,Apex,2,392.76,0.1,0,9.77,716.74,Amazon Pay,Pending,Washington,DC,United States,SELL00586
ORD0004224,26-04-2023,CUST030484,Sneha Kumar,P00041,Webcam Full HD,Home & Kitchen,UrbanStyle,4,367.7,0.2,141.2,4.22,1322.06,UPI,Delivered,Jacksonville,FL,Canada,SELL01555
ORD0004225,19-10-2023,CUST029744,Priya Kapoor,P00010,Smartwatch,Sports & Outdoors,NexPro,2,35.93,0,3.59,4.56,80.01,Credit Card,Delivered,Los Angeles,CA,United States,SELL00296
ORD0004226,28-12-2024,CUST031275,Sunita Sharma,P00040,Microphone,Books,KiddoFun,5,15.62,0.05,8.9,4.85,87.94,UPI,Delivered,Dallas,TX,United States,SELL00474
ORD0004227,14-01-2024,CUST036812,Anjali Sharma,P00040,Microphone,Electronics,NexPro,3,523.28,0.1,0,11.28,1424.14,Cash on Delivery,Delivered,Seattle,WA,United States,SELL01104
ORD0004228,13-07-2020,CUST040529,Vihaan Mehta,P00016,Air Fryer,Books,UrbanStyle,3,80.38,0,43.41,2.91,287.46,Credit Card,Delivered,Indianapolis,IN,United States,SELL01688
ORD0004229,25-03-2023,CUST009284,Karan Joshi,P00038,External HDD 2TB,Clothing,CoreTech,2,10.35,0.2,1.99,0.55,19.1,Debit Card,Delivered,Los Angeles,CA,India,SELL00907
ORD0004230,10-04-2023,CUST043249,Ritika Kapoor,P00001,Wireless Earbuds,Sports & Outdoors,UrbanStyle,4,373.5,0,119.52,3.43,1616.95,Cash on Delivery,Delivered,New York,NY,United States,SELL01344
ORD0004231,26-04-2022,CUST025599,Sahil Gupta,P00017,Electric Kettle,Books,KiddoFun,1,401.32,0,20.07,0.69,422.08,Debit Card,Shipped,Seattle,WA,Australia,SELL01739
ORD0004232,30-11-2022,CUST042695,Vivaan Joshi,P00020,Office Chair,Books,UrbanStyle,1,273.09,0.05,31.13,4.28,294.85,Net Banking,Delivered,Chicago,IL,United States,SELL00410
ORD0004233,22-12-2022,CUST003767,Sunita Joshi,P00001,Wireless Earbuds,Clothing,NexPro,4,45.61,0,9.12,14.49,206.05,Amazon Pay,Pending,Houston,TX,United States,SELL01332
ORD0004234,23-01-2020,CUST015570,Aman Kapoor,P00047,Memory Card 128GB,Electronics,UrbanStyle,4,549.22,0.1,98.86,3.74,2079.79,Cash on Delivery,Delivered,San Francisco,CA,India,SELL01956
ORD0004235,25-12-2020,CUST016538,Kabir Joshi,P00041,Webcam Full HD,Sports & Outdoors,FitLife,4,424.84,0,203.92,2.56,1905.84,Amazon Pay,Delivered,San Antonio,TX,United States,SELL00928
ORD0004236,03-01-2023,CUST030879,Sneha Sharma,P00025,Running Shoes,Clothing,Apex,2,64.9,0.05,6.17,8.45,137.93,Credit Card,Delivered,Chicago,IL,India,SELL00190
ORD0004237,13-07-2021,CUST002616,Aman Sharma,P00009,Portable SSD 1TB,Sports & Outdoors,UrbanStyle,4,395.99,0.15,67.32,8.96,1422.65,Debit Card,Delivered,Columbus,OH,India,SELL00974
ORD0004238,02-11-2021,CUST005320,Karan Kapoor,P00007,Mechanical Keyboard,Books,FitLife,1,472.93,0,37.83,9.72,520.48,Credit Card,Delivered,Philadelphia,PA,India,SELL01840
ORD0004239,15-02-2023,CUST034749,Anjali Reddy,P00048,Wireless Charger,Electronics,BrightLux,3,168.95,0,91.23,12.42,610.5,Amazon Pay,Delivered,Washington,DC,United States,SELL00634
ORD0004240,23-06-2024,CUST023598,Aditya Gupta,P00023,Cookware Set,Clothing,NexPro,3,197.98,0,47.52,5.74,647.2,Credit Card,Delivered,Jacksonville,FL,United States,SELL01150
ORD0004241,04-11-2023,CUST032464,Karan Joshi,P00020,Office Chair,Clothing,Apex,4,439.08,0,210.76,13.39,1980.47,Credit Card,Delivered,Chicago,IL,United States,SELL00476
ORD0004242,09-11-2021,CUST031060,Vihaan Joshi,P00024,Yoga Mat,Books,NexPro,1,10.69,0,0.86,1.68,13.23,Credit Card,Delivered,San Jose,CA,United States,SELL00947
ORD0004243,06-08-2023,CUST035658,Kabir Patel,P00043,HDMI Cable 2m,Books,KiddoFun,4,478.61,0,95.72,13.02,2023.18,Net Banking,Delivered,Austin,TX,United States,SELL01127
ORD0004244,15-03-2021,CUST043570,Simran Mehta,P00034,Desk Organizer,Clothing,HomeEase,4,133.64,0,0,1.82,536.38,UPI,Delivered,Los Angeles,CA,India,SELL00416
ORD0004245,18-08-2024,CUST008901,Aarav Singh,P00027,Winter Jacket,Toys & Games,NexPro,4,95.19,0.2,36.55,7.16,348.32,Credit Card,Delivered,New York,NY,United States,SELL00228
ORD0004246,21-07-2022,CUST015856,Priya Kumar,P00038,External HDD 2TB,Clothing,Apex,4,118.65,0.15,32.27,14.19,449.87,Credit Card,Delivered,Chicago,IL,United States,SELL00584
ORD0004247,07-01-2020,CUST012811,Neha Patel,P00020,Office Chair,Clothing,HomeEase,5,141.9,0.1,0,6.68,645.23,Cash on Delivery,Delivered,Austin,TX,United States,SELL01869
ORD0004248,04-05-2023,CUST038771,Simran Kumar,P00022,Water Bottle,Toys & Games,KiddoFun,2,519.16,0,124.6,10.39,1173.31,Credit Card,Delivered,San Jose,CA,United States,SELL00877
ORD0004249,24-02-2021,CUST040934,Aman Kumar,P00004,USB-C Charger,Toys & Games,ReadMore,1,461.37,0,55.36,12.65,529.38,Debit Card,Shipped,Phoenix,AZ,United States,SELL00204
ORD0004250,10-05-2024,CUST030951,Ritika Patel,P00019,LED Desk Lamp,Toys & Games,CoreTech,4,218.26,0,104.76,13.47,991.27,Credit Card,Delivered,Los Angeles,CA,United States,SELL01688
ORD0004251,12-04-2022,CUST030539,Kabir Joshi,P00002,Bluetooth Speaker,Electronics,KiddoFun,2,127.55,0.05,29.08,11.32,282.74,Debit Card,Delivered,Charlotte,NC,United States,SELL00811
ORD0004252,01-05-2023,CUST027794,Arjun Gupta,P00032,Board Game,Home & Kitchen,ReadMore,5,239.22,0.05,90.9,5.26,1232.46,Credit Card,Cancelled,Philadelphia,PA,United States,SELL00180
ORD0004253,12-07-2021,CUST012242,Sunita Mehta,P00041,Webcam Full HD,Books,Apex,2,126.24,0.1,18.18,8.23,253.64,Debit Card,Delivered,Columbus,OH,United States,SELL00443
ORD0004254,17-03-2023,CUST024532,Vikas Joshi,P00033,Puzzle 1000pc,Books,NexPro,5,587.76,0,146.94,7.5,3093.24,Credit Card,Delivered,Charlotte,NC,United States,SELL00004
ORD0004255,15-12-2024,CUST027159,Mohit Kapoor,P00003,Smartphone Case,Sports & Outdoors,KiddoFun,4,531.42,0.05,100.97,2.59,2122.96,Amazon Pay,Delivered,Dallas,TX,Canada,SELL01809
ORD0004256,19-08-2024,CUST042344,Rohit Gupta,P00016,Air Fryer,Sports & Outdoors,ReadMore,5,349.85,0,139.94,7.47,1896.66,Credit Card,Delivered,San Francisco,CA,United States,SELL00564
ORD0004257,10-05-2023,CUST003646,Aditya Joshi,P00005,Laptop Sleeve,Home & Kitchen,ReadMore,3,579.04,0.15,73.83,7.73,1558.11,Debit Card,Delivered,San Jose,CA,Australia,SELL00308
ORD0004258,07-01-2024,CUST034890,Arjun Singh,P00023,Cookware Set,Toys & Games,ReadMore,4,511.21,0,102.24,12.55,2159.63,Cash on Delivery,Delivered,Phoenix,AZ,India,SELL00370
ORD0004259,02-07-2022,CUST031249,Rohit Singh,P00017,Electric Kettle,Home & Kitchen,CoreTech,5,270.56,0.3,0,12.64,959.6,Debit Card,Delivered,Denver,CO,United States,SELL00211
ORD0004260,13-12-2023,CUST035710,Kabir Joshi,P00014,Drone Mini,Electronics,Apex,4,84.07,0.05,25.56,2.62,347.65,Net Banking,Shipped,San Antonio,TX,United States,SELL00483
ORD0004261,21-12-2023,CUST020265,Vihaan Mehta,P00008,4K Monitor,Toys & Games,FitLife,5,494.13,0.15,105,7.8,2212.85,Credit Card,Delivered,Jacksonville,FL,United States,SELL00935
ORD0004262,03-10-2022,CUST010504,Neha Gupta,P00003,Smartphone Case,Home & Kitchen,HomeEase,2,139.31,0.2,17.83,5.08,245.81,Debit Card,Shipped,San Francisco,CA,United States,SELL00570
ORD0004263,11-02-2024,CUST049055,Sneha Kumar,P00037,Router,Home & Kitchen,ReadMore,1,104.28,0.05,4.95,12.7,116.72,Net Banking,Delivered,Chicago,IL,United States,SELL01400
ORD0004264,07-02-2024,CUST027441,Sahil Sharma,P00004,USB-C Charger,Electronics,Zenith,3,72.66,0,10.9,1.09,229.97,Credit Card,Delivered,Denver,CO,Australia,SELL01711
ORD0004265,05-05-2020,CUST049337,Aarav Patel,P00049,Children's Book,Home & Kitchen,HomeEase,4,142.24,0,28.45,9.73,607.14,Amazon Pay,Delivered,Columbus,OH,United States,SELL00666
ORD0004266,29-01-2021,CUST021173,Pooja Patel,P00025,Running Shoes,Toys & Games,UrbanStyle,2,265.74,0.2,34.01,1.46,460.65,Debit Card,Delivered,San Antonio,TX,United States,SELL00393
ORD0004267,27-03-2022,CUST019390,Mohit Singh,P00002,Bluetooth Speaker,Clothing,Apex,5,525.12,0.2,252.06,2.1,2354.64,Net Banking,Delivered,Chicago,IL,United States,SELL00613
ORD0004268,30-05-2022,CUST040424,Aman Sharma,P00028,Jeans,Electronics,UrbanStyle,3,178.08,0.25,20.03,8.67,429.38,Credit Card,Delivered,San Diego,CA,India,SELL00554
ORD0004269,29-07-2021,CUST000730,Aditya Patel,P00038,External HDD 2TB,Books,UrbanStyle,1,21.09,0,3.8,3.83,28.72,Debit Card,Delivered,Houston,TX,United States,SELL01714
ORD0004270,20-11-2020,CUST021610,Karan Verma,P00032,Board Game,Clothing,CoreTech,4,291.16,0,209.64,0.44,1374.72,UPI,Delivered,Fort Worth,TX,India,SELL00907
ORD0004271,16-11-2023,CUST012268,Kabir Kumar,P00047,Memory Card 128GB,Books,BrightLux,5,263.77,0.3,166.18,6.69,1096.06,UPI,Delivered,Los Angeles,CA,United States,SELL00210
ORD0004272,18-07-2022,CUST000567,Vihaan Reddy,P00033,Puzzle 1000pc,Electronics,Apex,3,106.27,0.1,34.43,7.07,328.43,Debit Card,Delivered,Seattle,WA,United States,SELL00087
ORD0004273,07-09-2024,CUST001312,Sneha Joshi,P00035,Desk Plant,Toys & Games,FitLife,3,62.01,0,9.3,1.11,196.44,Credit Card,Shipped,San Antonio,TX,United States,SELL01709
ORD0004274,09-07-2024,CUST020823,Pooja Patel,P00048,Wireless Charger,Sports & Outdoors,HomeEase,1,232.01,0.15,15.78,2.97,215.96,Credit Card,Delivered,Philadelphia,PA,United States,SELL01151
ORD0004275,03-01-2024,CUST011616,Vikas Sharma,P00032,Board Game,Toys & Games,Zenith,5,328.69,0,82.17,3.53,1729.15,Debit Card,Delivered,Dallas,TX,United States,SELL00895
ORD0004276,12-05-2023,CUST007737,Sahil Gupta,P00033,Puzzle 1000pc,Electronics,KiddoFun,5,515.14,0,0,2.32,2578.02,UPI,Delivered,San Diego,CA,United States,SELL00207
ORD0004277,18-02-2024,CUST012293,Arjun Reddy,P00026,Sunglasses,Books,UrbanStyle,2,275.1,0,27.51,11.28,588.99,Amazon Pay,Delivered,Austin,TX,United States,SELL00998
ORD0004278,12-04-2022,CUST014199,Kabir Verma,P00017,Electric Kettle,Sports & Outdoors,HomeEase,5,269.91,0,67.48,8.02,1425.05,UPI,Delivered,Los Angeles,CA,United Kingdom,SELL01408
ORD0004279,20-11-2022,CUST000624,Vivaan Joshi,P00003,Smartphone Case,Books,BrightLux,1,291.38,0.3,24.48,8.15,236.6,Debit Card,Delivered,Charlotte,NC,United States,SELL01408
ORD0004280,12-11-2023,CUST040385,Simran Verma,P00025,Running Shoes,Electronics,BrightLux,2,451.94,0.05,103.04,6.59,968.32,Credit Card,Delivered,Philadelphia,PA,United States,SELL01285
ORD0004281,06-07-2024,CUST008690,Vihaan Kapoor,P00046,Car Charger,Electronics,Apex,5,584.66,0,146.16,3,3072.46,Debit Card,Delivered,Denver,CO,United States,SELL01410
ORD0004282,28-12-2023,CUST038834,Kabir Verma,P00024,Yoga Mat,Home & Kitchen,FitLife,3,584.51,0.25,105.21,1.47,1421.83,Credit Card,Delivered,Austin,TX,United States,SELL01604
ORD0004283,16-04-2022,CUST032575,Sahil Sharma,P00016,Air Fryer,Sports & Outdoors,UrbanStyle,1,500.3,0,40.02,7.76,548.08,Net Banking,Delivered,Los Angeles,CA,Canada,SELL00894
ORD0004284,14-07-2022,CUST008415,Aman Verma,P00019,LED Desk Lamp,Electronics,HomeEase,4,285.88,0.2,73.19,7.4,995.41,Amazon Pay,Delivered,Jacksonville,FL,Canada,SELL01222
ORD0004285,31-10-2023,CUST025529,Mohit Verma,P00015,Instant Pot,Sports & Outdoors,CoreTech,4,175.11,0,56.04,10.83,767.31,Amazon Pay,Delivered,Washington,DC,United States,SELL00793
ORD0004286,29-09-2023,CUST018291,Rohit Patel,P00034,Desk Organizer,Toys & Games,FitLife,1,500.19,0,40.02,14.04,554.25,UPI,Delivered,Denver,CO,India,SELL01674
ORD0004287,18-03-2021,CUST017545,Mohit Gupta,P00023,Cookware Set,Home & Kitchen,UrbanStyle,1,422.51,0,0,5.95,428.46,Debit Card,Delivered,Fort Worth,TX,United States,SELL01904
ORD0004288,21-05-2024,CUST003835,Simran Reddy,P00023,Cookware Set,Toys & Games,NexPro,4,353,0,70.6,11.8,1494.4,Net Banking,Delivered,Seattle,WA,United States,SELL00024
ORD0004289,15-03-2020,CUST022371,Neha Verma,P00031,Kids Toy Car,Clothing,UrbanStyle,4,561.99,0.05,106.78,8.39,2250.73,Debit Card,Delivered,Fort Worth,TX,United States,SELL01187
ORD0004290,10-07-2021,CUST029210,Arjun Patel,P00010,Smartwatch,Electronics,FitLife,4,9.39,0,6.76,1.39,45.71,Credit Card,Delivered,Los Angeles,CA,Canada,SELL01222
ORD0004291,30-11-2024,CUST025279,Anjali Singh,P00026,Sunglasses,Books,NexPro,2,292.73,0,46.84,13.04,645.34,Credit Card,Cancelled,Jacksonville,FL,United States,SELL01134
ORD0004292,16-08-2024,CUST023330,Vihaan Kumar,P00019,LED Desk Lamp,Books,Apex,1,551.66,0.1,24.82,10.95,532.26,Amazon Pay,Delivered,Denver,CO,India,SELL00004
ORD0004293,24-03-2023,CUST038718,Simran Mehta,P00047,Memory Card 128GB,Electronics,CoreTech,2,82.91,0.15,16.91,0.92,158.78,Net Banking,Delivered,Philadelphia,PA,Australia,SELL00333
ORD0004294,24-12-2023,CUST028511,Aarav Kumar,P00050,Novel Bestseller,Clothing,Apex,5,12.8,0,3.2,12.41,79.61,Debit Card,Delivered,Seattle,WA,United States,SELL01623
ORD0004295,28-12-2020,CUST010453,Neha Patel,P00008,4K Monitor,Electronics,KiddoFun,2,280.99,0.1,0,12.81,518.59,Credit Card,Delivered,Fort Worth,TX,United States,SELL00830
ORD0004296,23-03-2021,CUST041547,Priya Reddy,P00026,Sunglasses,Sports & Outdoors,FitLife,3,28.74,0,10.35,6.37,102.94,Debit Card,Delivered,Columbus,OH,United States,SELL00543
ORD0004297,11-06-2023,CUST035753,Mohit Verma,P00044,Power Bank 20000mAh,Clothing,HomeEase,1,73.17,0.05,3.48,6.99,79.98,Cash on Delivery,Delivered,New York,NY,United States,SELL00077
ORD0004298,05-05-2024,CUST019254,Pooja Patel,P00004,USB-C Charger,Clothing,HomeEase,5,16.28,0,0,5.72,87.12,Credit Card,Shipped,Columbus,OH,India,SELL00946
ORD0004299,18-09-2020,CUST011769,Karan Patel,P00020,Office Chair,Electronics,UrbanStyle,4,338.48,0,108.31,8.08,1470.31,Cash on Delivery,Delivered,Los Angeles,CA,United States,SELL00198
ORD0004300,04-05-2020,CUST035492,Sneha Singh,P00003,Smartphone Case,Electronics,CoreTech,3,496.84,0.2,95.39,5.24,1293.05,Debit Card,Delivered,Austin,TX,United States,SELL01430
ORD0004301,29-06-2022,CUST015591,Aman Mehta,P00015,Instant Pot,Home & Kitchen,UrbanStyle,5,198.9,0.1,71.6,8.88,975.53,Amazon Pay,Delivered,Charlotte,NC,United States,SELL01996
ORD0004302,01-09-2020,CUST033773,Sneha Singh,P00024,Yoga Mat,Toys & Games,NexPro,5,439.08,0,175.63,9.52,2380.55,Net Banking,Delivered,Dallas,TX,United States,SELL01704
ORD0004303,25-06-2021,CUST034544,Karan Mehta,P00016,Air Fryer,Books,FitLife,3,569.66,0.25,64.09,2.17,1348,Debit Card,Delivered,Charlotte,NC,United States,SELL00823
ORD0004304,29-04-2021,CUST017499,Karan Joshi,P00047,Memory Card 128GB,Clothing,KiddoFun,1,81.12,0,9.73,9.95,100.8,Credit Card,Returned,Austin,TX,United States,SELL00184
ORD0004305,01-05-2020,CUST021105,Aman Patel,P00046,Car Charger,Books,KiddoFun,5,124.97,0.05,47.49,0.8,641.9,Net Banking,Delivered,San Jose,CA,India,SELL00830
ORD0004306,04-05-2020,CUST043650,Aarav Joshi,P00013,Action Camera,Home & Kitchen,CoreTech,2,231.33,0.2,44.42,7.36,421.91,Credit Card,Delivered,Houston,TX,United States,SELL01565
ORD0004307,21-04-2024,CUST049765,Arjun Sharma,P00037,Router,Sports & Outdoors,Zenith,2,47.52,0.1,6.84,6.8,99.18,UPI,Shipped,Indianapolis,IN,United States,SELL01975
ORD0004308,18-06-2020,CUST011803,Aman Verma,P00012,Noise Cancelling Headphones,Books,BrightLux,2,87.79,0,8.78,4.68,189.04,Amazon Pay,Delivered,New York,NY,India,SELL00106
ORD0004309,03-05-2020,CUST043538,Aditya Patel,P00017,Electric Kettle,Home & Kitchen,KiddoFun,1,341.95,0.25,46.16,1.95,304.57,Credit Card,Delivered,Chicago,IL,United States,SELL01340
ORD0004310,24-11-2022,CUST048845,Anjali Mehta,P00007,Mechanical Keyboard,Home & Kitchen,BrightLux,4,381.36,0.15,233.39,6.34,1536.35,Credit Card,Shipped,San Jose,CA,United States,SELL01644
ORD0004311,15-01-2023,CUST023762,Mohit Mehta,P00029,T-Shirt,Toys & Games,ReadMore,5,104.99,0.05,24.94,4.4,528.04,Credit Card,Shipped,San Jose,CA,India,SELL00834
ORD0004312,07-10-2021,CUST016395,Vivaan Mehta,P00037,Router,Books,NexPro,2,16.26,0,3.9,0.98,37.4,Debit Card,Delivered,Charlotte,NC,United States,SELL00199
ORD0004313,27-09-2024,CUST001998,Vivaan Singh,P00001,Wireless Earbuds,Home & Kitchen,HomeEase,1,263.95,0,13.2,3.65,280.8,UPI,Delivered,Houston,TX,United States,SELL01587
ORD0004314,24-02-2022,CUST024492,Ritika Sharma,P00005,Laptop Sleeve,Home & Kitchen,CoreTech,4,112.89,0,54.19,0.52,506.27,UPI,Delivered,Washington,DC,United States,SELL00263
ORD0004315,19-07-2020,CUST046596,Aman Gupta,P00050,Novel Bestseller,Toys & Games,ReadMore,5,334.93,0,0,2.83,1677.48,Debit Card,Delivered,San Diego,CA,India,SELL00154
ORD0004316,03-01-2021,CUST040551,Karan Mehta,P00035,Desk Plant,Toys & Games,CoreTech,4,49.34,0.15,0,1.56,169.32,Amazon Pay,Delivered,Indianapolis,IN,United States,SELL00529
ORD0004317,07-03-2022,CUST024147,Sahil Gupta,P00045,Phone Tripod,Home & Kitchen,HomeEase,2,453.41,0.15,61.66,0.91,833.37,Debit Card,Delivered,Washington,DC,India,SELL00049
ORD0004318,17-03-2020,CUST000555,Anjali Patel,P00012,Noise Cancelling Headphones,Sports & Outdoors,NexPro,4,306.85,0.1,88.37,3.76,1196.79,Net Banking,Returned,New York,NY,India,SELL00881
ORD0004319,28-02-2020,CUST041724,Aarav Gupta,P00033,Puzzle 1000pc,Electronics,NexPro,1,530.04,0,26.5,9.64,566.18,Credit Card,Delivered,Dallas,TX,United States,SELL01246
ORD0004320,06-03-2021,CUST004647,Aman Kapoor,P00016,Air Fryer,Toys & Games,NexPro,2,594.43,0.05,203.3,12.85,1345.57,Debit Card,Delivered,San Diego,CA,India,SELL00038
ORD0004321,29-09-2021,CUST046907,Arjun Mehta,P00049,Children's Book,Clothing,KiddoFun,5,465.35,0.05,176.83,1.71,2388.95,Amazon Pay,Delivered,Philadelphia,PA,Canada,SELL00470
ORD0004322,03-03-2024,CUST048793,Simran Kumar,P00033,Puzzle 1000pc,Books,KiddoFun,3,517.17,0.15,158.25,11.79,1488.82,Credit Card,Shipped,Columbus,OH,United States,SELL00383
ORD0004323,18-04-2020,CUST033523,Sahil Kapoor,P00004,USB-C Charger,Sports & Outdoors,UrbanStyle,5,155.6,0,62.24,0.52,840.76,Credit Card,Delivered,San Jose,CA,India,SELL00069
ORD0004324,25-10-2024,CUST019540,Kabir Joshi,P00044,Power Bank 20000mAh,Home & Kitchen,BrightLux,5,18.2,0,7.28,0.75,99.03,UPI,Shipped,Dallas,TX,United States,SELL00275
ORD0004325,04-10-2022,CUST041297,Vikas Mehta,P00010,Smartwatch,Electronics,ReadMore,5,387.38,0.05,0,2.82,1842.88,Credit Card,Delivered,New York,NY,United States,SELL01275
ORD0004326,25-07-2023,CUST024631,Rohit Gupta,P00009,Portable SSD 1TB,Clothing,CoreTech,1,370.49,0.05,0,9.58,361.55,Cash on Delivery,Delivered,Dallas,TX,United Kingdom,SELL01066
ORD0004327,08-03-2020,CUST011585,Aditya Sharma,P00023,Cookware Set,Sports & Outdoors,NexPro,2,165.6,0.1,23.85,5.67,327.6,UPI,Delivered,Indianapolis,IN,United States,SELL01364
ORD0004328,28-12-2022,CUST017501,Sahil Patel,P00004,USB-C Charger,Books,HomeEase,5,316.98,0.05,75.28,6.93,1587.86,Amazon Pay,Delivered,Indianapolis,IN,United States,SELL01376
ORD0004329,03-04-2023,CUST036972,Sunita Singh,P00040,Microphone,Sports & Outdoors,UrbanStyle,1,210.03,0.15,8.93,7.01,194.47,UPI,Delivered,San Diego,CA,Canada,SELL00801
ORD0004330,21-02-2024,CUST023379,Aman Reddy,P00046,Car Charger,Toys & Games,CoreTech,1,340.49,0.15,23.15,10.35,322.92,Cash on Delivery,Delivered,New York,NY,United States,SELL00344
ORD0004331,31-10-2020,CUST036190,Priya Kumar,P00048,Wireless Charger,Home & Kitchen,UrbanStyle,2,478.85,0,76.62,10.01,1044.33,Credit Card,Delivered,Seattle,WA,United States,SELL00195
ORD0004332,04-11-2021,CUST039321,Aditya Reddy,P00033,Puzzle 1000pc,Home & Kitchen,NexPro,1,228.23,0,18.26,14.72,261.21,Credit Card,Returned,Charlotte,NC,India,SELL01625
ORD0004333,30-12-2020,CUST030428,Sahil Gupta,P00019,LED Desk Lamp,Home & Kitchen,BrightLux,2,193.3,0.25,34.79,7.98,332.72,Credit Card,Delivered,Columbus,OH,United States,SELL01430
ORD0004334,31-03-2022,CUST029221,Aman Patel,P00005,Laptop Sleeve,Clothing,BrightLux,1,327.93,0.05,24.92,9.03,345.48,Net Banking,Delivered,Charlotte,NC,United States,SELL01154
ORD0004335,03-11-2023,CUST035562,Mohit Sharma,P00047,Memory Card 128GB,Home & Kitchen,Zenith,2,339.67,0,33.97,13.46,726.77,Credit Card,Delivered,Phoenix,AZ,United States,SELL01392
ORD0004336,08-12-2020,CUST046714,Aarav Reddy,P00019,LED Desk Lamp,Sports & Outdoors,CoreTech,4,570.61,0.2,328.67,13.47,2168.09,Debit Card,Delivered,Austin,TX,United States,SELL00549
ORD0004337,04-08-2022,CUST045643,Ritika Gupta,P00015,Instant Pot,Toys & Games,FitLife,5,41.9,0.05,35.82,13.43,248.27,Amazon Pay,Delivered,Columbus,OH,United States,SELL00506
ORD0004338,17-06-2022,CUST038096,Sneha Gupta,P00017,Electric Kettle,Electronics,UrbanStyle,2,515.66,0,123.76,13.68,1168.76,Credit Card,Delivered,San Jose,CA,United States,SELL00145
ORD0004339,26-04-2024,CUST021330,Karan Reddy,P00041,Webcam Full HD,Toys & Games,FitLife,2,548.87,0.15,46.65,3.54,983.27,Credit Card,Delivered,Columbus,OH,United States,SELL01061
ORD0004340,09-10-2023,CUST020969,Vihaan Sharma,P00036,Smart Light Bulb,Toys & Games,HomeEase,4,238.14,0.1,68.58,7.52,933.4,Debit Card,Delivered,Columbus,OH,United States,SELL01958
ORD0004341,10-12-2023,CUST036937,Vikas Gupta,P00031,Kids Toy Car,Home & Kitchen,FitLife,5,154.99,0,62,8.23,845.18,Credit Card,Delivered,San Diego,CA,United States,SELL00980
ORD0004342,06-02-2023,CUST044123,Aman Patel,P00001,Wireless Earbuds,Home & Kitchen,HomeEase,3,590.99,0,141.84,9.55,1924.36,Credit Card,Delivered,Austin,TX,India,SELL01552
ORD0004343,05-05-2024,CUST026478,Vihaan Sharma,P00011,Fitness Band,Electronics,CoreTech,2,65.5,0,15.72,11.31,158.03,Debit Card,Shipped,Dallas,TX,India,SELL01782
ORD0004344,31-01-2022,CUST002868,Vihaan Joshi,P00004,USB-C Charger,Books,Apex,5,283.82,0.05,0,13.31,1361.45,Credit Card,Delivered,Dallas,TX,United States,SELL01368
ORD0004345,29-02-2024,CUST049600,Priya Kapoor,P00014,Drone Mini,Clothing,CoreTech,1,107.63,0.1,17.44,8.04,122.35,UPI,Delivered,Charlotte,NC,United States,SELL00976
ORD0004346,06-12-2020,CUST024407,Aarav Joshi,P00013,Action Camera,Clothing,KiddoFun,5,333.17,0.25,149.93,6.06,1405.38,Credit Card,Delivered,Seattle,WA,United States,SELL01361
ORD0004347,30-07-2022,CUST007403,Anjali Kumar,P00039,Graphic Tablet,Clothing,KiddoFun,2,323.62,0,0,13.22,660.46,Net Banking,Delivered,Los Angeles,CA,Canada,SELL01845
ORD0004348,17-01-2021,CUST045886,Ritika Kapoor,P00041,Webcam Full HD,Books,FitLife,4,147.24,0,29.45,12.79,631.2,Net Banking,Delivered,Washington,DC,United States,SELL00052
ORD0004349,30-09-2022,CUST029252,Sahil Kapoor,P00021,Backpack,Toys & Games,ReadMore,3,18.35,0.15,2.34,5.85,54.98,Credit Card,Delivered,San Francisco,CA,United States,SELL00645
ORD0004350,05-04-2024,CUST027872,Sneha Patel,P00035,Desk Plant,Books,BrightLux,1,555.25,0.05,42.2,12.63,582.32,Credit Card,Cancelled,San Jose,CA,Australia,SELL01182
ORD0004351,26-10-2020,CUST036056,Priya Gupta,P00026,Sunglasses,Toys & Games,HomeEase,4,471.2,0.1,84.82,6.24,1787.38,Credit Card,Delivered,Columbus,OH,United States,SELL01767
ORD0004352,18-05-2020,CUST016550,Ritika Singh,P00015,Instant Pot,Sports & Outdoors,BrightLux,2,343.75,0,55,13.02,755.52,Debit Card,Delivered,Austin,TX,India,SELL01096
ORD0004353,24-12-2020,CUST016818,Sunita Reddy,P00002,Bluetooth Speaker,Electronics,NexPro,4,81.95,0.05,24.91,10.56,346.88,Credit Card,Delivered,Philadelphia,PA,United States,SELL01172
ORD0004354,15-04-2022,CUST015421,Sneha Verma,P00002,Bluetooth Speaker,Toys & Games,HomeEase,1,128.45,0,10.28,7.97,146.7,Credit Card,Cancelled,Seattle,WA,India,SELL01375
ORD0004355,02-03-2024,CUST018204,Anjali Reddy,P00008,4K Monitor,Toys & Games,Apex,5,203.19,0.05,77.21,7.94,1050.3,UPI,Delivered,Philadelphia,PA,United States,SELL00863
ORD0004356,09-11-2023,CUST004166,Ritika Kumar,P00030,Dress Shirt,Clothing,BrightLux,4,228.52,0.1,65.81,5.07,893.55,Net Banking,Delivered,Fort Worth,TX,United States,SELL00760
ORD0004357,15-06-2024,CUST002233,Vikas Joshi,P00043,HDMI Cable 2m,Clothing,HomeEase,1,319.57,0.25,11.98,8.4,260.06,Credit Card,Delivered,San Jose,CA,United States,SELL00692
ORD0004358,27-07-2023,CUST047231,Vihaan Singh,P00044,Power Bank 20000mAh,Sports & Outdoors,HomeEase,4,208.27,0,66.65,4.68,904.41,Debit Card,Delivered,San Antonio,TX,United States,SELL00455
ORD0004359,18-07-2024,CUST026250,Karan Mehta,P00034,Desk Organizer,Clothing,UrbanStyle,2,455.03,0.15,0,4.08,777.63,Net Banking,Delivered,Fort Worth,TX,United States,SELL01279
ORD0004360,27-04-2021,CUST032908,Aditya Verma,P00037,Router,Clothing,NexPro,3,444,0,239.76,4.19,1575.95,Net Banking,Delivered,Jacksonville,FL,United States,SELL01256
ORD0004361,27-06-2022,CUST032344,Vivaan Mehta,P00040,Microphone,Books,Apex,3,72.27,0.2,13.88,2.6,189.93,Cash on Delivery,Delivered,Los Angeles,CA,United Kingdom,SELL01604
ORD0004362,08-02-2023,CUST037020,Arjun Joshi,P00040,Microphone,Books,Apex,3,461.28,0,110.71,3.92,1498.47,Credit Card,Delivered,Chicago,IL,United States,SELL00848
ORD0004363,15-05-2022,CUST043339,Rohit Joshi,P00013,Action Camera,Books,BrightLux,1,75.86,0.2,4.86,4.14,69.69,Debit Card,Delivered,Los Angeles,CA,United States,SELL01706
ORD0004364,18-05-2020,CUST026080,Aditya Patel,P00011,Fitness Band,Clothing,UrbanStyle,3,206.33,0,74.28,5.42,698.69,Debit Card,Delivered,New York,NY,United States,SELL01253
ORD0004365,22-09-2022,CUST040724,Aman Mehta,P00037,Router,Books,CoreTech,1,214.16,0.2,20.56,1.84,193.73,Cash on Delivery,Delivered,Washington,DC,India,SELL01764
ORD0004366,10-03-2021,CUST037185,Ritika Reddy,P00005,Laptop Sleeve,Clothing,NexPro,2,464.04,0,74.25,0.7,1003.03,Credit Card,Delivered,Austin,TX,Canada,SELL00714
ORD0004367,23-05-2021,CUST046992,Aman Mehta,P00045,Phone Tripod,Sports & Outdoors,Zenith,1,293.37,0,35.2,11.18,339.75,Credit Card,Delivered,Denver,CO,India,SELL01682
ORD0004368,29-09-2020,CUST028836,Pooja Kapoor,P00006,Gaming Mouse,Clothing,CoreTech,3,245.08,0,58.82,12.64,806.7,Credit Card,Delivered,Columbus,OH,United States,SELL01136
ORD0004369,27-01-2023,CUST032487,Neha Mehta,P00010,Smartwatch,Books,NexPro,3,368.15,0,55.22,9.99,1169.66,UPI,Delivered,San Francisco,CA,Australia,SELL01890
ORD0004370,22-11-2024,CUST008083,Simran Joshi,P00007,Mechanical Keyboard,Toys & Games,CoreTech,3,568.9,0.05,81.07,5.36,1707.79,Amazon Pay,Delivered,San Diego,CA,United States,SELL00390
ORD0004371,13-04-2020,CUST041162,Karan Singh,P00027,Winter Jacket,Books,Zenith,4,560.86,0.1,161.53,13.05,2193.68,Amazon Pay,Delivered,Austin,TX,United States,SELL00822
ORD0004372,22-05-2023,CUST020570,Arjun Reddy,P00032,Board Game,Electronics,HomeEase,3,59.23,0,21.32,11.98,210.99,Credit Card,Delivered,Philadelphia,PA,Australia,SELL00189
ORD0004373,19-11-2024,CUST046050,Arjun Joshi,P00031,Kids Toy Car,Electronics,NexPro,3,184.75,0,99.76,7.73,661.74,Amazon Pay,Pending,Columbus,OH,United States,SELL01150
ORD0004374,14-08-2024,CUST021953,Simran Singh,P00022,Water Bottle,Clothing,KiddoFun,1,95.41,0,7.63,8.48,111.52,Net Banking,Delivered,Los Angeles,CA,United States,SELL01705
ORD0004375,31-01-2022,CUST012874,Aman Reddy,P00050,Novel Bestseller,Books,FitLife,5,583.61,0.1,210.1,14.04,2850.38,Credit Card,Shipped,Seattle,WA,United States,SELL00950
ORD0004376,25-02-2022,CUST017854,Vihaan Kumar,P00045,Phone Tripod,Toys & Games,UrbanStyle,4,175.21,0.2,0,5.64,566.31,Credit Card,Delivered,Jacksonville,FL,United States,SELL00367
ORD0004377,13-06-2020,CUST037665,Simran Joshi,P00043,HDMI Cable 2m,Toys & Games,UrbanStyle,5,165.02,0.05,62.71,2.25,848.8,UPI,Delivered,Austin,TX,United States,SELL00844
ORD0004378,25-09-2022,CUST003554,Vivaan Singh,P00023,Cookware Set,Toys & Games,KiddoFun,1,12.46,0.05,0.59,4.42,16.85,Amazon Pay,Delivered,Washington,DC,United States,SELL01205
ORD0004379,03-06-2021,CUST025253,Sahil Patel,P00022,Water Bottle,Clothing,HomeEase,3,362.69,0.2,156.68,1.1,1028.24,Amazon Pay,Delivered,Austin,TX,United States,SELL00609
ORD0004380,31-07-2023,CUST037517,Vihaan Kapoor,P00014,Drone Mini,Sports & Outdoors,Zenith,3,164.97,0.3,27.71,0.45,374.6,Credit Card,Delivered,San Francisco,CA,United States,SELL01488
ORD0004381,31-05-2021,CUST047462,Karan Verma,P00013,Action Camera,Toys & Games,CoreTech,5,498.25,0,124.56,13.58,2629.39,Debit Card,Cancelled,Philadelphia,PA,United States,SELL01020
ORD0004382,18-10-2021,CUST008030,Vihaan Patel,P00046,Car Charger,Home & Kitchen,Zenith,3,56.85,0.05,8.1,10.58,180.7,Credit Card,Shipped,Washington,DC,United States,SELL01546
ORD0004383,04-09-2021,CUST001890,Ritika Gupta,P00028,Jeans,Clothing,HomeEase,3,330.59,0.1,44.63,7.13,944.35,Net Banking,Delivered,Charlotte,NC,Canada,SELL01652
ORD0004384,12-06-2020,CUST034597,Vivaan Reddy,P00031,Kids Toy Car,Home & Kitchen,ReadMore,4,273.85,0,87.63,3.45,1186.48,UPI,Delivered,Los Angeles,CA,India,SELL01699
ORD0004385,09-08-2024,CUST048147,Arjun Verma,P00005,Laptop Sleeve,Home & Kitchen,UrbanStyle,3,105.09,0.3,11.03,14.5,246.22,Credit Card,Delivered,New York,NY,Canada,SELL00923
ORD0004386,04-03-2020,CUST015170,Vikas Gupta,P00049,Children's Book,Sports & Outdoors,NexPro,3,288.37,0.05,41.09,6.21,869.15,Net Banking,Shipped,New York,NY,United States,SELL01160
ORD0004387,19-01-2023,CUST039966,Vikas Gupta,P00017,Electric Kettle,Home & Kitchen,UrbanStyle,5,280.25,0.05,106.5,12.73,1450.42,UPI,Delivered,Houston,TX,United States,SELL01914
ORD0004388,14-02-2023,CUST023766,Priya Joshi,P00017,Electric Kettle,Clothing,UrbanStyle,1,257.63,0,20.61,2.96,281.2,Credit Card,Delivered,Philadelphia,PA,United States,SELL00916
ORD0004389,23-09-2020,CUST013728,Aarav Singh,P00024,Yoga Mat,Toys & Games,ReadMore,3,126.96,0,30.47,4.44,415.79,Debit Card,Shipped,Denver,CO,United Kingdom,SELL01762
ORD0004390,04-09-2024,CUST021135,Arjun Kapoor,P00030,Dress Shirt,Toys & Games,FitLife,4,177.47,0,35.49,13.04,758.41,UPI,Shipped,San Antonio,TX,United States,SELL00226
ORD0004391,01-05-2024,CUST032454,Karan Sharma,P00038,External HDD 2TB,Books,NexPro,1,360.46,0,64.88,5.18,430.52,Credit Card,Delivered,Houston,TX,United States,SELL00726
ORD0004392,09-03-2023,CUST010596,Priya Gupta,P00022,Water Bottle,Electronics,BrightLux,4,134.52,0.05,92.01,5.7,608.89,UPI,Delivered,Chicago,IL,Canada,SELL00054
ORD0004393,02-09-2020,CUST013676,Rohit Singh,P00005,Laptop Sleeve,Books,UrbanStyle,5,132.63,0.05,31.5,0.57,662.06,Credit Card,Shipped,Fort Worth,TX,United States,SELL01937
ORD0004394,11-08-2024,CUST001360,Neha Sharma,P00046,Car Charger,Sports & Outdoors,BrightLux,1,210.65,0.05,16.01,2.84,218.97,Credit Card,Delivered,Charlotte,NC,United States,SELL01706
ORD0004395,16-11-2024,CUST032853,Vihaan Reddy,P00047,Memory Card 128GB,Books,CoreTech,2,295.17,0.05,44.87,0.22,605.91,Amazon Pay,Delivered,Washington,DC,United States,SELL01954
ORD0004396,29-01-2021,CUST001142,Vikas Verma,P00008,4K Monitor,Electronics,UrbanStyle,4,321.26,0,102.8,4.98,1392.82,Credit Card,Delivered,Fort Worth,TX,India,SELL00566
ORD0004397,19-02-2024,CUST045539,Vivaan Mehta,P00033,Puzzle 1000pc,Clothing,NexPro,2,70.38,0,7.04,3.94,151.74,UPI,Delivered,Indianapolis,IN,United States,SELL00577
ORD0004398,20-04-2021,CUST023009,Neha Kapoor,P00030,Dress Shirt,Books,FitLife,4,256.08,0.15,156.72,9.38,1036.77,Cash on Delivery,Cancelled,Houston,TX,United States,SELL01039
ORD0004399,20-03-2024,CUST037000,Priya Kapoor,P00033,Puzzle 1000pc,Clothing,FitLife,1,313.66,0.15,13.33,7.38,287.32,Net Banking,Delivered,Austin,TX,United States,SELL00901
ORD0004400,03-09-2022,CUST039207,Simran Patel,P00030,Dress Shirt,Electronics,KiddoFun,4,327.37,0.05,62.2,10.3,1316.51,Credit Card,Shipped,Austin,TX,United States,SELL00821
ORD0004401,22-04-2023,CUST016700,Sunita Joshi,P00017,Electric Kettle,Home & Kitchen,Zenith,5,153.24,0.2,49.04,11.42,673.42,Debit Card,Shipped,Charlotte,NC,United States,SELL00676
ORD0004402,09-11-2022,CUST025073,Kabir Singh,P00042,Projector Mini,Books,KiddoFun,4,427.75,0.05,130.04,14.68,1770.17,Amazon Pay,Delivered,Washington,DC,India,SELL01238
ORD0004403,11-07-2021,CUST025197,Arjun Reddy,P00050,Novel Bestseller,Books,KiddoFun,3,280.77,0.15,35.8,8.28,760.04,Credit Card,Cancelled,Jacksonville,FL,Canada,SELL00674
ORD0004404,14-10-2022,CUST003640,Simran Joshi,P00023,Cookware Set,Sports & Outdoors,Zenith,4,313.54,0,0,8.62,1262.78,Net Banking,Delivered,Charlotte,NC,United States,SELL01828
ORD0004405,27-03-2024,CUST048122,Simran Singh,P00018,Vacuum Cleaner,Electronics,BrightLux,1,285.59,0.05,21.7,12.16,305.17,Debit Card,Delivered,New York,NY,United States,SELL01168
ORD0004406,24-05-2024,CUST040978,Anjali Verma,P00030,Dress Shirt,Clothing,Apex,1,379.37,0.05,18.02,11.27,389.69,Amazon Pay,Shipped,Jacksonville,FL,United States,SELL00874
ORD0004407,01-04-2024,CUST025192,Kabir Kapoor,P00018,Vacuum Cleaner,Sports & Outdoors,CoreTech,5,64.6,0,25.84,13.18,362.02,Debit Card,Delivered,Charlotte,NC,United States,SELL01295
ORD0004408,01-06-2022,CUST000149,Karan Mehta,P00003,Smartphone Case,Toys & Games,Apex,5,164.03,0.05,62.33,14.18,855.65,Cash on Delivery,Delivered,Columbus,OH,United States,SELL00053
ORD0004409,26-05-2020,CUST037304,Sneha Mehta,P00037,Router,Home & Kitchen,CoreTech,3,154.47,0,37.07,1.96,502.44,UPI,Shipped,Denver,CO,Australia,SELL00375
ORD0004410,27-10-2021,CUST020699,Anjali Reddy,P00030,Dress Shirt,Electronics,HomeEase,3,445.11,0.1,96.14,8.3,1306.24,Net Banking,Shipped,Chicago,IL,United States,SELL00335
ORD0004411,20-08-2023,CUST044940,Vivaan Joshi,P00039,Graphic Tablet,Books,UrbanStyle,3,223.06,0,53.53,5.85,728.56,Net Banking,Delivered,Indianapolis,IN,United States,SELL01849
ORD0004412,11-09-2021,CUST006150,Pooja Verma,P00002,Bluetooth Speaker,Home & Kitchen,KiddoFun,1,52.94,0.2,7.62,8.22,58.19,Amazon Pay,Delivered,Los Angeles,CA,United States,SELL01687
ORD0004413,06-11-2024,CUST025247,Mohit Sharma,P00018,Vacuum Cleaner,Home & Kitchen,NexPro,4,366.87,0.25,132.07,0.92,1233.6,Credit Card,Delivered,Austin,TX,United States,SELL00373
ORD0004414,30-03-2022,CUST009211,Ritika Gupta,P00012,Noise Cancelling Headphones,Books,Zenith,2,338.16,0.05,51.4,8.45,702.35,UPI,Shipped,San Diego,CA,United Kingdom,SELL01211
ORD0004415,13-05-2022,CUST019327,Sahil Verma,P00006,Gaming Mouse,Home & Kitchen,UrbanStyle,3,489.2,0.05,69.71,9.72,1473.65,Amazon Pay,Delivered,San Antonio,TX,United States,SELL01562
ORD0004416,04-08-2021,CUST025851,Sahil Verma,P00008,4K Monitor,Sports & Outdoors,BrightLux,5,69.27,0.1,37.41,8.21,357.34,Amazon Pay,Delivered,San Jose,CA,United States,SELL01593
ORD0004417,19-10-2022,CUST011325,Rohit Kapoor,P00020,Office Chair,Electronics,BrightLux,5,72.63,0.15,24.69,9.88,343.25,Amazon Pay,Delivered,Washington,DC,United States,SELL00659
ORD0004418,25-11-2021,CUST026079,Sahil Kapoor,P00033,Puzzle 1000pc,Books,KiddoFun,3,243.95,0.2,29.27,11.73,626.48,Amazon Pay,Delivered,Seattle,WA,United States,SELL00495
ORD0004419,20-11-2024,CUST006006,Vivaan Kapoor,P00005,Laptop Sleeve,Clothing,FitLife,1,416.18,0,20.81,10.16,447.15,UPI,Delivered,Columbus,OH,United States,SELL00199
ORD0004420,05-06-2023,CUST010308,Aman Kumar,P00018,Vacuum Cleaner,Home & Kitchen,BrightLux,5,351.34,0.05,83.44,5.8,1758.1,Credit Card,Delivered,Charlotte,NC,United States,SELL01685
ORD0004421,30-01-2023,CUST021945,Neha Reddy,P00020,Office Chair,Sports & Outdoors,ReadMore,2,368.53,0,88.45,3.78,829.29,Cash on Delivery,Delivered,New York,NY,United States,SELL01014
ORD0004422,29-05-2024,CUST045309,Aarav Verma,P00011,Fitness Band,Books,NexPro,4,137.52,0.05,41.81,0.5,564.89,Debit Card,Delivered,Phoenix,AZ,Australia,SELL00715
ORD0004423,11-12-2023,CUST017268,Sahil Singh,P00041,Webcam Full HD,Sports & Outdoors,KiddoFun,5,303.57,0,75.89,14.5,1608.24,Amazon Pay,Delivered,Chicago,IL,United States,SELL00452
ORD0004424,24-05-2023,CUST028317,Aarav Gupta,P00036,Smart Light Bulb,Sports & Outdoors,ReadMore,2,396.13,0,95.07,12.47,899.8,Credit Card,Delivered,Philadelphia,PA,United States,SELL00321
ORD0004425,10-02-2021,CUST021571,Rohit Kumar,P00013,Action Camera,Toys & Games,KiddoFun,4,447.92,0.05,136.17,3.44,1841.71,Amazon Pay,Delivered,Fort Worth,TX,United States,SELL00306
ORD0004426,02-02-2021,CUST022331,Ritika Joshi,P00003,Smartphone Case,Clothing,Apex,1,530.64,0,63.68,13.05,607.37,Credit Card,Returned,Seattle,WA,Australia,SELL01608
ORD0004427,15-12-2021,CUST012248,Aditya Reddy,P00018,Vacuum Cleaner,Clothing,HomeEase,2,346.37,0.05,52.65,2.53,713.28,Credit Card,Delivered,Denver,CO,United States,SELL01796
ORD0004428,04-12-2021,CUST035331,Kabir Patel,P00008,4K Monitor,Electronics,Zenith,3,299.91,0.1,97.17,0.19,907.12,Net Banking,Delivered,Phoenix,AZ,United States,SELL00875
ORD0004429,30-01-2022,CUST011246,Sunita Kapoor,P00005,Laptop Sleeve,Toys & Games,ReadMore,4,502.67,0.1,217.15,2.99,2029.75,Net Banking,Delivered,Charlotte,NC,United States,SELL00336
ORD0004430,13-05-2021,CUST043623,Vivaan Joshi,P00010,Smartwatch,Toys & Games,KiddoFun,1,432.52,0,77.85,13.95,524.32,Credit Card,Delivered,San Francisco,CA,India,SELL00606
ORD0004431,12-11-2024,CUST024731,Aarav Patel,P00026,Sunglasses,Sports & Outdoors,KiddoFun,5,286.35,0,0,4.28,1436.03,UPI,Shipped,Seattle,WA,United States,SELL01934
ORD0004432,28-01-2024,CUST021839,Karan Singh,P00048,Wireless Charger,Books,UrbanStyle,1,160.45,0,12.84,7.46,180.75,Credit Card,Delivered,Philadelphia,PA,United States,SELL01318
ORD0004433,10-09-2024,CUST043854,Karan Sharma,P00006,Gaming Mouse,Electronics,Apex,2,38.01,0.2,7.3,2.72,70.84,Debit Card,Delivered,San Jose,CA,United States,SELL01461
ORD0004434,31-08-2022,CUST033156,Aman Patel,P00050,Novel Bestseller,Electronics,NexPro,3,31.9,0.05,0,4.07,94.98,Net Banking,Shipped,Denver,CO,United States,SELL00394
ORD0004435,20-10-2024,CUST016388,Sunita Gupta,P00047,Memory Card 128GB,Books,ReadMore,3,187.55,0.15,57.39,2.45,538.09,Credit Card,Delivered,San Diego,CA,United States,SELL00639
ORD0004436,22-03-2020,CUST041945,Aditya Verma,P00036,Smart Light Bulb,Sports & Outdoors,Apex,5,510.72,0.15,108.53,9.65,2288.74,Credit Card,Delivered,Philadelphia,PA,United States,SELL00950
ORD0004437,26-08-2021,CUST002428,Vihaan Reddy,P00007,Mechanical Keyboard,Home & Kitchen,NexPro,2,82.26,0.25,22.21,13.83,159.43,Credit Card,Delivered,New York,NY,United States,SELL00295
ORD0004438,06-09-2024,CUST026315,Mohit Gupta,P00046,Car Charger,Toys & Games,UrbanStyle,4,98.82,0,19.76,8,423.04,Credit Card,Delivered,Los Angeles,CA,United States,SELL01512
ORD0004439,09-11-2024,CUST045089,Arjun Singh,P00037,Router,Clothing,UrbanStyle,2,223.25,0,35.72,7.72,489.94,Amazon Pay,Delivered,Denver,CO,United States,SELL01652
ORD0004440,10-02-2022,CUST017419,Pooja Verma,P00043,HDMI Cable 2m,Electronics,Zenith,5,478.84,0,119.71,5.56,2519.47,Amazon Pay,Delivered,Philadelphia,PA,United Kingdom,SELL00212
ORD0004441,21-06-2022,CUST049868,Arjun Gupta,P00037,Router,Toys & Games,FitLife,5,462.81,0,0,1.79,2315.84,Credit Card,Shipped,Austin,TX,India,SELL01441
ORD0004442,30-12-2020,CUST024271,Karan Singh,P00011,Fitness Band,Sports & Outdoors,FitLife,3,317.7,0.05,72.44,1.28,979.16,Cash on Delivery,Delivered,Fort Worth,TX,United States,SELL00895
ORD0004443,11-06-2020,CUST034301,Vivaan Kapoor,P00040,Microphone,Clothing,HomeEase,4,517.51,0.3,260.83,10.31,1720.17,Credit Card,Returned,Chicago,IL,United States,SELL00247
ORD0004444,07-12-2022,CUST006329,Anjali Singh,P00018,Vacuum Cleaner,Electronics,BrightLux,2,293.92,0,47.03,14.46,649.33,Credit Card,Delivered,Houston,TX,United States,SELL01173
ORD0004445,25-05-2021,CUST042138,Aarav Sharma,P00022,Water Bottle,Toys & Games,ReadMore,1,6.95,0.05,0.53,4.29,11.42,Credit Card,Delivered,Seattle,WA,United States,SELL01365
ORD0004446,14-09-2023,CUST045912,Priya Mehta,P00022,Water Bottle,Books,KiddoFun,3,109.99,0,16.5,13.4,359.87,Debit Card,Delivered,Fort Worth,TX,United States,SELL00071
ORD0004447,25-04-2020,CUST001903,Vihaan Patel,P00013,Action Camera,Books,FitLife,1,15.43,0.05,0.73,1.74,17.13,Cash on Delivery,Delivered,Austin,TX,United States,SELL00374
ORD0004448,29-07-2022,CUST017306,Arjun Mehta,P00008,4K Monitor,Sports & Outdoors,KiddoFun,1,86.94,0.1,6.26,10.48,94.99,UPI,Delivered,Chicago,IL,India,SELL00678
ORD0004449,02-12-2020,CUST000694,Anjali Gupta,P00018,Vacuum Cleaner,Home & Kitchen,Zenith,1,39.65,0.2,2.54,5.52,39.78,Net Banking,Pending,Columbus,OH,India,SELL00305
ORD0004450,30-05-2022,CUST047616,Sunita Verma,P00004,USB-C Charger,Electronics,ReadMore,2,56,0,20.16,9.5,141.66,UPI,Returned,San Francisco,CA,United States,SELL01519
ORD0004451,06-01-2022,CUST041627,Vivaan Kumar,P00004,USB-C Charger,Toys & Games,Apex,1,131.98,0.15,5.61,5.81,123.6,Cash on Delivery,Pending,New York,NY,United States,SELL00705
ORD0004452,19-04-2022,CUST017636,Sneha Kapoor,P00022,Water Bottle,Sports & Outdoors,FitLife,1,452.02,0.05,51.53,14.32,495.27,Debit Card,Delivered,Fort Worth,TX,United States,SELL00728
ORD0004453,26-05-2020,CUST031195,Ritika Kumar,P00048,Wireless Charger,Home & Kitchen,KiddoFun,1,409.53,0,73.72,9.93,493.18,Net Banking,Delivered,New York,NY,United States,SELL01183
ORD0004454,17-05-2024,CUST049254,Neha Reddy,P00050,Novel Bestseller,Clothing,Zenith,5,234.69,0.05,133.77,5.62,1254.17,UPI,Delivered,Jacksonville,FL,United States,SELL00658
ORD0004455,08-09-2023,CUST022198,Aman Mehta,P00030,Dress Shirt,Sports & Outdoors,Zenith,1,146.02,0.25,13.14,5.73,128.39,Debit Card,Delivered,Houston,TX,United States,SELL01775
ORD0004456,18-03-2021,CUST045314,Vihaan Gupta,P00045,Phone Tripod,Sports & Outdoors,Zenith,3,475.21,0,71.28,9.42,1506.33,Credit Card,Shipped,Houston,TX,United States,SELL01118
ORD0004457,16-04-2022,CUST049111,Vivaan Patel,P00005,Laptop Sleeve,Home & Kitchen,NexPro,1,78.67,0.2,11.33,11.31,85.58,Credit Card,Delivered,Seattle,WA,United States,SELL00957
ORD0004458,02-11-2022,CUST034569,Simran Reddy,P00041,Webcam Full HD,Sports & Outdoors,Zenith,4,243.7,0.05,74.08,12.6,1012.74,Amazon Pay,Delivered,Chicago,IL,India,SELL00364
ORD0004459,31-07-2022,CUST032840,Karan Verma,P00049,Children's Book,Home & Kitchen,UrbanStyle,2,330.56,0.1,47.6,5.37,647.98,UPI,Delivered,Jacksonville,FL,United States,SELL00278
ORD0004460,26-02-2024,CUST024051,Neha Sharma,P00019,LED Desk Lamp,Home & Kitchen,KiddoFun,1,181.34,0.1,19.58,9.88,192.67,Amazon Pay,Shipped,New York,NY,United States,SELL00606
ORD0004461,20-09-2024,CUST047464,Karan Kumar,P00001,Wireless Earbuds,Books,Zenith,5,65.26,0,58.73,5.28,390.31,Credit Card,Delivered,Seattle,WA,Canada,SELL00218
ORD0004462,13-10-2020,CUST017268,Aarav Gupta,P00025,Running Shoes,Books,ReadMore,3,269.53,0,145.55,12.89,967.03,Credit Card,Pending,Chicago,IL,India,SELL00464
ORD0004463,20-12-2021,CUST035818,Sahil Kapoor,P00012,Noise Cancelling Headphones,Electronics,Apex,3,323.41,0,77.62,1.31,1049.16,Net Banking,Delivered,Jacksonville,FL,United States,SELL00461
ORD0004464,11-02-2023,CUST036672,Vihaan Kumar,P00045,Phone Tripod,Clothing,BrightLux,5,209.07,0.05,119.17,0.77,1113.02,Amazon Pay,Delivered,San Jose,CA,United States,SELL00420
ORD0004465,24-04-2021,CUST007409,Sahil Singh,P00046,Car Charger,Sports & Outdoors,Zenith,5,235.81,0.1,84.89,9.57,1155.6,UPI,Delivered,Chicago,IL,United States,SELL01623
ORD0004466,22-01-2020,CUST028787,Priya Kapoor,P00028,Jeans,Clothing,BrightLux,1,517.82,0.1,55.92,3.57,525.53,Amazon Pay,Delivered,Fort Worth,TX,United States,SELL00042
ORD0004467,04-10-2023,CUST029249,Karan Joshi,P00045,Phone Tripod,Home & Kitchen,HomeEase,2,397.46,0,39.75,10.78,845.45,Net Banking,Shipped,Charlotte,NC,United States,SELL01749
ORD0004468,15-10-2024,CUST024207,Aditya Reddy,P00035,Desk Plant,Books,ReadMore,1,545.48,0,27.27,12.24,584.99,Net Banking,Delivered,Chicago,IL,India,SELL00146
ORD0004469,13-11-2021,CUST021931,Rohit Singh,P00013,Action Camera,Sports & Outdoors,FitLife,5,528.17,0,316.9,12.15,2969.9,UPI,Pending,San Francisco,CA,United States,SELL01134
ORD0004470,08-05-2024,CUST009895,Vikas Reddy,P00002,Bluetooth Speaker,Books,NexPro,2,472.44,0,75.59,13.06,1033.53,Credit Card,Delivered,Chicago,IL,Canada,SELL01923
ORD0004471,24-06-2022,CUST038416,Mohit Kumar,P00043,HDMI Cable 2m,Clothing,NexPro,1,552.36,0.1,24.86,2.82,524.8,Credit Card,Delivered,Austin,TX,United States,SELL00925
ORD0004472,15-11-2020,CUST006691,Sahil Mehta,P00038,External HDD 2TB,Sports & Outdoors,UrbanStyle,3,82.35,0.05,42.25,3.11,280.06,Debit Card,Cancelled,Philadelphia,PA,United States,SELL00540
ORD0004473,05-05-2020,CUST014103,Sahil Joshi,P00020,Office Chair,Home & Kitchen,UrbanStyle,4,453.2,0.25,67.98,12.43,1440.01,Credit Card,Delivered,San Francisco,CA,United States,SELL00470
ORD0004474,03-10-2020,CUST003212,Vivaan Sharma,P00019,LED Desk Lamp,Clothing,CoreTech,3,26.25,0.05,8.98,6.45,90.24,Credit Card,Delivered,Indianapolis,IN,United States,SELL00221
ORD0004475,12-05-2023,CUST040888,Simran Kapoor,P00038,External HDD 2TB,Clothing,BrightLux,4,475.64,0.15,194.06,2.81,1814.05,Credit Card,Shipped,San Diego,CA,United States,SELL00230
ORD0004476,12-07-2020,CUST024304,Priya Singh,P00008,4K Monitor,Electronics,KiddoFun,3,515.06,0.05,73.4,1.89,1543.21,Debit Card,Delivered,Charlotte,NC,United States,SELL00871
ORD0004477,31-08-2024,CUST016692,Aarav Sharma,P00023,Cookware Set,Books,FitLife,3,456.48,0,246.5,1.61,1617.55,Credit Card,Delivered,San Antonio,TX,India,SELL00079
ORD0004478,14-08-2024,CUST013075,Neha Gupta,P00020,Office Chair,Sports & Outdoors,BrightLux,5,533.74,0,213.5,9.49,2891.69,Amazon Pay,Shipped,New York,NY,Canada,SELL00677
ORD0004479,19-04-2024,CUST010082,Kabir Gupta,P00032,Board Game,Home & Kitchen,FitLife,5,251.91,0,0,0.56,1260.11,UPI,Delivered,Phoenix,AZ,United States,SELL00163
ORD0004480,26-11-2021,CUST010174,Sunita Patel,P00038,External HDD 2TB,Sports & Outdoors,CoreTech,5,455.49,0,273.29,8.59,2559.33,Debit Card,Delivered,Austin,TX,United States,SELL01354
ORD0004481,02-08-2023,CUST037256,Rohit Kapoor,P00016,Air Fryer,Books,BrightLux,4,215.87,0,43.17,3.27,909.92,Credit Card,Delivered,Philadelphia,PA,United States,SELL01887
ORD0004482,26-02-2020,CUST046707,Aman Gupta,P00005,Laptop Sleeve,Clothing,ReadMore,2,97.38,0,9.74,10.17,214.67,Credit Card,Delivered,Denver,CO,United States,SELL01094
ORD0004483,23-10-2024,CUST016471,Vivaan Singh,P00027,Winter Jacket,Home & Kitchen,Zenith,2,201.08,0.15,27.35,6.82,376.01,Credit Card,Delivered,Columbus,OH,United States,SELL01942
ORD0004484,19-08-2023,CUST021883,Sahil Kapoor,P00021,Backpack,Electronics,HomeEase,5,132.53,0,33.13,10,705.78,Amazon Pay,Delivered,San Diego,CA,United States,SELL01991
ORD0004485,01-04-2023,CUST033634,Aditya Gupta,P00014,Drone Mini,Toys & Games,Zenith,1,323.87,0.15,22.02,6.69,304,Credit Card,Delivered,San Jose,CA,United States,SELL00994
ORD0004486,19-01-2020,CUST031813,Aditya Mehta,P00034,Desk Organizer,Sports & Outdoors,ReadMore,4,130.56,0.15,35.51,12.34,491.75,Amazon Pay,Delivered,San Antonio,TX,Canada,SELL01572
ORD0004487,25-10-2023,CUST011941,Vihaan Singh,P00001,Wireless Earbuds,Home & Kitchen,CoreTech,4,575.52,0.05,174.96,12.94,2374.88,Credit Card,Delivered,Philadelphia,PA,United States,SELL00058
ORD0004488,20-09-2020,CUST008345,Sahil Gupta,P00031,Kids Toy Car,Sports & Outdoors,BrightLux,5,336.45,0.05,287.66,4.94,1890.74,Amazon Pay,Delivered,Fort Worth,TX,United Kingdom,SELL01577
ORD0004489,04-03-2022,CUST023000,Karan Kumar,P00011,Fitness Band,Toys & Games,FitLife,5,11.49,0,10.34,8.09,75.88,Credit Card,Cancelled,Columbus,OH,United States,SELL00837
ORD0004490,22-04-2020,CUST019096,Kabir Reddy,P00008,4K Monitor,Electronics,NexPro,5,518.68,0,207.47,12.18,2813.05,Amazon Pay,Cancelled,Dallas,TX,United States,SELL00913
ORD0004491,20-02-2024,CUST000618,Anjali Patel,P00050,Novel Bestseller,Clothing,UrbanStyle,3,418.14,0.15,53.31,0.59,1120.16,Debit Card,Delivered,Columbus,OH,United States,SELL00349
ORD0004492,12-09-2023,CUST043298,Pooja Joshi,P00033,Puzzle 1000pc,Books,Zenith,4,254.86,0,81.56,9.49,1110.49,Cash on Delivery,Delivered,Fort Worth,TX,United States,SELL00404
ORD0004493,25-06-2021,CUST009711,Pooja Kumar,P00028,Jeans,Toys & Games,Zenith,5,139.38,0.1,50.18,5.57,682.96,Debit Card,Delivered,San Francisco,CA,United States,SELL01066
ORD0004494,08-10-2021,CUST003922,Anjali Patel,P00049,Children's Book,Books,UrbanStyle,3,387.5,0.15,79.05,8.43,1075.6,UPI,Cancelled,Denver,CO,India,SELL00149
ORD0004495,01-08-2021,CUST014220,Rohit Joshi,P00032,Board Game,Books,Zenith,1,237.76,0.2,0,4.33,194.54,UPI,Delivered,San Antonio,TX,Australia,SELL00842
ORD0004496,24-12-2022,CUST000938,Kabir Patel,P00020,Office Chair,Clothing,Apex,5,133.8,0.05,31.78,12.79,680.12,Credit Card,Delivered,Fort Worth,TX,Canada,SELL01277
ORD0004497,08-08-2023,CUST013159,Aarav Singh,P00026,Sunglasses,Sports & Outdoors,HomeEase,4,325.81,0,65.16,6.18,1374.58,Credit Card,Delivered,San Antonio,TX,United States,SELL00072
ORD0004498,25-01-2020,CUST001615,Aarav Kapoor,P00045,Phone Tripod,Sports & Outdoors,Apex,4,109.28,0.25,39.34,3.05,370.23,Debit Card,Delivered,New York,NY,United States,SELL01790
ORD0004499,21-04-2024,CUST007436,Neha Sharma,P00005,Laptop Sleeve,Home & Kitchen,Apex,1,52.48,0.05,0,3.61,53.47,Credit Card,Delivered,Chicago,IL,United States,SELL00216
ORD0004500,01-01-2020,CUST018909,Aarav Singh,P00016,Air Fryer,Toys & Games,FitLife,5,356.05,0.1,288.4,10.8,1901.42,Debit Card,Delivered,San Antonio,TX,United States,SELL00585
ORD0004501,29-06-2022,CUST048463,Karan Reddy,P00010,Smartwatch,Electronics,Zenith,4,129.86,0,25.97,0.71,546.12,Debit Card,Delivered,San Jose,CA,India,SELL01194
ORD0004502,21-04-2024,CUST022915,Neha Mehta,P00026,Sunglasses,Toys & Games,Zenith,2,131.26,0,13.13,13.57,289.22,Credit Card,Delivered,San Jose,CA,Canada,SELL01110
ORD0004503,20-05-2020,CUST036176,Sahil Verma,P00025,Running Shoes,Home & Kitchen,Zenith,4,436.13,0.25,104.67,3.35,1416.41,UPI,Delivered,Dallas,TX,United States,SELL01672
ORD0004504,02-11-2024,CUST044861,Aditya Reddy,P00045,Phone Tripod,Toys & Games,UrbanStyle,3,564.48,0,135.48,7.56,1836.48,Debit Card,Delivered,Austin,TX,Canada,SELL01405
ORD0004505,09-10-2021,CUST014803,Aarav Joshi,P00011,Fitness Band,Books,Apex,2,188.35,0.15,0,7.68,327.88,Debit Card,Delivered,San Antonio,TX,India,SELL00002
ORD0004506,06-07-2020,CUST036423,Vihaan Patel,P00025,Running Shoes,Home & Kitchen,NexPro,2,69.43,0.1,6.25,3.61,134.83,Debit Card,Cancelled,San Diego,CA,Canada,SELL01664
ORD0004507,25-02-2023,CUST001265,Sunita Kapoor,P00029,T-Shirt,Sports & Outdoors,UrbanStyle,1,245.87,0.05,28.03,12.58,274.19,UPI,Delivered,Fort Worth,TX,United States,SELL00713
ORD0004508,19-07-2020,CUST020708,Vikas Mehta,P00050,Novel Bestseller,Books,HomeEase,1,173.12,0.2,11.08,5.05,154.63,Credit Card,Delivered,Fort Worth,TX,United States,SELL01377
ORD0004509,24-02-2023,CUST018070,Mohit Sharma,P00030,Dress Shirt,Books,UrbanStyle,2,200.17,0.05,45.64,1.37,427.33,Debit Card,Delivered,Washington,DC,United States,SELL01855
ORD0004510,13-09-2020,CUST020553,Vihaan Joshi,P00033,Puzzle 1000pc,Electronics,NexPro,3,550.35,0,82.55,12.71,1746.31,Credit Card,Delivered,Fort Worth,TX,United States,SELL00384
ORD0004511,26-08-2024,CUST045052,Vikas Kumar,P00041,Webcam Full HD,Toys & Games,UrbanStyle,5,288.05,0.1,64.81,3.7,1364.74,Amazon Pay,Shipped,Indianapolis,IN,United States,SELL00763
ORD0004512,30-06-2021,CUST011522,Simran Sharma,P00037,Router,Sports & Outdoors,KiddoFun,2,149.36,0,23.9,3.28,325.9,Debit Card,Returned,Jacksonville,FL,United States,SELL01381
ORD0004513,12-07-2020,CUST046071,Sneha Sharma,P00011,Fitness Band,Books,UrbanStyle,1,466.28,0.05,35.44,14.05,492.46,Amazon Pay,Delivered,Houston,TX,Australia,SELL00539
ORD0004514,03-12-2021,CUST037087,Pooja Patel,P00045,Phone Tripod,Home & Kitchen,HomeEase,5,396.77,0,357.09,15,2355.94,Credit Card,Delivered,Austin,TX,India,SELL00056
ORD0004515,01-02-2023,CUST005646,Rohit Verma,P00005,Laptop Sleeve,Electronics,Zenith,2,344.44,0,55.11,3.77,747.76,UPI,Delivered,Dallas,TX,United States,SELL00109
ORD0004516,07-04-2024,CUST016869,Kabir Gupta,P00048,Wireless Charger,Sports & Outdoors,KiddoFun,5,156.31,0.05,89.1,12.52,844.09,Amazon Pay,Delivered,New York,NY,United States,SELL01362
ORD0004517,12-07-2023,CUST010431,Sneha Kumar,P00014,Drone Mini,Home & Kitchen,ReadMore,4,297.56,0,95.22,13.75,1299.21,Credit Card,Returned,Seattle,WA,India,SELL01224
ORD0004518,12-03-2022,CUST039178,Neha Patel,P00047,Memory Card 128GB,Electronics,Apex,1,571.66,0.05,27.15,0.47,570.7,Debit Card,Shipped,Washington,DC,Canada,SELL00186
ORD0004519,30-07-2022,CUST012845,Vivaan Gupta,P00013,Action Camera,Sports & Outdoors,Apex,3,525.09,0.05,119.72,4.57,1620.8,UPI,Delivered,Denver,CO,India,SELL00316
ORD0004520,08-11-2023,CUST025558,Neha Kapoor,P00003,Smartphone Case,Sports & Outdoors,BrightLux,4,45.01,0,14.4,4.87,199.31,Debit Card,Shipped,San Diego,CA,United States,SELL01578
ORD0004521,07-07-2023,CUST039128,Rohit Sharma,P00028,Jeans,Electronics,UrbanStyle,5,154.9,0.05,36.79,12.79,785.35,Credit Card,Delivered,Dallas,TX,United States,SELL00640
ORD0004522,17-02-2021,CUST032044,Rohit Mehta,P00043,HDMI Cable 2m,Sports & Outdoors,UrbanStyle,4,347.84,0,0,9.99,1401.35,Debit Card,Delivered,Chicago,IL,United States,SELL01814
ORD0004523,13-10-2023,CUST010386,Vihaan Gupta,P00037,Router,Electronics,ReadMore,2,51.64,0.2,4.13,9.58,96.33,UPI,Delivered,Austin,TX,United States,SELL00136
ORD0004524,03-01-2023,CUST014859,Ritika Reddy,P00047,Memory Card 128GB,Books,ReadMore,2,389.22,0.1,84.07,13.01,797.68,Credit Card,Pending,New York,NY,United Kingdom,SELL00486
ORD0004525,10-10-2023,CUST039666,Neha Singh,P00037,Router,Books,HomeEase,2,406.45,0,97.55,9.42,919.87,Net Banking,Pending,Seattle,WA,United Kingdom,SELL00360
ORD0004526,26-05-2024,CUST040118,Sahil Kumar,P00005,Laptop Sleeve,Electronics,FitLife,4,236.39,0,75.64,7.92,1029.12,Cash on Delivery,Delivered,San Francisco,CA,United States,SELL01016
ORD0004527,29-11-2024,CUST048620,Ritika Kapoor,P00002,Bluetooth Speaker,Books,HomeEase,1,82.96,0,9.96,13.42,106.34,Debit Card,Delivered,San Francisco,CA,United States,SELL00324
ORD0004528,28-06-2022,CUST005249,Ritika Singh,P00027,Winter Jacket,Electronics,Apex,3,29.8,0,4.47,1.24,95.11,Credit Card,Delivered,Austin,TX,United States,SELL00681
ORD0004529,06-07-2020,CUST002613,Aditya Kapoor,P00018,Vacuum Cleaner,Clothing,HomeEase,5,195.37,0.1,105.5,2.97,987.64,Amazon Pay,Delivered,Jacksonville,FL,United States,SELL00789
ORD0004530,04-09-2024,CUST005984,Arjun Verma,P00010,Smartwatch,Electronics,KiddoFun,1,361.31,0,28.9,5.8,396.01,UPI,Delivered,San Jose,CA,United States,SELL01907
ORD0004531,06-08-2023,CUST013345,Arjun Gupta,P00008,4K Monitor,Clothing,KiddoFun,5,310.06,0,279.05,6.04,1835.39,Credit Card,Delivered,Los Angeles,CA,India,SELL00199
ORD0004532,14-02-2020,CUST027015,Ritika Kumar,P00010,Smartwatch,Sports & Outdoors,Apex,4,342.79,0.05,104.21,10.63,1417.44,Amazon Pay,Delivered,New York,NY,Australia,SELL01806
ORD0004533,15-05-2024,CUST041043,Aman Gupta,P00022,Water Bottle,Toys & Games,NexPro,1,269.82,0.15,11.47,3.05,243.87,UPI,Delivered,Jacksonville,FL,United States,SELL00475
ORD0004534,23-03-2020,CUST003097,Rohit Sharma,P00006,Gaming Mouse,Clothing,Apex,3,99.98,0.1,48.59,7.2,325.74,Credit Card,Delivered,Austin,TX,United States,SELL01287
ORD0004535,20-02-2023,CUST029125,Sahil Kapoor,P00028,Jeans,Electronics,BrightLux,2,120.42,0.05,11.44,6.01,246.25,UPI,Delivered,Jacksonville,FL,United States,SELL01595
ORD0004536,23-12-2020,CUST023985,Pooja Reddy,P00024,Yoga Mat,Clothing,ReadMore,3,538.85,0,129.32,13.87,1759.74,Credit Card,Delivered,San Francisco,CA,United States,SELL01866
ORD0004537,31-03-2024,CUST037962,Simran Sharma,P00035,Desk Plant,Electronics,BrightLux,3,420.45,0.05,95.86,4.85,1298.99,Net Banking,Delivered,Phoenix,AZ,United States,SELL01595
ORD0004538,25-12-2022,CUST005764,Karan Sharma,P00015,Instant Pot,Toys & Games,HomeEase,3,430.68,0.3,72.35,9.77,986.55,Credit Card,Delivered,Jacksonville,FL,India,SELL00812
ORD0004539,24-07-2022,CUST026264,Anjali Mehta,P00002,Bluetooth Speaker,Books,UrbanStyle,2,272.84,0.15,37.11,13.73,514.67,UPI,Delivered,Washington,DC,United States,SELL01902
ORD0004540,07-08-2024,CUST035246,Karan Gupta,P00009,Portable SSD 1TB,Toys & Games,BrightLux,3,59.76,0.15,0,3.29,155.68,UPI,Delivered,Chicago,IL,United States,SELL01167
ORD0004541,09-01-2021,CUST011767,Vihaan Reddy,P00001,Wireless Earbuds,Home & Kitchen,UrbanStyle,4,381.02,0.05,72.39,12.05,1532.32,Credit Card,Delivered,Dallas,TX,India,SELL00430
ORD0004542,10-06-2020,CUST001990,Simran Joshi,P00029,T-Shirt,Home & Kitchen,BrightLux,3,453.63,0.2,130.65,10.47,1229.83,Credit Card,Delivered,Fort Worth,TX,India,SELL00388
ORD0004543,04-11-2024,CUST042380,Vikas Reddy,P00030,Dress Shirt,Toys & Games,UrbanStyle,3,349.08,0,125.67,2.01,1174.92,UPI,Delivered,Houston,TX,United States,SELL01405
ORD0004544,04-11-2023,CUST045758,Vivaan Kumar,P00046,Car Charger,Sports & Outdoors,CoreTech,4,567.6,0,181.63,12.21,2464.24,Credit Card,Delivered,Philadelphia,PA,United States,SELL01454
ORD0004545,06-08-2024,CUST041812,Vivaan Gupta,P00001,Wireless Earbuds,Books,NexPro,1,306.2,0.2,19.6,14.92,279.48,Net Banking,Pending,San Jose,CA,United States,SELL01168
ORD0004546,13-10-2023,CUST025036,Karan Reddy,P00033,Puzzle 1000pc,Books,BrightLux,4,267.89,0,128.59,0.96,1201.11,Debit Card,Delivered,Jacksonville,FL,United States,SELL00057
ORD0004547,26-04-2023,CUST040254,Simran Patel,P00042,Projector Mini,Home & Kitchen,UrbanStyle,5,540.77,0.05,128.43,8.1,2705.19,Credit Card,Delivered,Denver,CO,United States,SELL00303
ORD0004548,17-11-2020,CUST046398,Aarav Mehta,P00027,Winter Jacket,Clothing,ReadMore,2,41.27,0,6.6,12.5,101.64,Net Banking,Delivered,San Antonio,TX,United States,SELL01090
ORD0004549,25-03-2021,CUST026188,Rohit Patel,P00033,Puzzle 1000pc,Toys & Games,BrightLux,4,171.53,0,34.31,9.82,730.25,UPI,Delivered,Seattle,WA,United States,SELL00909
ORD0004550,06-02-2024,CUST021946,Aditya Kapoor,P00049,Children's Book,Toys & Games,Zenith,2,576.42,0.05,87.62,6.05,1188.87,Credit Card,Pending,Charlotte,NC,United States,SELL01451
ORD0004551,02-11-2022,CUST039078,Aarav Kumar,P00021,Backpack,Books,UrbanStyle,4,364.13,0,116.52,14.03,1587.07,Amazon Pay,Pending,Chicago,IL,India,SELL00368
ORD0004552,02-07-2020,CUST021956,Karan Verma,P00043,HDMI Cable 2m,Books,Apex,3,80.41,0.25,14.47,6.51,201.9,UPI,Shipped,Indianapolis,IN,United States,SELL00281
ORD0004553,20-04-2020,CUST039057,Sneha Kumar,P00016,Air Fryer,Home & Kitchen,UrbanStyle,3,65.14,0.1,21.11,9.4,206.39,Net Banking,Delivered,Indianapolis,IN,United States,SELL00018
ORD0004554,22-05-2021,CUST010762,Mohit Patel,P00007,Mechanical Keyboard,Electronics,ReadMore,5,504.71,0.2,161.51,8.01,2188.36,UPI,Delivered,Denver,CO,India,SELL00446
ORD0004555,06-08-2023,CUST044321,Priya Verma,P00004,USB-C Charger,Toys & Games,NexPro,1,300.17,0,24.01,14.32,338.5,UPI,Delivered,Chicago,IL,India,SELL00462
ORD0004556,21-10-2020,CUST007205,Vihaan Sharma,P00039,Graphic Tablet,Books,FitLife,4,293.31,0.15,79.78,6.65,1083.68,Amazon Pay,Shipped,Columbus,OH,United Kingdom,SELL01119
ORD0004557,14-01-2024,CUST020892,Neha Mehta,P00007,Mechanical Keyboard,Home & Kitchen,ReadMore,5,589.14,0.25,265.11,11.9,2486.28,Amazon Pay,Delivered,Indianapolis,IN,United Kingdom,SELL01235
ORD0004558,22-06-2022,CUST008578,Aarav Kapoor,P00025,Running Shoes,Clothing,BrightLux,4,107.24,0.1,30.89,5.78,422.73,Credit Card,Delivered,Charlotte,NC,United States,SELL01859
ORD0004559,23-05-2023,CUST048046,Anjali Gupta,P00006,Gaming Mouse,Clothing,Apex,2,264.62,0,0,6.18,535.42,Credit Card,Delivered,New York,NY,United States,SELL01586
ORD0004560,31-08-2022,CUST004134,Sneha Verma,P00001,Wireless Earbuds,Home & Kitchen,Zenith,5,492.58,0,0,4.73,2467.63,Amazon Pay,Delivered,San Francisco,CA,Canada,SELL01277
ORD0004561,23-09-2021,CUST015893,Neha Kumar,P00004,USB-C Charger,Books,Zenith,1,552.6,0.05,26.25,2.27,553.49,Net Banking,Delivered,Seattle,WA,Canada,SELL01836
ORD0004562,09-05-2024,CUST030881,Anjali Sharma,P00039,Graphic Tablet,Sports & Outdoors,BrightLux,4,200.45,0,40.09,11.08,852.97,UPI,Delivered,Austin,TX,United States,SELL01821
ORD0004563,16-11-2022,CUST023770,Anjali Reddy,P00019,LED Desk Lamp,Toys & Games,Zenith,2,518.99,0.3,87.19,9.49,823.27,Cash on Delivery,Shipped,Charlotte,NC,India,SELL01158
ORD0004564,11-07-2024,CUST027892,Sneha Verma,P00021,Backpack,Home & Kitchen,UrbanStyle,2,132.31,0.2,10.58,0.52,222.8,Debit Card,Delivered,San Antonio,TX,United States,SELL01752
ORD0004565,02-01-2022,CUST019499,Kabir Kapoor,P00042,Projector Mini,Electronics,ReadMore,5,21.58,0.15,4.59,8.91,105.21,Debit Card,Delivered,Houston,TX,United States,SELL00571
ORD0004566,08-06-2023,CUST034934,Simran Verma,P00013,Action Camera,Electronics,Apex,3,62.59,0,22.53,8.78,219.08,Credit Card,Delivered,Philadelphia,PA,United States,SELL00104
ORD0004567,07-05-2024,CUST019038,Simran Kapoor,P00003,Smartphone Case,Home & Kitchen,ReadMore,5,203.51,0.15,103.79,13.4,982.11,Amazon Pay,Cancelled,Charlotte,NC,United Kingdom,SELL01573
ORD0004568,16-11-2020,CUST025924,Vihaan Verma,P00023,Cookware Set,Electronics,HomeEase,5,172.81,0.05,65.67,2.82,889.34,Amazon Pay,Delivered,San Jose,CA,United States,SELL01481
ORD0004569,01-07-2022,CUST000198,Vivaan Sharma,P00019,LED Desk Lamp,Sports & Outdoors,NexPro,2,291.12,0,29.11,1.31,612.66,Amazon Pay,Pending,San Jose,CA,India,SELL01830
ORD0004570,10-06-2023,CUST042466,Sunita Patel,P00043,HDMI Cable 2m,Sports & Outdoors,CoreTech,1,453.48,0.05,21.54,6.54,458.89,Net Banking,Delivered,Los Angeles,CA,India,SELL01379
ORD0004571,20-08-2024,CUST022779,Aditya Singh,P00044,Power Bank 20000mAh,Clothing,FitLife,5,304.66,0.2,219.36,9.23,1447.23,Amazon Pay,Delivered,Jacksonville,FL,India,SELL01881
ORD0004572,12-03-2021,CUST009209,Vivaan Joshi,P00015,Instant Pot,Toys & Games,Apex,3,402.07,0.05,137.51,9.17,1292.58,Debit Card,Delivered,San Francisco,CA,United States,SELL00948
ORD0004573,19-02-2022,CUST002516,Vivaan Gupta,P00020,Office Chair,Books,FitLife,2,154.81,0.05,35.3,6.02,335.46,Amazon Pay,Shipped,San Antonio,TX,India,SELL00780
ORD0004574,05-04-2024,CUST025408,Kabir Mehta,P00012,Noise Cancelling Headphones,Toys & Games,FitLife,3,220.45,0.2,42.33,4.35,575.76,Debit Card,Delivered,San Antonio,TX,Australia,SELL01268
ORD0004575,27-11-2023,CUST031869,Aditya Verma,P00028,Jeans,Sports & Outdoors,ReadMore,2,338.73,0,54.2,2.5,734.16,Debit Card,Delivered,San Antonio,TX,United States,SELL01150
ORD0004576,12-12-2022,CUST048719,Vivaan Reddy,P00008,4K Monitor,Home & Kitchen,Apex,2,497.65,0,49.76,8.6,1053.66,Amazon Pay,Delivered,Seattle,WA,United States,SELL01646
ORD0004577,15-12-2024,CUST007671,Vivaan Gupta,P00023,Cookware Set,Clothing,UrbanStyle,5,475.62,0.05,0,5.02,2264.21,Credit Card,Delivered,Denver,CO,United States,SELL00279
ORD0004578,29-08-2023,CUST018417,Sunita Mehta,P00004,USB-C Charger,Sports & Outdoors,HomeEase,2,162.87,0,26.06,11.05,362.85,Credit Card,Delivered,Philadelphia,PA,United States,SELL01687
ORD0004579,28-07-2023,CUST016023,Vihaan Kapoor,P00028,Jeans,Clothing,FitLife,1,215.13,0.05,24.52,5.03,233.92,Credit Card,Shipped,Indianapolis,IN,United States,SELL00988
ORD0004580,26-12-2021,CUST017642,Karan Kumar,P00043,HDMI Cable 2m,Electronics,FitLife,3,478.24,0,71.74,0.01,1506.47,Cash on Delivery,Delivered,Dallas,TX,United States,SELL01941
ORD0004581,31-01-2020,CUST022601,Kabir Kapoor,P00028,Jeans,Toys & Games,HomeEase,4,304.01,0.3,68.1,3.99,923.32,Net Banking,Delivered,San Diego,CA,United States,SELL00671
ORD0004582,02-12-2020,CUST015723,Aarav Joshi,P00043,HDMI Cable 2m,Home & Kitchen,KiddoFun,2,371.27,0.2,0,3.05,597.08,Debit Card,Shipped,Columbus,OH,Canada,SELL01357
ORD0004583,01-07-2020,CUST005282,Sunita Joshi,P00004,USB-C Charger,Books,ReadMore,5,400.62,0,240.37,3.36,2246.83,Credit Card,Delivered,Los Angeles,CA,United States,SELL01560
ORD0004584,12-11-2022,CUST005019,Karan Kapoor,P00032,Board Game,Electronics,KiddoFun,4,296.75,0.05,202.98,0.57,1331.2,Credit Card,Cancelled,Los Angeles,CA,Canada,SELL00296
ORD0004585,27-06-2021,CUST029392,Kabir Verma,P00033,Puzzle 1000pc,Home & Kitchen,FitLife,1,415.28,0.1,29.9,4.65,408.3,Amazon Pay,Delivered,Chicago,IL,United States,SELL00417
ORD0004586,09-01-2024,CUST029956,Anjali Sharma,P00021,Backpack,Sports & Outdoors,FitLife,3,503.32,0.2,96.64,8.62,1313.23,Debit Card,Shipped,Austin,TX,United States,SELL00317
ORD0004587,02-01-2023,CUST031196,Simran Reddy,P00004,USB-C Charger,Toys & Games,KiddoFun,1,282.67,0.05,21.48,14.07,304.09,Debit Card,Delivered,Phoenix,AZ,United States,SELL01723
ORD0004588,30-10-2022,CUST016721,Anjali Kapoor,P00027,Winter Jacket,Sports & Outdoors,ReadMore,5,412.59,0.05,156.78,0.27,2116.85,UPI,Delivered,Dallas,TX,United States,SELL00749
ORD0004589,16-02-2024,CUST005609,Rohit Verma,P00041,Webcam Full HD,Electronics,Apex,4,597.96,0,287.02,9.41,2688.27,Amazon Pay,Delivered,Columbus,OH,United States,SELL00200
ORD0004590,19-01-2024,CUST014028,Vihaan Sharma,P00016,Air Fryer,Toys & Games,FitLife,1,299.12,0,14.96,12.45,326.53,UPI,Delivered,San Jose,CA,United States,SELL01569
ORD0004591,08-05-2024,CUST037061,Kabir Verma,P00006,Gaming Mouse,Toys & Games,BrightLux,2,211.15,0,33.78,3.77,459.85,Credit Card,Delivered,Los Angeles,CA,United States,SELL01965
ORD0004592,06-05-2024,CUST017379,Ritika Kumar,P00039,Graphic Tablet,Books,HomeEase,4,337.46,0.2,86.39,10.85,1177.11,Credit Card,Delivered,Seattle,WA,United States,SELL00150
ORD0004593,21-10-2021,CUST011494,Ritika Singh,P00024,Yoga Mat,Books,FitLife,3,171.67,0.25,0,0.95,387.21,Amazon Pay,Delivered,Phoenix,AZ,United States,SELL00161
ORD0004594,08-06-2020,CUST049127,Aman Gupta,P00007,Mechanical Keyboard,Electronics,Apex,5,239.68,0.05,56.92,7.71,1203.11,Credit Card,Delivered,San Jose,CA,United States,SELL01284
ORD0004595,03-11-2022,CUST000100,Vikas Mehta,P00047,Memory Card 128GB,Clothing,ReadMore,5,451.57,0.15,230.3,7.44,2156.91,Credit Card,Delivered,Philadelphia,PA,United States,SELL00622
ORD0004596,16-04-2023,CUST047710,Neha Kapoor,P00034,Desk Organizer,Sports & Outdoors,KiddoFun,3,165.33,0.05,37.7,3.02,511.91,Debit Card,Shipped,Indianapolis,IN,United States,SELL01562
ORD0004597,15-02-2021,CUST018495,Simran Singh,P00013,Action Camera,Clothing,ReadMore,5,317.37,0,79.34,12.94,1679.13,Amazon Pay,Delivered,Phoenix,AZ,United States,SELL00263
ORD0004598,08-10-2022,CUST027534,Sneha Singh,P00030,Dress Shirt,Home & Kitchen,ReadMore,5,568.06,0.1,204.5,1.51,2762.28,UPI,Shipped,Chicago,IL,United States,SELL00312
ORD0004599,22-02-2020,CUST035100,Vivaan Sharma,P00004,USB-C Charger,Books,CoreTech,3,373.95,0.2,44.87,8.07,950.42,Amazon Pay,Shipped,Washington,DC,United States,SELL00938
ORD0004600,11-02-2021,CUST048917,Arjun Gupta,P00020,Office Chair,Home & Kitchen,ReadMore,5,499.44,0.15,254.71,11.98,2389.31,Amazon Pay,Delivered,Charlotte,NC,United States,SELL00217
ORD0004601,26-04-2022,CUST024558,Ritika Mehta,P00011,Fitness Band,Home & Kitchen,NexPro,3,188.07,0,45.14,2.85,612.2,UPI,Delivered,Charlotte,NC,India,SELL00810
ORD0004602,11-11-2022,CUST046679,Aman Patel,P00023,Cookware Set,Home & Kitchen,BrightLux,5,523.79,0,130.95,3.18,2753.08,UPI,Delivered,Charlotte,NC,India,SELL01340
ORD0004603,19-11-2022,CUST040074,Priya Kapoor,P00028,Jeans,Toys & Games,BrightLux,1,342.83,0.05,16.28,8.35,350.32,Amazon Pay,Delivered,Austin,TX,United States,SELL00493
ORD0004604,03-12-2021,CUST014874,Sahil Singh,P00014,Drone Mini,Sports & Outdoors,Zenith,1,269.98,0.1,12.15,7.95,263.08,Net Banking,Pending,San Francisco,CA,India,SELL01006
ORD0004605,16-09-2020,CUST046370,Arjun Joshi,P00015,Instant Pot,Clothing,Zenith,1,149.67,0,11.97,1.64,163.28,UPI,Delivered,Columbus,OH,United States,SELL00841
ORD0004606,13-05-2023,CUST005890,Priya Kapoor,P00029,T-Shirt,Toys & Games,Apex,4,212.5,0.05,40.38,1.05,848.93,Amazon Pay,Delivered,Phoenix,AZ,United States,SELL00339
ORD0004607,18-12-2022,CUST000991,Anjali Gupta,P00050,Novel Bestseller,Home & Kitchen,CoreTech,3,41.79,0.15,5.33,1.97,113.86,Debit Card,Delivered,San Jose,CA,United States,SELL00342
ORD0004608,03-02-2024,CUST018859,Vikas Sharma,P00048,Wireless Charger,Books,HomeEase,1,230.72,0,11.54,6.06,248.32,UPI,Delivered,San Antonio,TX,United States,SELL01392
ORD0004609,14-02-2022,CUST045807,Aman Kapoor,P00005,Laptop Sleeve,Books,Apex,5,74.36,0.25,0,10.43,289.28,Debit Card,Delivered,Dallas,TX,India,SELL01123
ORD0004610,29-01-2024,CUST049195,Arjun Sharma,P00029,T-Shirt,Toys & Games,Zenith,3,412.15,0,61.82,14.48,1312.75,Debit Card,Shipped,Jacksonville,FL,United States,SELL01481
ORD0004611,01-11-2022,CUST034804,Sneha Reddy,P00022,Water Bottle,Electronics,FitLife,3,100.6,0,15.09,12.4,329.29,Credit Card,Shipped,Houston,TX,United States,SELL01721
ORD0004612,12-07-2024,CUST019764,Sahil Sharma,P00026,Sunglasses,Electronics,BrightLux,5,232.94,0.2,111.81,7.13,1050.7,Amazon Pay,Delivered,Jacksonville,FL,United States,SELL01546
ORD0004613,06-08-2023,CUST009838,Karan Patel,P00016,Air Fryer,Toys & Games,UrbanStyle,2,91.01,0,9.1,2.53,193.65,Credit Card,Cancelled,Jacksonville,FL,United States,SELL00427
ORD0004614,29-04-2022,CUST028549,Rohit Kumar,P00026,Sunglasses,Clothing,HomeEase,3,255.95,0.25,103.66,7.81,687.36,UPI,Pending,San Francisco,CA,United States,SELL01013
ORD0004615,18-11-2024,CUST004243,Rohit Verma,P00034,Desk Organizer,Sports & Outdoors,KiddoFun,4,66.91,0,48.18,7.75,323.57,UPI,Delivered,Fort Worth,TX,United States,SELL01755
ORD0004616,19-12-2020,CUST012190,Anjali Kumar,P00014,Drone Mini,Books,FitLife,4,160.72,0,32.14,14.43,689.45,Credit Card,Delivered,Dallas,TX,United States,SELL01287
ORD0004617,20-07-2024,CUST021297,Neha Joshi,P00014,Drone Mini,Sports & Outdoors,KiddoFun,2,66.71,0.15,13.61,2.64,129.66,Credit Card,Delivered,San Francisco,CA,United Kingdom,SELL01132
ORD0004618,03-01-2023,CUST042687,Kabir Patel,P00030,Dress Shirt,Home & Kitchen,Zenith,1,299.14,0.1,32.31,10.52,312.06,Credit Card,Delivered,Denver,CO,United States,SELL00608
ORD0004619,22-05-2022,CUST019572,Ritika Kapoor,P00031,Kids Toy Car,Toys & Games,FitLife,1,204.89,0,24.59,14.16,243.64,Cash on Delivery,Delivered,Phoenix,AZ,United States,SELL00333
ORD0004620,05-10-2024,CUST026065,Anjali Kapoor,P00030,Dress Shirt,Home & Kitchen,BrightLux,3,148.81,0.05,21.21,12.55,457.87,Credit Card,Delivered,Seattle,WA,United States,SELL01850
ORD0004621,03-05-2024,CUST003741,Priya Mehta,P00040,Microphone,Home & Kitchen,HomeEase,5,266.76,0.15,136.05,12.56,1282.34,Credit Card,Cancelled,Chicago,IL,Canada,SELL01014
ORD0004622,02-06-2024,CUST049996,Anjali Singh,P00015,Instant Pot,Books,UrbanStyle,3,190.44,0,28.57,10.39,610.28,Amazon Pay,Delivered,Chicago,IL,United States,SELL00554
ORD0004623,04-01-2024,CUST048072,Vihaan Joshi,P00025,Running Shoes,Books,FitLife,2,282.95,0.05,43.01,4.84,585.45,Amazon Pay,Pending,Phoenix,AZ,United States,SELL01002
ORD0004624,17-09-2022,CUST019663,Vivaan Joshi,P00040,Microphone,Clothing,FitLife,1,232.03,0,11.6,7.77,251.4,Credit Card,Delivered,Austin,TX,India,SELL00220
ORD0004625,18-06-2023,CUST007266,Sneha Sharma,P00033,Puzzle 1000pc,Home & Kitchen,KiddoFun,4,463.67,0.2,0,1.89,1485.63,Credit Card,Delivered,Chicago,IL,India,SELL01997
ORD0004626,14-10-2022,CUST031772,Sneha Kumar,P00040,Microphone,Electronics,HomeEase,3,510.74,0.05,116.45,9.49,1581.55,Cash on Delivery,Delivered,San Antonio,TX,United States,SELL01698
ORD0004627,23-03-2023,CUST028885,Simran Kapoor,P00042,Projector Mini,Home & Kitchen,BrightLux,2,49.41,0.05,4.69,3.92,102.49,Credit Card,Delivered,Jacksonville,FL,India,SELL01653
ORD0004628,14-12-2024,CUST022453,Rohit Kumar,P00042,Projector Mini,Clothing,CoreTech,3,323.69,0.15,41.27,2.43,869.11,Amazon Pay,Delivered,San Jose,CA,United States,SELL00532
ORD0004629,24-01-2023,CUST018680,Neha Patel,P00035,Desk Plant,Books,UrbanStyle,1,42.25,0,0,4.19,46.44,Credit Card,Delivered,Dallas,TX,United States,SELL01741
ORD0004630,15-10-2024,CUST019282,Sunita Kumar,P00034,Desk Organizer,Clothing,CoreTech,5,569.45,0.1,307.5,6.41,2876.44,Credit Card,Delivered,Denver,CO,United States,SELL01809
ORD0004631,20-10-2020,CUST030232,Sunita Singh,P00048,Wireless Charger,Toys & Games,UrbanStyle,4,177.98,0.05,33.82,0.52,710.66,Debit Card,Delivered,Houston,TX,United Kingdom,SELL01109
ORD0004632,27-07-2020,CUST003928,Aarav Patel,P00047,Memory Card 128GB,Sports & Outdoors,Apex,2,366.44,0.25,98.94,11.55,660.15,Cash on Delivery,Pending,Dallas,TX,United States,SELL00868
ORD0004633,28-09-2023,CUST007500,Aarav Verma,P00016,Air Fryer,Electronics,ReadMore,1,114.99,0,9.2,5.17,129.36,Debit Card,Delivered,Austin,TX,United States,SELL00853
ORD0004634,16-01-2023,CUST011201,Vikas Sharma,P00012,Noise Cancelling Headphones,Books,NexPro,4,149.29,0.05,45.38,1.48,614.16,Debit Card,Delivered,Chicago,IL,United States,SELL00405
ORD0004635,28-03-2022,CUST019492,Sahil Verma,P00019,LED Desk Lamp,Toys & Games,HomeEase,1,27.85,0,2.23,7.91,37.99,Amazon Pay,Delivered,Philadelphia,PA,Australia,SELL01128
ORD0004636,04-12-2024,CUST028576,Arjun Gupta,P00038,External HDD 2TB,Electronics,BrightLux,1,327.55,0,26.2,6.33,360.08,Credit Card,Delivered,Seattle,WA,United States,SELL00759
ORD0004637,24-01-2021,CUST028058,Simran Kumar,P00033,Puzzle 1000pc,Books,BrightLux,3,53.4,0,8.01,6.3,174.51,Credit Card,Cancelled,Fort Worth,TX,Australia,SELL00400
ORD0004638,20-11-2020,CUST035000,Ritika Patel,P00003,Smartphone Case,Toys & Games,HomeEase,4,208.29,0.1,37.49,10.7,798.03,Credit Card,Delivered,San Francisco,CA,India,SELL00361
ORD0004639,28-07-2022,CUST008259,Vivaan Sharma,P00018,Vacuum Cleaner,Books,CoreTech,5,276,0.1,99.36,7.4,1348.76,Debit Card,Delivered,San Francisco,CA,United States,SELL00164
ORD0004640,07-06-2022,CUST002081,Rohit Kumar,P00010,Smartwatch,Home & Kitchen,Apex,1,464.96,0.15,0,2.99,398.21,Credit Card,Delivered,Denver,CO,United States,SELL01636
ORD0004641,26-03-2023,CUST038055,Priya Singh,P00045,Phone Tripod,Sports & Outdoors,Zenith,5,340.22,0.1,76.55,11.05,1618.59,UPI,Delivered,San Francisco,CA,India,SELL00407
ORD0004642,29-10-2021,CUST031060,Sneha Gupta,P00030,Dress Shirt,Toys & Games,ReadMore,5,246.33,0.3,155.19,11.9,1029.25,Net Banking,Shipped,Austin,TX,Canada,SELL01290
ORD0004643,01-08-2024,CUST042508,Mohit Patel,P00042,Projector Mini,Clothing,FitLife,1,433.93,0,34.71,5.38,474.02,Net Banking,Delivered,Los Angeles,CA,United States,SELL00348
ORD0004644,24-09-2021,CUST017653,Sahil Kumar,P00018,Vacuum Cleaner,Toys & Games,NexPro,3,295.05,0.1,39.83,2.11,838.58,Credit Card,Delivered,Dallas,TX,United States,SELL01953
ORD0004645,30-07-2021,CUST037460,Mohit Kumar,P00039,Graphic Tablet,Sports & Outdoors,Zenith,2,178.72,0.15,24.31,14.33,342.46,Debit Card,Delivered,Phoenix,AZ,United States,SELL00571
ORD0004646,30-06-2024,CUST025425,Aarav Singh,P00021,Backpack,Sports & Outdoors,Apex,2,373.48,0.15,50.79,7.09,692.8,UPI,Delivered,Phoenix,AZ,United States,SELL00210
ORD0004647,09-08-2024,CUST030763,Pooja Verma,P00013,Action Camera,Toys & Games,UrbanStyle,1,363.29,0.05,0,11.4,356.53,Net Banking,Delivered,Chicago,IL,United States,SELL00860
ORD0004648,16-05-2020,CUST039531,Aarav Singh,P00049,Children's Book,Books,UrbanStyle,3,206.86,0,31.03,11.75,663.36,Amazon Pay,Shipped,Jacksonville,FL,United States,SELL01049
ORD0004649,24-08-2024,CUST024077,Sunita Verma,P00040,Microphone,Books,NexPro,2,189.37,0,30.3,4.28,413.32,UPI,Delivered,Columbus,OH,United States,SELL01504
ORD0004650,03-03-2021,CUST031177,Anjali Kumar,P00048,Wireless Charger,Clothing,ReadMore,1,308,0.2,44.35,5.32,296.07,Amazon Pay,Delivered,Fort Worth,TX,United States,SELL01735
ORD0004651,15-01-2024,CUST000602,Priya Joshi,P00027,Winter Jacket,Books,KiddoFun,4,194.6,0,93.41,12.93,884.74,Amazon Pay,Shipped,San Jose,CA,United States,SELL01705
ORD0004652,03-09-2021,CUST022644,Sneha Patel,P00006,Gaming Mouse,Electronics,Apex,1,209.63,0,10.48,7.57,227.68,Credit Card,Shipped,Charlotte,NC,United Kingdom,SELL00159
ORD0004653,29-06-2022,CUST039813,Vikas Singh,P00011,Fitness Band,Electronics,Zenith,1,143.17,0.15,21.91,8.28,151.88,Amazon Pay,Delivered,San Diego,CA,United States,SELL00932
ORD0004654,29-03-2022,CUST012394,Aman Kapoor,P00028,Jeans,Electronics,KiddoFun,5,161.14,0.15,54.79,12.08,751.71,Credit Card,Delivered,Philadelphia,PA,India,SELL01338
ORD0004655,20-05-2020,CUST021165,Karan Verma,P00037,Router,Electronics,HomeEase,5,231.95,0.05,198.32,4.85,1304.93,Debit Card,Cancelled,Charlotte,NC,United States,SELL00789
ORD0004656,11-01-2023,CUST025989,Vihaan Singh,P00007,Mechanical Keyboard,Home & Kitchen,CoreTech,3,374.66,0,89.92,12.33,1226.23,Amazon Pay,Delivered,Los Angeles,CA,United States,SELL01853
ORD0004657,25-06-2020,CUST002583,Arjun Kumar,P00032,Board Game,Electronics,NexPro,2,212.96,0.2,17.04,7.18,364.96,Credit Card,Shipped,San Jose,CA,United States,SELL01065
ORD0004658,16-07-2020,CUST011043,Rohit Reddy,P00028,Jeans,Books,BrightLux,3,153.5,0.1,20.72,14.9,450.07,Amazon Pay,Delivered,Columbus,OH,United States,SELL00189
ORD0004659,15-09-2021,CUST026865,Sunita Patel,P00005,Laptop Sleeve,Clothing,Zenith,5,599.39,0.05,512.48,3.6,3363.18,Debit Card,Delivered,Los Angeles,CA,United States,SELL00975
ORD0004660,10-05-2024,CUST000096,Anjali Kapoor,P00026,Sunglasses,Electronics,NexPro,1,350.18,0,42.02,7.77,399.97,UPI,Delivered,Denver,CO,United States,SELL01493
ORD0004661,21-11-2021,CUST048438,Karan Kumar,P00004,USB-C Charger,Electronics,UrbanStyle,5,414.03,0.15,87.98,4.44,1852.05,Amazon Pay,Shipped,Fort Worth,TX,United States,SELL00831
ORD0004662,15-12-2023,CUST008426,Vivaan Kapoor,P00031,Kids Toy Car,Sports & Outdoors,Zenith,1,568,0.1,25.56,9.34,546.1,Credit Card,Shipped,Charlotte,NC,United States,SELL01788
ORD0004663,04-02-2021,CUST012977,Ritika Kumar,P00033,Puzzle 1000pc,Sports & Outdoors,CoreTech,3,238.74,0,85.95,5.76,807.93,Net Banking,Delivered,San Jose,CA,India,SELL01373
ORD0004664,17-09-2024,CUST004678,Sahil Gupta,P00024,Yoga Mat,Books,HomeEase,3,45.68,0,10.96,4.21,152.21,UPI,Delivered,Philadelphia,PA,United States,SELL01089
ORD0004665,15-04-2021,CUST046286,Arjun Patel,P00012,Noise Cancelling Headphones,Home & Kitchen,CoreTech,3,142.83,0.2,17.14,7.53,367.46,Credit Card,Shipped,Washington,DC,United States,SELL01471
ORD0004666,05-08-2020,CUST028792,Sneha Sharma,P00044,Power Bank 20000mAh,Electronics,HomeEase,3,402.97,0.15,82.21,2.95,1112.73,UPI,Delivered,Dallas,TX,United States,SELL01113
ORD0004667,17-07-2022,CUST016165,Pooja Singh,P00011,Fitness Band,Books,CoreTech,3,474.27,0.1,153.66,5.84,1440.03,Cash on Delivery,Cancelled,Seattle,WA,United States,SELL00862
ORD0004668,18-10-2024,CUST023159,Aman Kapoor,P00010,Smartwatch,Toys & Games,UrbanStyle,1,481.39,0.15,32.73,12.08,453.99,Amazon Pay,Delivered,Charlotte,NC,United States,SELL01301
ORD0004669,23-09-2021,CUST019193,Neha Kumar,P00041,Webcam Full HD,Toys & Games,BrightLux,1,366.9,0,18.34,4.85,390.09,Debit Card,Delivered,Fort Worth,TX,United States,SELL00955
ORD0004670,08-08-2022,CUST034004,Aditya Joshi,P00032,Board Game,Toys & Games,HomeEase,3,192.03,0.1,25.92,5.07,549.47,Credit Card,Delivered,Phoenix,AZ,Canada,SELL00801
ORD0004671,24-06-2022,CUST048008,Kabir Verma,P00039,Graphic Tablet,Home & Kitchen,Apex,3,486.73,0,175.22,11.25,1646.66,Credit Card,Delivered,Chicago,IL,United Kingdom,SELL01314
ORD0004672,23-06-2020,CUST040956,Mohit Reddy,P00013,Action Camera,Sports & Outdoors,HomeEase,1,456.63,0.05,34.7,8.01,476.51,Debit Card,Shipped,New York,NY,Canada,SELL00441
ORD0004673,23-01-2020,CUST015033,Sunita Reddy,P00023,Cookware Set,Toys & Games,Zenith,1,351.77,0,28.14,8.16,388.07,Credit Card,Delivered,Philadelphia,PA,United States,SELL01681
ORD0004674,14-10-2024,CUST046576,Vikas Joshi,P00041,Webcam Full HD,Electronics,FitLife,3,238.89,0.25,26.88,10.36,574.74,Credit Card,Delivered,Austin,TX,United States,SELL00975
ORD0004675,22-08-2020,CUST045895,Aman Joshi,P00011,Fitness Band,Sports & Outdoors,KiddoFun,2,579.03,0.15,78.75,10.62,1073.72,Credit Card,Delivered,San Jose,CA,Canada,SELL00052
ORD0004676,02-11-2022,CUST026812,Mohit Patel,P00022,Water Bottle,Clothing,Zenith,4,69.49,0,13.9,9.29,301.15,Credit Card,Shipped,San Diego,CA,United States,SELL01530
ORD0004677,29-01-2023,CUST024994,Vikas Reddy,P00023,Cookware Set,Books,HomeEase,2,558.62,0,134.07,2.31,1253.62,UPI,Delivered,Phoenix,AZ,United States,SELL00118
ORD0004678,17-07-2022,CUST016937,Neha Joshi,P00006,Gaming Mouse,Sports & Outdoors,UrbanStyle,2,372.04,0.25,0,3.82,561.88,Debit Card,Delivered,Washington,DC,United States,SELL01694
ORD0004679,08-04-2024,CUST018972,Neha Gupta,P00045,Phone Tripod,Toys & Games,KiddoFun,5,337.41,0,134.96,14.99,1837,Credit Card,Shipped,San Francisco,CA,Australia,SELL00001
ORD0004680,06-06-2021,CUST040735,Ritika Mehta,P00027,Winter Jacket,Toys & Games,FitLife,4,515.84,0,165.07,7.56,2235.99,UPI,Shipped,Columbus,OH,United States,SELL00839
ORD0004681,13-12-2024,CUST040469,Ritika Sharma,P00037,Router,Electronics,HomeEase,3,264.25,0,95.13,12.08,899.96,Credit Card,Delivered,San Jose,CA,Canada,SELL01722
ORD0004682,15-01-2024,CUST021578,Rohit Kumar,P00014,Drone Mini,Electronics,CoreTech,3,505.17,0.15,103.05,10.35,1401.58,Debit Card,Delivered,Charlotte,NC,United Kingdom,SELL00255
ORD0004683,06-03-2021,CUST028467,Rohit Joshi,P00046,Car Charger,Home & Kitchen,FitLife,2,240.45,0.1,0,5.13,437.94,UPI,Delivered,Phoenix,AZ,India,SELL00858
ORD0004684,03-03-2022,CUST030106,Sneha Mehta,P00014,Drone Mini,Toys & Games,UrbanStyle,5,82.98,0.2,26.55,6.56,365.03,Credit Card,Delivered,Chicago,IL,United States,SELL01089
ORD0004685,17-06-2024,CUST004066,Rohit Gupta,P00018,Vacuum Cleaner,Clothing,Zenith,2,253.07,0,60.74,3.46,570.34,Credit Card,Delivered,San Francisco,CA,United States,SELL01360
ORD0004686,02-10-2024,CUST008723,Karan Mehta,P00010,Smartwatch,Books,HomeEase,1,584.48,0.15,59.62,1.56,557.99,Credit Card,Delivered,Charlotte,NC,United States,SELL01019
ORD0004687,16-06-2021,CUST030470,Ritika Singh,P00029,T-Shirt,Sports & Outdoors,FitLife,2,350.65,0,56.1,7.52,764.92,Credit Card,Delivered,Phoenix,AZ,United States,SELL00347
ORD0004688,05-09-2022,CUST015375,Vikas Gupta,P00010,Smartwatch,Toys & Games,Apex,2,435.17,0.05,41.34,10.34,878.5,Credit Card,Delivered,Columbus,OH,United Kingdom,SELL01815
ORD0004689,12-10-2024,CUST046702,Sahil Verma,P00047,Memory Card 128GB,Sports & Outdoors,Zenith,1,333.95,0.2,32.06,13.08,312.3,Amazon Pay,Delivered,Austin,TX,United States,SELL00069
ORD0004690,02-08-2024,CUST043132,Arjun Verma,P00026,Sunglasses,Toys & Games,BrightLux,1,195.98,0.15,8.33,12.76,187.67,Credit Card,Shipped,Houston,TX,United States,SELL01373
ORD0004691,09-08-2023,CUST013617,Priya Joshi,P00032,Board Game,Electronics,BrightLux,2,340.79,0.2,65.43,1.44,612.13,Credit Card,Delivered,New York,NY,United States,SELL00204
ORD0004692,20-03-2022,CUST003090,Aman Patel,P00022,Water Bottle,Sports & Outdoors,BrightLux,5,387.86,0,96.97,11.39,2047.66,Credit Card,Delivered,Seattle,WA,United States,SELL00468
ORD0004693,01-07-2022,CUST006228,Sneha Kapoor,P00022,Water Bottle,Clothing,CoreTech,1,338.71,0,60.97,6.55,406.23,Credit Card,Shipped,Denver,CO,India,SELL01886
ORD0004694,29-01-2023,CUST004801,Vivaan Joshi,P00029,T-Shirt,Sports & Outdoors,ReadMore,4,330.53,0,105.77,13.9,1441.79,Credit Card,Shipped,Washington,DC,United States,SELL00058
ORD0004695,05-03-2024,CUST000918,Aman Kapoor,P00037,Router,Toys & Games,CoreTech,1,331.97,0,16.6,9.32,357.89,Debit Card,Delivered,San Francisco,CA,United States,SELL01925
ORD0004696,20-08-2023,CUST044220,Anjali Mehta,P00013,Action Camera,Books,Zenith,3,264.76,0.05,60.37,7.96,822.9,Debit Card,Delivered,Los Angeles,CA,United States,SELL00384
ORD0004697,20-05-2022,CUST014704,Simran Joshi,P00015,Instant Pot,Toys & Games,NexPro,1,191.55,0.1,8.62,9.39,190.41,Cash on Delivery,Delivered,Jacksonville,FL,United States,SELL01774
ORD0004698,23-06-2021,CUST024274,Karan Mehta,P00022,Water Bottle,Toys & Games,KiddoFun,1,541.46,0,27.07,0.78,569.31,UPI,Shipped,New York,NY,Canada,SELL00837
ORD0004699,20-10-2022,CUST022922,Vikas Joshi,P00004,USB-C Charger,Clothing,Apex,4,373.1,0,0,3.27,1495.67,UPI,Delivered,Denver,CO,India,SELL01059
ORD0004700,25-04-2024,CUST002068,Anjali Gupta,P00009,Portable SSD 1TB,Home & Kitchen,Zenith,5,337.8,0.1,121.61,8.16,1649.87,Debit Card,Delivered,Charlotte,NC,United States,SELL00694
ORD0004701,10-10-2023,CUST025596,Sunita Sharma,P00015,Instant Pot,Books,Zenith,2,353.03,0,84.73,7.5,798.29,Cash on Delivery,Delivered,San Jose,CA,India,SELL01012
ORD0004702,19-08-2023,CUST026600,Mohit Joshi,P00003,Smartphone Case,Books,HomeEase,4,555.12,0.15,94.37,0.97,1982.75,Net Banking,Delivered,Philadelphia,PA,United States,SELL01551
ORD0004703,28-02-2024,CUST030662,Sneha Gupta,P00023,Cookware Set,Books,ReadMore,4,323.67,0,103.57,14.9,1413.15,Credit Card,Shipped,Los Angeles,CA,United States,SELL01506
ORD0004704,08-08-2024,CUST046843,Aditya Patel,P00039,Graphic Tablet,Clothing,Apex,4,339.63,0.15,0,12.1,1166.84,Debit Card,Delivered,Washington,DC,United States,SELL00999
ORD0004705,26-11-2024,CUST025917,Aditya Gupta,P00021,Backpack,Toys & Games,CoreTech,5,398.35,0,99.59,13.54,2104.88,Credit Card,Delivered,Houston,TX,United States,SELL00108
ORD0004706,14-08-2020,CUST035173,Aman Reddy,P00015,Instant Pot,Books,ReadMore,2,549.46,0,87.91,1.38,1188.21,Debit Card,Shipped,Los Angeles,CA,United States,SELL01241
ORD0004707,13-06-2023,CUST023702,Sahil Verma,P00018,Vacuum Cleaner,Toys & Games,NexPro,1,218.6,0.05,10.38,9.07,227.12,UPI,Shipped,San Francisco,CA,United Kingdom,SELL01129
ORD0004708,22-05-2022,CUST008964,Pooja Kumar,P00004,USB-C Charger,Electronics,CoreTech,3,300.76,0.2,57.75,12.32,791.89,Amazon Pay,Delivered,Los Angeles,CA,United States,SELL00235
ORD0004709,10-06-2022,CUST046675,Vihaan Verma,P00050,Novel Bestseller,Toys & Games,HomeEase,4,404.19,0,129.34,8.88,1754.98,Amazon Pay,Delivered,Los Angeles,CA,India,SELL00154
ORD0004710,18-01-2024,CUST031133,Aditya Patel,P00040,Microphone,Toys & Games,Zenith,2,196.28,0.05,18.65,2.82,394.4,UPI,Cancelled,Fort Worth,TX,India,SELL00095
ORD0004711,02-11-2022,CUST014394,Vivaan Reddy,P00030,Dress Shirt,Sports & Outdoors,NexPro,5,12.59,0,5.04,12.53,80.52,Net Banking,Shipped,Chicago,IL,United States,SELL01765
ORD0004712,28-07-2020,CUST048182,Rohit Patel,P00022,Water Bottle,Sports & Outdoors,BrightLux,5,230.43,0.15,48.97,0.8,1029.1,Credit Card,Pending,San Francisco,CA,United States,SELL01358
ORD0004713,10-01-2022,CUST021865,Rohit Patel,P00030,Dress Shirt,Home & Kitchen,KiddoFun,2,451.99,0.1,65.09,11.61,890.28,Debit Card,Delivered,Fort Worth,TX,India,SELL00892
ORD0004714,31-01-2021,CUST049869,Pooja Gupta,P00024,Yoga Mat,Toys & Games,BrightLux,4,485.94,0.05,147.73,1.51,1995.81,Net Banking,Delivered,San Jose,CA,United States,SELL00526
ORD0004715,28-01-2023,CUST029095,Pooja Kumar,P00050,Novel Bestseller,Home & Kitchen,Zenith,3,9.7,0.1,2.1,6.99,35.28,Credit Card,Delivered,Los Angeles,CA,United States,SELL01119
ORD0004716,31-01-2020,CUST042041,Kabir Singh,P00028,Jeans,Clothing,HomeEase,5,410.16,0.1,221.49,9.66,2076.87,Credit Card,Returned,Houston,TX,United States,SELL01952
ORD0004717,16-06-2022,CUST020544,Sahil Gupta,P00021,Backpack,Toys & Games,ReadMore,1,7.67,0.05,0.36,2.76,10.41,Debit Card,Delivered,Dallas,TX,United States,SELL00335
ORD0004718,31-03-2024,CUST048732,Aarav Gupta,P00042,Projector Mini,Clothing,Apex,5,462.2,0,184.88,5.77,2501.65,Amazon Pay,Delivered,Washington,DC,United States,SELL00056
ORD0004719,10-10-2021,CUST039198,Priya Patel,P00042,Projector Mini,Home & Kitchen,BrightLux,3,593.79,0,89.07,12.75,1883.19,Amazon Pay,Delivered,Dallas,TX,United States,SELL01519
ORD0004720,24-11-2020,CUST022870,Sunita Mehta,P00036,Smart Light Bulb,Clothing,KiddoFun,2,560.65,0,89.7,8.16,1219.16,UPI,Returned,Jacksonville,FL,United States,SELL00893
ORD0004721,04-04-2023,CUST035325,Ritika Sharma,P00004,USB-C Charger,Sports & Outdoors,HomeEase,2,486.68,0.05,46.23,1.34,972.26,Amazon Pay,Cancelled,San Antonio,TX,United States,SELL00661
ORD0004722,22-01-2024,CUST034226,Neha Reddy,P00033,Puzzle 1000pc,Clothing,NexPro,4,238.43,0.15,64.85,7.54,883.05,Credit Card,Shipped,Seattle,WA,United States,SELL01616
ORD0004723,09-08-2022,CUST019986,Arjun Mehta,P00001,Wireless Earbuds,Sports & Outdoors,FitLife,5,74.32,0,29.73,4.17,405.5,Credit Card,Delivered,Denver,CO,United States,SELL00170
ORD0004724,28-01-2023,CUST003838,Sneha Kumar,P00009,Portable SSD 1TB,Toys & Games,KiddoFun,1,283.61,0.05,13.47,11.04,293.94,Credit Card,Shipped,Jacksonville,FL,United States,SELL01500
ORD0004725,12-09-2021,CUST024657,Rohit Joshi,P00018,Vacuum Cleaner,Electronics,HomeEase,4,369.9,0.15,62.88,0.32,1320.86,Amazon Pay,Delivered,Houston,TX,United States,SELL01826
ORD0004726,11-04-2023,CUST024415,Sneha Reddy,P00041,Webcam Full HD,Clothing,UrbanStyle,2,530.94,0,127.43,5.87,1195.18,UPI,Shipped,Charlotte,NC,India,SELL00487
ORD0004727,07-11-2024,CUST020380,Ritika Reddy,P00004,USB-C Charger,Home & Kitchen,CoreTech,3,590.76,0.05,303.06,14.3,2001.03,Amazon Pay,Delivered,Phoenix,AZ,United States,SELL00701
ORD0004728,10-06-2020,CUST002696,Simran Joshi,P00028,Jeans,Electronics,Zenith,3,378.03,0,90.73,6.08,1230.9,Debit Card,Delivered,Los Angeles,CA,United States,SELL01978
ORD0004729,17-10-2024,CUST004512,Anjali Verma,P00030,Dress Shirt,Toys & Games,KiddoFun,1,432.54,0,34.6,2.7,469.84,Credit Card,Delivered,Austin,TX,United States,SELL01000
ORD0004730,14-02-2022,CUST027243,Anjali Kumar,P00002,Bluetooth Speaker,Clothing,CoreTech,4,555.58,0.05,253.34,11.67,2376.21,Credit Card,Delivered,Los Angeles,CA,Australia,SELL01416
ORD0004731,10-07-2023,CUST043142,Karan Mehta,P00007,Mechanical Keyboard,Books,NexPro,1,6.25,0.2,0,1.19,6.19,Debit Card,Delivered,San Jose,CA,India,SELL01655
ORD0004732,30-09-2020,CUST039798,Rohit Joshi,P00050,Novel Bestseller,Books,UrbanStyle,1,74.69,0.2,0,2.59,62.34,Cash on Delivery,Delivered,Seattle,WA,United States,SELL01847
ORD0004733,23-10-2022,CUST016342,Simran Reddy,P00033,Puzzle 1000pc,Home & Kitchen,KiddoFun,5,519.81,0,207.92,2.08,2809.05,UPI,Shipped,Houston,TX,United States,SELL01960
ORD0004734,17-11-2022,CUST020264,Aarav Patel,P00006,Gaming Mouse,Home & Kitchen,CoreTech,3,239.46,0.2,28.74,5.35,608.79,Amazon Pay,Returned,Phoenix,AZ,United States,SELL01158
ORD0004735,21-11-2020,CUST003763,Arjun Kapoor,P00003,Smartphone Case,Toys & Games,ReadMore,5,305.05,0.05,0,11.98,1460.97,UPI,Delivered,San Francisco,CA,United Kingdom,SELL01592
ORD0004736,28-07-2022,CUST029231,Arjun Gupta,P00027,Winter Jacket,Electronics,HomeEase,1,335.51,0.25,12.58,6.44,270.65,Credit Card,Delivered,Jacksonville,FL,United States,SELL00467
ORD0004737,18-03-2023,CUST032991,Aarav Joshi,P00040,Microphone,Home & Kitchen,HomeEase,5,562.55,0.05,133.61,2.82,2808.54,Credit Card,Delivered,San Jose,CA,United States,SELL01723
ORD0004738,23-06-2021,CUST014451,Vikas Patel,P00026,Sunglasses,Home & Kitchen,ReadMore,1,479.84,0,38.39,12.17,530.4,Credit Card,Delivered,San Francisco,CA,United States,SELL00971
ORD0004739,02-05-2021,CUST014662,Sneha Mehta,P00036,Smart Light Bulb,Books,HomeEase,1,178.07,0.05,8.46,13.68,191.31,Credit Card,Delivered,Indianapolis,IN,United States,SELL00072
ORD0004740,01-04-2022,CUST022724,Karan Mehta,P00049,Children's Book,Sports & Outdoors,NexPro,4,79.93,0,57.55,9.55,386.82,Debit Card,Pending,Houston,TX,Canada,SELL00217
ORD0004741,01-01-2024,CUST017399,Sahil Gupta,P00005,Laptop Sleeve,Books,ReadMore,4,32.24,0,6.45,5.34,140.75,Debit Card,Delivered,Seattle,WA,United States,SELL00878
ORD0004742,24-12-2022,CUST033787,Anjali Kapoor,P00008,4K Monitor,Electronics,HomeEase,1,89.81,0,7.18,3.43,100.42,Amazon Pay,Delivered,Charlotte,NC,India,SELL01052
ORD0004743,21-12-2020,CUST018681,Aarav Kapoor,P00010,Smartwatch,Clothing,Zenith,3,29.23,0.15,5.96,2.31,82.81,UPI,Pending,Seattle,WA,United States,SELL00084
ORD0004744,05-04-2024,CUST041186,Vivaan Singh,P00033,Puzzle 1000pc,Home & Kitchen,CoreTech,3,273.36,0.05,140.23,4.19,923.5,UPI,Delivered,Dallas,TX,United States,SELL01210
ORD0004745,29-06-2023,CUST031170,Arjun Patel,P00036,Smart Light Bulb,Clothing,HomeEase,5,44.44,0.15,9.44,13.14,211.45,Net Banking,Shipped,Jacksonville,FL,United States,SELL00242
ORD0004746,22-08-2020,CUST027702,Ritika Kapoor,P00018,Vacuum Cleaner,Clothing,Zenith,2,24.23,0,3.88,0.04,52.38,Amazon Pay,Delivered,Washington,DC,United States,SELL01410
ORD0004747,14-08-2020,CUST031465,Kabir Kapoor,P00028,Jeans,Sports & Outdoors,Apex,3,418.96,0,100.55,14.4,1371.83,Credit Card,Delivered,Denver,CO,India,SELL01151
ORD0004748,28-03-2024,CUST037351,Sunita Mehta,P00021,Backpack,Toys & Games,ReadMore,5,471.15,0.1,381.63,3.13,2504.94,Credit Card,Shipped,Washington,DC,Canada,SELL01856
ORD0004749,29-08-2023,CUST005270,Rohit Mehta,P00048,Wireless Charger,Electronics,NexPro,4,416.81,0.05,79.19,9.88,1672.95,Amazon Pay,Delivered,Columbus,OH,United Kingdom,SELL01310
ORD0004750,18-02-2020,CUST016069,Aditya Reddy,P00007,Mechanical Keyboard,Toys & Games,Apex,1,523.95,0.05,39.82,1.66,539.23,UPI,Delivered,Philadelphia,PA,United States,SELL00835
ORD0004751,27-04-2020,CUST011320,Sunita Kumar,P00027,Winter Jacket,Toys & Games,BrightLux,2,572.4,0,91.58,14.64,1251.02,UPI,Delivered,Fort Worth,TX,United States,SELL01414
ORD0004752,23-02-2020,CUST020332,Neha Verma,P00026,Sunglasses,Clothing,Apex,4,540.67,0.2,207.62,14.57,1952.33,Credit Card,Delivered,Dallas,TX,United States,SELL01377
ORD0004753,31-07-2024,CUST039122,Anjali Kapoor,P00019,LED Desk Lamp,Home & Kitchen,Apex,1,114.5,0,9.16,4.39,128.05,Credit Card,Delivered,Charlotte,NC,United States,SELL01239
ORD0004754,18-07-2021,CUST004412,Simran Gupta,P00043,HDMI Cable 2m,Toys & Games,BrightLux,2,378.41,0.2,48.44,8.08,661.98,Amazon Pay,Delivered,Austin,TX,United States,SELL00646
ORD0004755,03-12-2022,CUST009779,Aditya Singh,P00001,Wireless Earbuds,Books,KiddoFun,3,470.24,0,169.29,10.19,1590.2,UPI,Delivered,Seattle,WA,United States,SELL01587
ORD0004756,22-02-2020,CUST004496,Vihaan Reddy,P00029,T-Shirt,Clothing,KiddoFun,4,141.73,0.05,64.63,11.07,614.27,Debit Card,Delivered,Fort Worth,TX,United States,SELL01872
ORD0004757,28-05-2024,CUST042476,Mohit Sharma,P00003,Smartphone Case,Electronics,CoreTech,1,160.03,0.1,7.2,14.97,166.2,UPI,Delivered,Philadelphia,PA,United States,SELL01869
ORD0004758,11-07-2021,CUST021632,Kabir Joshi,P00050,Novel Bestseller,Sports & Outdoors,BrightLux,4,224.21,0,161.43,5.55,1063.82,Debit Card,Delivered,San Diego,CA,United States,SELL00146
ORD0004759,28-03-2024,CUST024454,Aarav Singh,P00014,Drone Mini,Books,UrbanStyle,2,175.14,0,28.02,4.18,382.48,Amazon Pay,Delivered,Washington,DC,United States,SELL01191
ORD0004760,27-08-2024,CUST033537,Rohit Verma,P00020,Office Chair,Electronics,KiddoFun,4,586.96,0,422.61,12.28,2782.73,Debit Card,Shipped,Seattle,WA,United States,SELL00553
ORD0004761,30-01-2023,CUST024600,Sunita Gupta,P00001,Wireless Earbuds,Books,HomeEase,2,438.22,0.2,35.06,11.96,748.17,Credit Card,Delivered,San Francisco,CA,United States,SELL01357
ORD0004762,20-12-2024,CUST012619,Rohit Kumar,P00049,Children's Book,Home & Kitchen,HomeEase,4,590.81,0.05,112.25,14.17,2371.5,Cash on Delivery,Delivered,Chicago,IL,United States,SELL01749
ORD0004763,28-11-2024,CUST005291,Priya Reddy,P00015,Instant Pot,Clothing,NexPro,2,456.58,0.05,69.4,2.86,939.76,Amazon Pay,Delivered,Fort Worth,TX,United States,SELL01523
ORD0004764,17-05-2022,CUST045161,Aditya Joshi,P00015,Instant Pot,Clothing,KiddoFun,4,522.84,0.05,99.34,3.6,2089.73,Credit Card,Shipped,Los Angeles,CA,India,SELL01630
ORD0004765,01-02-2021,CUST012194,Vivaan Patel,P00004,USB-C Charger,Home & Kitchen,CoreTech,4,18.24,0,3.65,6.61,83.22,Credit Card,Delivered,Washington,DC,United States,SELL00763
ORD0004766,07-03-2023,CUST036061,Aman Sharma,P00003,Smartphone Case,Toys & Games,ReadMore,4,217.75,0.25,52.26,6.34,711.85,Credit Card,Delivered,New York,NY,United States,SELL00161
ORD0004767,05-11-2021,CUST006112,Mohit Patel,P00043,HDMI Cable 2m,Home & Kitchen,HomeEase,2,51.31,0,5.13,6.19,113.94,Debit Card,Delivered,New York,NY,India,SELL00303
ORD0004768,21-01-2021,CUST007225,Karan Mehta,P00043,HDMI Cable 2m,Sports & Outdoors,KiddoFun,2,197.6,0.2,15.81,5.65,337.62,Credit Card,Delivered,Philadelphia,PA,India,SELL00316
ORD0004769,20-04-2020,CUST048680,Mohit Verma,P00044,Power Bank 20000mAh,Electronics,BrightLux,2,558.02,0.1,120.53,10.19,1135.16,Amazon Pay,Delivered,Los Angeles,CA,United States,SELL01743
ORD0004770,05-09-2021,CUST025761,Arjun Reddy,P00018,Vacuum Cleaner,Books,KiddoFun,1,598.23,0.2,57.43,4.24,540.25,Credit Card,Delivered,Indianapolis,IN,Australia,SELL00083
ORD0004771,17-01-2020,CUST005228,Karan Joshi,P00030,Dress Shirt,Books,FitLife,4,432.67,0,207.68,1.64,1940,Credit Card,Returned,San Diego,CA,United States,SELL00164
ORD0004772,08-12-2024,CUST018497,Aditya Mehta,P00014,Drone Mini,Books,ReadMore,2,33.14,0.15,2.82,10.63,69.79,Credit Card,Delivered,San Jose,CA,United States,SELL00250
ORD0004773,20-04-2023,CUST035916,Rohit Singh,P00001,Wireless Earbuds,Books,HomeEase,3,17.78,0,4.27,7.83,65.44,Net Banking,Delivered,Chicago,IL,United States,SELL01225
ORD0004774,02-06-2022,CUST044078,Rohit Gupta,P00049,Children's Book,Clothing,ReadMore,3,98.03,0,14.7,0.22,309.01,Cash on Delivery,Delivered,Austin,TX,United States,SELL00570
ORD0004775,08-04-2024,CUST003948,Karan Joshi,P00018,Vacuum Cleaner,Home & Kitchen,CoreTech,1,315.43,0,0,7.64,323.07,Credit Card,Shipped,San Diego,CA,United States,SELL00209
ORD0004776,24-06-2021,CUST043458,Mohit Kapoor,P00007,Mechanical Keyboard,Clothing,Apex,4,520.62,0,249.9,10.11,2342.49,Debit Card,Delivered,Columbus,OH,United States,SELL00361
ORD0004777,19-06-2020,CUST038820,Ritika Gupta,P00041,Webcam Full HD,Electronics,BrightLux,4,301.76,0.15,123.12,10.05,1159.15,Amazon Pay,Delivered,Austin,TX,United States,SELL00710
ORD0004778,12-02-2021,CUST048875,Ritika Kumar,P00010,Smartwatch,Books,ReadMore,5,180.22,0.25,54.07,0.83,730.73,Amazon Pay,Delivered,Indianapolis,IN,United States,SELL01313
ORD0004779,09-01-2022,CUST009142,Aman Joshi,P00023,Cookware Set,Electronics,ReadMore,3,420.53,0,151.39,7.58,1420.56,Debit Card,Shipped,Jacksonville,FL,United States,SELL00682
ORD0004780,02-11-2023,CUST020914,Pooja Kumar,P00038,External HDD 2TB,Books,CoreTech,3,9.03,0,2.17,6.58,35.84,Credit Card,Delivered,San Diego,CA,India,SELL00158
ORD0004781,26-04-2023,CUST047027,Aarav Singh,P00007,Mechanical Keyboard,Home & Kitchen,NexPro,4,325.25,0,156.12,6.04,1463.16,Net Banking,Returned,Fort Worth,TX,United States,SELL00027
ORD0004782,07-05-2022,CUST025202,Simran Verma,P00046,Car Charger,Sports & Outdoors,HomeEase,2,232.29,0,0,5.93,470.51,Credit Card,Delivered,Austin,TX,United States,SELL00854
ORD0004783,17-08-2020,CUST040244,Sunita Kapoor,P00017,Electric Kettle,Home & Kitchen,KiddoFun,5,91.39,0.2,18.28,1.48,385.32,UPI,Shipped,San Jose,CA,United States,SELL01946
ORD0004784,28-04-2020,CUST031727,Sneha Reddy,P00023,Cookware Set,Sports & Outdoors,ReadMore,2,597,0,59.7,12.9,1266.6,Cash on Delivery,Returned,Denver,CO,Australia,SELL00081
ORD0004785,25-03-2023,CUST000405,Anjali Kapoor,P00032,Board Game,Electronics,FitLife,2,95.77,0,34.48,2.09,228.11,Cash on Delivery,Delivered,Jacksonville,FL,Australia,SELL00953
ORD0004786,22-02-2022,CUST005756,Neha Joshi,P00010,Smartwatch,Sports & Outdoors,HomeEase,4,592.77,0,189.69,14.55,2575.32,Credit Card,Delivered,Dallas,TX,India,SELL01777
ORD0004787,06-09-2024,CUST044830,Simran Kapoor,P00024,Yoga Mat,Sports & Outdoors,BrightLux,1,171.49,0.05,13.03,14.62,190.57,Credit Card,Shipped,Jacksonville,FL,United States,SELL00190
ORD0004788,09-04-2021,CUST024719,Vivaan Verma,P00025,Running Shoes,Sports & Outdoors,Zenith,4,84.37,0.05,16.03,10.65,347.29,Amazon Pay,Delivered,Austin,TX,United States,SELL00010
ORD0004789,13-04-2020,CUST036489,Priya Joshi,P00034,Desk Organizer,Clothing,UrbanStyle,2,438.13,0.1,63.09,12.16,863.88,UPI,Delivered,Austin,TX,United States,SELL01824
ORD0004790,15-06-2024,CUST019191,Vikas Gupta,P00010,Smartwatch,Home & Kitchen,CoreTech,4,419.51,0,201.36,14.99,1894.39,Debit Card,Delivered,Los Angeles,CA,United Kingdom,SELL00222
ORD0004791,28-11-2021,CUST049440,Sunita Kapoor,P00026,Sunglasses,Clothing,FitLife,4,473.24,0.1,136.29,2.74,1842.69,Amazon Pay,Delivered,San Francisco,CA,United States,SELL00231
ORD0004792,23-12-2024,CUST036936,Mohit Mehta,P00021,Backpack,Clothing,CoreTech,1,131.15,0,15.74,8.72,155.61,Debit Card,Delivered,Denver,CO,United States,SELL01964
ORD0004793,05-03-2024,CUST001819,Sneha Singh,P00009,Portable SSD 1TB,Electronics,NexPro,5,544.64,0,490.18,1.43,3214.81,Net Banking,Shipped,Austin,TX,United States,SELL00097
ORD0004794,12-09-2024,CUST037418,Kabir Mehta,P00024,Yoga Mat,Electronics,BrightLux,5,262.21,0.05,99.64,0.42,1345.56,Credit Card,Shipped,San Antonio,TX,United States,SELL00857
ORD0004795,01-09-2024,CUST021768,Simran Mehta,P00040,Microphone,Books,NexPro,2,317.63,0.1,28.59,2.5,602.82,Cash on Delivery,Delivered,Seattle,WA,United States,SELL01572
ORD0004796,18-09-2024,CUST011485,Mohit Kapoor,P00025,Running Shoes,Clothing,ReadMore,5,396.64,0,356.98,2.88,2343.06,UPI,Delivered,Fort Worth,TX,India,SELL01746
ORD0004797,23-06-2020,CUST034709,Vihaan Mehta,P00019,LED Desk Lamp,Electronics,NexPro,2,546.91,0,54.69,5.78,1154.29,Amazon Pay,Returned,Charlotte,NC,Canada,SELL01128
ORD0004798,23-10-2024,CUST030451,Vivaan Kumar,P00050,Novel Bestseller,Clothing,FitLife,3,52.39,0.2,10.06,7.26,143.06,Net Banking,Delivered,Dallas,TX,India,SELL01838
ORD0004799,14-01-2022,CUST033836,Mohit Gupta,P00007,Mechanical Keyboard,Electronics,KiddoFun,1,361.63,0,28.93,14.14,404.7,Credit Card,Pending,Los Angeles,CA,India,SELL01531
ORD0004800,24-08-2024,CUST033758,Sahil Gupta,P00026,Sunglasses,Books,Zenith,5,141.83,0,85.1,9.02,803.27,Credit Card,Cancelled,Los Angeles,CA,India,SELL00323
ORD0004801,15-12-2023,CUST008481,Aditya Kumar,P00019,LED Desk Lamp,Home & Kitchen,CoreTech,2,572.81,0.15,48.69,8.1,1030.57,UPI,Returned,Washington,DC,United States,SELL00586
ORD0004802,03-03-2023,CUST038912,Neha Mehta,P00041,Webcam Full HD,Sports & Outdoors,CoreTech,1,12.99,0,0.65,6.95,20.59,Amazon Pay,Delivered,Houston,TX,India,SELL01841
ORD0004803,15-11-2023,CUST044855,Sahil Verma,P00022,Water Bottle,Clothing,NexPro,2,410.95,0,0,3.17,825.07,Credit Card,Delivered,San Jose,CA,United States,SELL01761
ORD0004804,25-10-2024,CUST029453,Vikas Verma,P00006,Gaming Mouse,Sports & Outdoors,CoreTech,1,58.72,0,4.7,6.45,69.87,UPI,Delivered,New York,NY,United Kingdom,SELL01801
ORD0004805,04-03-2024,CUST003108,Vihaan Reddy,P00044,Power Bank 20000mAh,Electronics,UrbanStyle,4,8.07,0.05,1.53,6.58,38.78,Debit Card,Cancelled,Los Angeles,CA,United States,SELL01057
ORD0004806,26-10-2021,CUST037402,Anjali Mehta,P00028,Jeans,Electronics,NexPro,3,189.58,0.2,36.4,8.75,500.14,Credit Card,Shipped,Jacksonville,FL,India,SELL00475
ORD0004807,02-02-2020,CUST021604,Simran Singh,P00019,LED Desk Lamp,Sports & Outdoors,UrbanStyle,3,482.68,0.1,104.26,13.96,1421.46,Cash on Delivery,Delivered,Chicago,IL,United States,SELL01611
ORD0004808,24-02-2020,CUST017559,Pooja Kumar,P00011,Fitness Band,Clothing,FitLife,5,181.06,0.2,36.21,12.72,773.17,Credit Card,Delivered,Denver,CO,Australia,SELL01157
ORD0004809,02-06-2021,CUST025736,Aman Sharma,P00033,Puzzle 1000pc,Toys & Games,Zenith,1,576.58,0.15,39.21,3.92,533.22,UPI,Delivered,Columbus,OH,India,SELL00430
ORD0004810,25-01-2022,CUST042766,Simran Sharma,P00013,Action Camera,Clothing,Apex,1,370.64,0,18.53,13.35,402.52,Credit Card,Delivered,Houston,TX,India,SELL00657
ORD0004811,19-07-2024,CUST048408,Aditya Joshi,P00041,Webcam Full HD,Sports & Outdoors,FitLife,2,528.25,0.25,63.39,2.4,858.16,UPI,Pending,Phoenix,AZ,United States,SELL01587
ORD0004812,12-01-2020,CUST046455,Sunita Patel,P00018,Vacuum Cleaner,Sports & Outdoors,CoreTech,4,395.95,0,79.19,14.02,1677.01,Credit Card,Cancelled,Dallas,TX,United States,SELL00820
ORD0004813,31-03-2024,CUST019922,Sunita Kumar,P00028,Jeans,Books,BrightLux,5,436.62,0.05,165.92,9.62,2249.48,Debit Card,Delivered,Columbus,OH,United States,SELL00601
ORD0004814,20-12-2021,CUST023976,Sunita Sharma,P00022,Water Bottle,Books,ReadMore,2,180.1,0,64.84,5.46,430.5,Credit Card,Delivered,New York,NY,United States,SELL01241
ORD0004815,08-07-2021,CUST040549,Aarav Gupta,P00026,Sunglasses,Toys & Games,KiddoFun,2,362.89,0.05,82.74,5.21,777.44,UPI,Delivered,San Diego,CA,United States,SELL01457
ORD0004816,07-01-2021,CUST048246,Vihaan Singh,P00009,Portable SSD 1TB,Home & Kitchen,BrightLux,4,595.21,0.1,171.42,8.77,2322.95,UPI,Cancelled,Seattle,WA,United States,SELL01278
ORD0004817,28-04-2021,CUST032495,Anjali Joshi,P00002,Bluetooth Speaker,Electronics,Zenith,5,232.63,0.15,79.09,7.28,1075.05,Net Banking,Delivered,Indianapolis,IN,United States,SELL00565
ORD0004818,30-08-2022,CUST011220,Neha Joshi,P00016,Air Fryer,Books,KiddoFun,4,157.92,0,31.58,13.3,676.56,Credit Card,Delivered,Columbus,OH,United States,SELL01939
ORD0004819,28-07-2024,CUST029713,Aditya Verma,P00018,Vacuum Cleaner,Sports & Outdoors,FitLife,4,219.6,0.1,142.3,14.85,947.71,UPI,Delivered,Charlotte,NC,United States,SELL01144
ORD0004820,05-06-2023,CUST017028,Sahil Kumar,P00019,LED Desk Lamp,Sports & Outdoors,Zenith,2,433.12,0.15,88.36,5.31,829.97,UPI,Delivered,Fort Worth,TX,United States,SELL01547
ORD0004821,14-09-2021,CUST030293,Simran Singh,P00006,Gaming Mouse,Sports & Outdoors,FitLife,4,76.4,0.1,33,10.35,318.39,UPI,Delivered,Dallas,TX,United States,SELL01308
ORD0004822,02-11-2020,CUST022228,Neha Gupta,P00049,Children's Book,Books,UrbanStyle,2,500.96,0.05,47.59,10.6,1010.01,Debit Card,Delivered,Los Angeles,CA,India,SELL01242
ORD0004823,01-04-2021,CUST024429,Mohit Singh,P00029,T-Shirt,Home & Kitchen,NexPro,2,119.28,0.15,24.33,7.51,234.62,Net Banking,Delivered,Austin,TX,Canada,SELL01208
ORD0004824,08-06-2020,CUST037743,Aarav Kapoor,P00037,Router,Books,Apex,4,355.78,0,71.16,14.26,1508.54,Credit Card,Delivered,Columbus,OH,United Kingdom,SELL00213
ORD0004825,26-11-2020,CUST012393,Vihaan Singh,P00011,Fitness Band,Home & Kitchen,Apex,3,75.97,0.1,0,1.18,206.3,Credit Card,Delivered,Phoenix,AZ,United States,SELL01476
ORD0004826,14-02-2022,CUST047953,Priya Verma,P00018,Vacuum Cleaner,Toys & Games,NexPro,1,208.06,0.25,7.8,7.63,171.48,Cash on Delivery,Delivered,Fort Worth,TX,United Kingdom,SELL00938
ORD0004827,12-08-2020,CUST031785,Sahil Mehta,P00041,Webcam Full HD,Books,UrbanStyle,4,146.42,0.2,23.43,5.61,497.58,UPI,Delivered,Phoenix,AZ,United States,SELL00416
ORD0004828,09-09-2022,CUST026199,Mohit Verma,P00013,Action Camera,Clothing,Apex,1,399.81,0,19.99,3.65,423.45,Debit Card,Delivered,Charlotte,NC,United States,SELL01502
ORD0004829,29-12-2021,CUST049707,Aarav Gupta,P00030,Dress Shirt,Books,Apex,2,356.82,0.05,81.35,0.56,759.87,Net Banking,Delivered,Houston,TX,United States,SELL01601
ORD0004830,07-03-2024,CUST006070,Arjun Joshi,P00015,Instant Pot,Toys & Games,Zenith,1,176.96,0.15,12.03,9.86,172.31,Credit Card,Delivered,Austin,TX,India,SELL01310
ORD0004831,19-01-2024,CUST018228,Vikas Singh,P00033,Puzzle 1000pc,Books,HomeEase,3,514.77,0,123.54,12.42,1680.27,Debit Card,Delivered,San Francisco,CA,United States,SELL01396
ORD0004832,04-12-2022,CUST016917,Rohit Sharma,P00030,Dress Shirt,Toys & Games,Apex,3,580.07,0.1,281.91,5.62,1853.72,Credit Card,Delivered,San Francisco,CA,United States,SELL01303
ORD0004833,22-05-2023,CUST040600,Sahil Kumar,P00002,Bluetooth Speaker,Home & Kitchen,BrightLux,1,343.62,0.2,32.99,2.82,310.71,Debit Card,Delivered,New York,NY,United States,SELL00240
ORD0004834,18-12-2022,CUST033402,Simran Sharma,P00019,LED Desk Lamp,Sports & Outdoors,BrightLux,2,39.75,0,14.31,4.06,97.87,Credit Card,Delivered,San Jose,CA,United States,SELL01201
ORD0004835,05-10-2021,CUST029176,Aman Verma,P00019,LED Desk Lamp,Toys & Games,NexPro,5,424.93,0.05,100.92,0.27,2119.61,Credit Card,Shipped,Charlotte,NC,United States,SELL00293
ORD0004836,07-09-2021,CUST022188,Sunita Gupta,P00004,USB-C Charger,Home & Kitchen,FitLife,1,596.69,0.05,45.35,9.17,621.38,Net Banking,Delivered,San Diego,CA,United Kingdom,SELL00653
ORD0004837,13-07-2020,CUST018565,Simran Sharma,P00039,Graphic Tablet,Home & Kitchen,UrbanStyle,4,556.43,0.2,320.5,14.07,2115.15,Credit Card,Delivered,Los Angeles,CA,United States,SELL01080
ORD0004838,03-05-2021,CUST017341,Kabir Sharma,P00011,Fitness Band,Books,NexPro,3,110.7,0.05,0,10.53,326.02,Credit Card,Delivered,Fort Worth,TX,United States,SELL00104
ORD0004839,05-06-2020,CUST011654,Vivaan Mehta,P00019,LED Desk Lamp,Electronics,Apex,4,171.77,0.2,0,7.6,557.26,UPI,Delivered,Seattle,WA,United States,SELL00416
ORD0004840,01-09-2021,CUST019441,Rohit Kumar,P00022,Water Bottle,Toys & Games,Zenith,2,217.49,0.15,18.49,12.91,401.13,UPI,Delivered,New York,NY,United States,SELL01406
ORD0004841,03-06-2023,CUST042318,Vikas Kumar,P00044,Power Bank 20000mAh,Toys & Games,CoreTech,5,213.85,0.2,42.77,11.26,909.43,Credit Card,Delivered,San Jose,CA,United States,SELL01988
ORD0004842,15-02-2021,CUST044609,Rohit Verma,P00035,Desk Plant,Books,FitLife,2,231.62,0,37.06,7.96,508.26,Credit Card,Delivered,San Francisco,CA,United States,SELL01181
ORD0004843,13-05-2023,CUST002719,Aarav Mehta,P00003,Smartphone Case,Electronics,NexPro,5,412.85,0,371.56,7.77,2443.58,Amazon Pay,Shipped,San Diego,CA,United States,SELL01400
ORD0004844,07-01-2023,CUST046007,Aarav Sharma,P00030,Dress Shirt,Clothing,FitLife,3,94.1,0.15,12,10.96,262.91,Cash on Delivery,Delivered,San Antonio,TX,United States,SELL00723
ORD0004845,21-02-2023,CUST019757,Anjali Kumar,P00027,Winter Jacket,Toys & Games,KiddoFun,4,195.94,0.3,98.75,12.33,659.71,Debit Card,Delivered,Jacksonville,FL,United States,SELL01917
ORD0004846,15-04-2021,CUST004210,Aditya Kumar,P00008,4K Monitor,Sports & Outdoors,KiddoFun,3,404.3,0.2,48.52,9.26,1028.1,Net Banking,Delivered,Chicago,IL,India,SELL00454
ORD0004847,26-05-2023,CUST036426,Vihaan Singh,P00042,Projector Mini,Toys & Games,KiddoFun,2,36.68,0.1,3.3,11.35,80.67,Amazon Pay,Delivered,Phoenix,AZ,United States,SELL00360
ORD0004848,30-05-2021,CUST019255,Mohit Sharma,P00045,Phone Tripod,Clothing,KiddoFun,1,357.85,0.15,24.33,8.39,336.89,Debit Card,Delivered,Jacksonville,FL,United States,SELL00822
ORD0004849,13-06-2024,CUST008252,Karan Reddy,P00033,Puzzle 1000pc,Sports & Outdoors,ReadMore,5,363.23,0,145.29,7.69,1969.13,Credit Card,Delivered,Charlotte,NC,United States,SELL00791
ORD0004850,01-02-2023,CUST033695,Vihaan Patel,P00008,4K Monitor,Home & Kitchen,ReadMore,1,109.07,0,5.45,6.93,121.45,Net Banking,Shipped,San Jose,CA,United States,SELL01531
ORD0004851,27-01-2021,CUST012241,Anjali Reddy,P00014,Drone Mini,Sports & Outdoors,HomeEase,3,534.78,0.2,154.02,6.14,1443.63,UPI,Delivered,Seattle,WA,United States,SELL01111
ORD0004852,22-09-2021,CUST041255,Rohit Kapoor,P00050,Novel Bestseller,Electronics,UrbanStyle,5,396.69,0,99.17,12.9,2095.52,Credit Card,Delivered,San Jose,CA,United States,SELL01007
ORD0004853,26-07-2024,CUST000616,Rohit Reddy,P00009,Portable SSD 1TB,Clothing,CoreTech,2,71.98,0,17.28,5.17,166.41,Debit Card,Delivered,Chicago,IL,United States,SELL01513
ORD0004854,30-08-2021,CUST017968,Sunita Mehta,P00021,Backpack,Clothing,NexPro,2,258.33,0.05,39.27,7.77,537.87,Amazon Pay,Cancelled,San Jose,CA,United Kingdom,SELL01772
ORD0004855,06-09-2022,CUST010320,Vihaan Kumar,P00006,Gaming Mouse,Books,UrbanStyle,4,584.96,0.2,149.75,5.89,2027.51,Net Banking,Returned,Austin,TX,United States,SELL01731
ORD0004856,09-03-2021,CUST025627,Rohit Verma,P00039,Graphic Tablet,Clothing,Apex,2,583.71,0.2,0,14.6,948.54,Amazon Pay,Delivered,Houston,TX,India,SELL00811
ORD0004857,16-09-2023,CUST036624,Vikas Patel,P00038,External HDD 2TB,Electronics,HomeEase,3,553.51,0,132.84,14.8,1808.17,Credit Card,Delivered,New York,NY,United Kingdom,SELL00297
ORD0004858,12-03-2023,CUST036276,Mohit Sharma,P00001,Wireless Earbuds,Electronics,Zenith,4,493.72,0.05,93.81,4.58,1974.53,UPI,Delivered,San Francisco,CA,United States,SELL01539
ORD0004859,28-12-2024,CUST021737,Sunita Patel,P00020,Office Chair,Electronics,Zenith,4,168.72,0.05,51.29,12.11,704.54,Cash on Delivery,Delivered,Houston,TX,United States,SELL00256
ORD0004860,23-06-2021,CUST047477,Aarav Mehta,P00032,Board Game,Toys & Games,ReadMore,3,509.72,0.05,116.22,7.16,1576.08,Credit Card,Delivered,Philadelphia,PA,United States,SELL01070
ORD0004861,04-10-2020,CUST008539,Rohit Joshi,P00023,Cookware Set,Electronics,UrbanStyle,3,316.81,0.3,53.22,6.11,724.63,Amazon Pay,Delivered,Houston,TX,United States,SELL01059
ORD0004862,20-08-2020,CUST011702,Sneha Verma,P00028,Jeans,Toys & Games,HomeEase,2,511.61,0.15,69.58,2.77,942.09,Cash on Delivery,Delivered,New York,NY,India,SELL01004
ORD0004863,01-04-2024,CUST005257,Pooja Kapoor,P00001,Wireless Earbuds,Electronics,UrbanStyle,2,484.41,0,77.51,1.21,1047.54,UPI,Delivered,San Jose,CA,United States,SELL00484
ORD0004864,13-05-2024,CUST003225,Vikas Sharma,P00003,Smartphone Case,Clothing,CoreTech,5,495.47,0,445.92,2.16,2925.43,Credit Card,Delivered,Philadelphia,PA,United States,SELL00732
ORD0004865,18-01-2023,CUST012632,Aditya Kumar,P00047,Memory Card 128GB,Books,BrightLux,4,30.37,0.15,18.59,10.66,132.51,Amazon Pay,Delivered,Dallas,TX,India,SELL00892
ORD0004866,24-02-2024,CUST018490,Karan Gupta,P00012,Noise Cancelling Headphones,Electronics,NexPro,2,446.41,0.05,101.78,8.19,958.15,Cash on Delivery,Shipped,Philadelphia,PA,United States,SELL01369
ORD0004867,07-05-2023,CUST016604,Kabir Joshi,P00029,T-Shirt,Home & Kitchen,FitLife,4,343.98,0,0,7.43,1383.35,Debit Card,Delivered,Denver,CO,United States,SELL00432
ORD0004868,27-12-2020,CUST021522,Vihaan Reddy,P00021,Backpack,Home & Kitchen,ReadMore,4,68.86,0,0,0.33,275.77,Credit Card,Shipped,Seattle,WA,United States,SELL01213
ORD0004869,04-01-2024,CUST014764,Ritika Singh,P00037,Router,Sports & Outdoors,ReadMore,1,374.79,0.1,26.98,0.25,364.54,Amazon Pay,Delivered,Charlotte,NC,United Kingdom,SELL00889
ORD0004870,26-01-2020,CUST029514,Pooja Verma,P00011,Fitness Band,Books,Zenith,5,598.71,0,149.68,12.51,3155.74,Amazon Pay,Delivered,New York,NY,India,SELL01623
ORD0004871,14-11-2022,CUST001201,Kabir Patel,P00005,Laptop Sleeve,Sports & Outdoors,CoreTech,1,177.89,0.15,12.1,9.39,172.7,Credit Card,Shipped,San Francisco,CA,India,SELL00979
ORD0004872,18-11-2023,CUST048610,Sunita Singh,P00015,Instant Pot,Books,Zenith,5,529.49,0,132.37,13.86,2793.68,Amazon Pay,Delivered,San Antonio,TX,United Kingdom,SELL00928
ORD0004873,21-05-2021,CUST005835,Anjali Singh,P00010,Smartwatch,Toys & Games,HomeEase,1,281.74,0,33.81,6.04,321.59,Cash on Delivery,Delivered,Charlotte,NC,United States,SELL01374
ORD0004874,17-08-2023,CUST014839,Anjali Joshi,P00011,Fitness Band,Home & Kitchen,Zenith,1,404.65,0,20.23,4.2,429.08,UPI,Delivered,Washington,DC,United States,SELL01848
ORD0004875,24-09-2023,CUST047726,Aditya Patel,P00018,Vacuum Cleaner,Sports & Outdoors,NexPro,4,325.41,0.05,148.39,1.41,1386.36,UPI,Delivered,Indianapolis,IN,United States,SELL00688
ORD0004876,23-09-2020,CUST006054,Aarav Kapoor,P00037,Router,Toys & Games,UrbanStyle,4,354.16,0.2,90.66,2.75,1226.72,UPI,Delivered,Seattle,WA,United States,SELL00992
ORD0004877,05-04-2021,CUST033473,Ritika Joshi,P00033,Puzzle 1000pc,Toys & Games,KiddoFun,1,354.57,0,63.82,10.21,428.6,Net Banking,Delivered,Los Angeles,CA,India,SELL01866
ORD0004878,12-09-2024,CUST037713,Sunita Reddy,P00043,HDMI Cable 2m,Sports & Outdoors,HomeEase,3,324.44,0.15,66.19,5.99,899.5,Credit Card,Delivered,Austin,TX,India,SELL01937
ORD0004879,31-03-2021,CUST046065,Sneha Reddy,P00048,Wireless Charger,Toys & Games,KiddoFun,1,413.22,0.1,18.59,9.59,400.08,Credit Card,Shipped,Austin,TX,United States,SELL00980
ORD0004880,15-10-2023,CUST036817,Ritika Sharma,P00040,Microphone,Books,Zenith,5,462,0.1,103.95,11.26,2194.21,Net Banking,Delivered,Washington,DC,United States,SELL00815
ORD0004881,27-12-2022,CUST029312,Sneha Sharma,P00020,Office Chair,Toys & Games,Zenith,3,228.05,0.1,30.79,11.27,657.8,Credit Card,Delivered,Jacksonville,FL,Australia,SELL00219
ORD0004882,03-10-2022,CUST048138,Kabir Verma,P00026,Sunglasses,Sports & Outdoors,ReadMore,3,47.03,0.25,5.29,7.11,118.22,Debit Card,Delivered,San Jose,CA,Canada,SELL00694
ORD0004883,12-05-2022,CUST029486,Priya Kumar,P00029,T-Shirt,Sports & Outdoors,FitLife,1,137.95,0.2,5.52,8.19,124.07,Credit Card,Delivered,Indianapolis,IN,Australia,SELL01866
ORD0004884,06-12-2023,CUST022786,Karan Kumar,P00032,Board Game,Sports & Outdoors,NexPro,5,111.51,0,27.88,7.22,592.65,Debit Card,Delivered,San Antonio,TX,Canada,SELL00221
ORD0004885,05-05-2021,CUST002930,Kabir Verma,P00021,Backpack,Electronics,UrbanStyle,5,247.23,0.05,58.72,2.98,1236.04,Cash on Delivery,Cancelled,Phoenix,AZ,United States,SELL01569
ORD0004886,08-12-2022,CUST035220,Vivaan Singh,P00017,Electric Kettle,Clothing,UrbanStyle,2,440.52,0,44.05,9.24,934.33,Credit Card,Pending,Philadelphia,PA,United States,SELL01084
ORD0004887,06-09-2024,CUST001248,Vikas Joshi,P00014,Drone Mini,Sports & Outdoors,ReadMore,1,474.17,0,23.71,4.76,502.64,Credit Card,Shipped,San Jose,CA,United States,SELL00919
ORD0004888,17-07-2021,CUST049923,Priya Kumar,P00016,Air Fryer,Sports & Outdoors,FitLife,2,369.11,0.15,75.3,10.54,713.33,Amazon Pay,Shipped,Seattle,WA,United States,SELL01018
ORD0004889,30-01-2023,CUST018980,Arjun Mehta,P00030,Dress Shirt,Toys & Games,CoreTech,5,101.16,0.15,21.5,9,460.43,Credit Card,Delivered,Fort Worth,TX,Australia,SELL00892
ORD0004890,03-08-2020,CUST004357,Rohit Sharma,P00036,Smart Light Bulb,Electronics,FitLife,1,540.96,0.15,22.99,6.31,489.12,Credit Card,Delivered,Austin,TX,United States,SELL01206
ORD0004891,01-01-2024,CUST032020,Sneha Kapoor,P00019,LED Desk Lamp,Electronics,HomeEase,4,469.07,0.15,127.59,4.04,1726.47,Credit Card,Delivered,Jacksonville,FL,United States,SELL01675
ORD0004892,19-09-2024,CUST045827,Simran Patel,P00025,Running Shoes,Sports & Outdoors,NexPro,4,448.35,0.3,100.43,8.64,1364.45,Credit Card,Shipped,Philadelphia,PA,United States,SELL01586
ORD0004893,11-05-2024,CUST036196,Arjun Gupta,P00037,Router,Books,FitLife,2,373.2,0.2,47.77,8.63,653.52,Credit Card,Delivered,San Diego,CA,Canada,SELL00990
ORD0004894,12-07-2021,CUST002374,Anjali Sharma,P00009,Portable SSD 1TB,Home & Kitchen,BrightLux,1,144.15,0.1,6.49,12.27,148.5,Credit Card,Delivered,New York,NY,United States,SELL00214
ORD0004895,07-06-2020,CUST044007,Aman Mehta,P00040,Microphone,Electronics,UrbanStyle,3,456.37,0,68.46,10.16,1447.73,Amazon Pay,Delivered,Austin,TX,India,SELL01927
ORD0004896,03-05-2021,CUST012516,Priya Sharma,P00009,Portable SSD 1TB,Books,BrightLux,4,474.68,0,0,11.88,1910.6,UPI,Delivered,Philadelphia,PA,Australia,SELL01567
ORD0004897,16-11-2021,CUST010840,Sneha Patel,P00032,Board Game,Clothing,FitLife,1,80.93,0.2,3.24,6.46,74.44,Cash on Delivery,Delivered,San Jose,CA,United States,SELL01319
ORD0004898,19-06-2023,CUST019759,Anjali Kumar,P00019,LED Desk Lamp,Clothing,CoreTech,4,213.98,0,102.71,2.56,961.19,Credit Card,Delivered,New York,NY,United States,SELL00718
ORD0004899,04-03-2022,CUST031846,Rohit Reddy,P00024,Yoga Mat,Toys & Games,KiddoFun,1,108.56,0.25,6.51,9.34,97.27,Credit Card,Delivered,Indianapolis,IN,United States,SELL00059
ORD0004900,11-11-2024,CUST044325,Vivaan Kumar,P00019,LED Desk Lamp,Home & Kitchen,CoreTech,1,8.28,0.05,0.94,4.42,13.23,Cash on Delivery,Cancelled,Jacksonville,FL,India,SELL00458
ORD0004901,05-01-2020,CUST049160,Sneha Kapoor,P00017,Electric Kettle,Toys & Games,ReadMore,2,71.92,0,7.19,4.63,155.66,Credit Card,Delivered,Los Angeles,CA,United States,SELL01388
ORD0004902,07-06-2024,CUST006769,Sunita Reddy,P00009,Portable SSD 1TB,Electronics,ReadMore,5,45.97,0.1,37.24,7.1,251.2,Net Banking,Delivered,Los Angeles,CA,United States,SELL00398
ORD0004903,26-12-2020,CUST022736,Anjali Singh,P00017,Electric Kettle,Books,Apex,5,202.01,0,80.8,6.17,1097.02,Credit Card,Delivered,Denver,CO,United States,SELL00095
ORD0004904,03-04-2021,CUST028011,Simran Sharma,P00048,Wireless Charger,Sports & Outdoors,ReadMore,1,194.87,0,9.74,14.13,218.74,UPI,Delivered,Indianapolis,IN,United States,SELL00525
ORD0004905,04-09-2020,CUST024526,Aditya Joshi,P00005,Laptop Sleeve,Electronics,CoreTech,1,252.81,0.1,27.3,7.35,262.18,Cash on Delivery,Delivered,San Diego,CA,United States,SELL01944
ORD0004906,08-05-2024,CUST017453,Aditya Kumar,P00024,Yoga Mat,Clothing,FitLife,4,318.95,0.15,54.22,5.33,1143.98,Credit Card,Delivered,Philadelphia,PA,United States,SELL00633
ORD0004907,23-08-2024,CUST014794,Vivaan Singh,P00001,Wireless Earbuds,Clothing,BrightLux,1,33.72,0,4.05,4.52,42.29,Debit Card,Cancelled,Seattle,WA,Canada,SELL00449
ORD0004908,03-08-2022,CUST041482,Rohit Singh,P00032,Board Game,Sports & Outdoors,UrbanStyle,1,330.78,0,26.46,10.44,367.68,Cash on Delivery,Delivered,Austin,TX,United States,SELL01822
ORD0004909,25-02-2021,CUST006486,Aditya Singh,P00001,Wireless Earbuds,Toys & Games,Zenith,5,456.18,0.05,108.34,3.32,2278.52,Debit Card,Shipped,Philadelphia,PA,India,SELL00896
ORD0004910,27-10-2024,CUST010472,Ritika Reddy,P00002,Bluetooth Speaker,Books,NexPro,4,387.24,0,0,7.73,1556.69,Credit Card,Delivered,Philadelphia,PA,United States,SELL01093
ORD0004911,15-01-2020,CUST022249,Rohit Kumar,P00009,Portable SSD 1TB,Electronics,HomeEase,3,34.9,0.1,0,0.68,94.91,UPI,Delivered,Phoenix,AZ,United States,SELL00032
ORD0004912,05-01-2022,CUST038367,Aman Verma,P00012,Noise Cancelling Headphones,Clothing,HomeEase,4,403.37,0,80.67,13.91,1708.06,Credit Card,Delivered,Denver,CO,Australia,SELL01105
ORD0004913,15-05-2024,CUST018700,Karan Joshi,P00044,Power Bank 20000mAh,Toys & Games,Apex,5,140.57,0.05,53.42,1.42,722.55,Credit Card,Delivered,Washington,DC,United States,SELL01260
ORD0004914,19-02-2023,CUST041709,Priya Singh,P00036,Smart Light Bulb,Electronics,KiddoFun,2,125.96,0.15,0,9.81,223.94,Net Banking,Delivered,Houston,TX,United States,SELL01187
ORD0004915,03-10-2020,CUST046344,Rohit Kumar,P00038,External HDD 2TB,Toys & Games,ReadMore,1,54.97,0.2,7.92,5.24,57.14,Credit Card,Shipped,San Diego,CA,United States,SELL00745
ORD0004916,30-04-2024,CUST025468,Karan Singh,P00001,Wireless Earbuds,Books,BrightLux,4,446.59,0,0,1.89,1788.25,Debit Card,Delivered,Austin,TX,United States,SELL00637
ORD0004917,28-03-2021,CUST044333,Kabir Kumar,P00019,LED Desk Lamp,Electronics,HomeEase,4,446.01,0.1,128.45,3.31,1737.4,Amazon Pay,Delivered,Jacksonville,FL,United States,SELL01899
ORD0004918,14-11-2023,CUST025176,Priya Gupta,P00013,Action Camera,Sports & Outdoors,ReadMore,4,265.3,0,127.34,14.63,1203.17,Debit Card,Shipped,Denver,CO,United States,SELL01042
ORD0004919,10-08-2023,CUST016257,Ritika Joshi,P00033,Puzzle 1000pc,Books,Zenith,4,67.02,0.1,0,2.86,244.13,UPI,Delivered,Washington,DC,United States,SELL01921
ORD0004920,16-05-2024,CUST043674,Rohit Gupta,P00006,Gaming Mouse,Home & Kitchen,BrightLux,1,195.92,0,23.51,0.67,220.1,Credit Card,Delivered,Charlotte,NC,United States,SELL00448
ORD0004921,20-08-2021,CUST010582,Neha Verma,P00007,Mechanical Keyboard,Sports & Outdoors,FitLife,1,52.65,0.1,3.79,5.42,56.6,Debit Card,Delivered,Washington,DC,United States,SELL01089
ORD0004922,21-03-2021,CUST045163,Vikas Mehta,P00002,Bluetooth Speaker,Sports & Outdoors,UrbanStyle,1,553.87,0.15,56.49,14.02,541.3,Debit Card,Delivered,Los Angeles,CA,United States,SELL01572
ORD0004923,28-07-2020,CUST003896,Sunita Singh,P00029,T-Shirt,Sports & Outdoors,CoreTech,5,561.08,0.1,201.99,10.6,2737.45,Credit Card,Delivered,Columbus,OH,United States,SELL01399
ORD0004924,01-06-2024,CUST019810,Neha Joshi,P00034,Desk Organizer,Clothing,NexPro,1,485.1,0.3,16.98,1.71,358.26,Credit Card,Shipped,Houston,TX,United States,SELL00765
ORD0004925,14-12-2021,CUST043467,Karan Reddy,P00023,Cookware Set,Books,Apex,3,81.72,0.2,9.81,11.29,217.23,Net Banking,Delivered,San Antonio,TX,United States,SELL00639
ORD0004926,28-10-2020,CUST032644,Kabir Mehta,P00047,Memory Card 128GB,Electronics,Apex,5,101.16,0.1,36.42,2.63,494.27,Credit Card,Delivered,Charlotte,NC,India,SELL01591
ORD0004927,31-05-2023,CUST002681,Arjun Joshi,P00008,4K Monitor,Electronics,Zenith,1,417.06,0.05,31.7,13.44,441.35,UPI,Shipped,Houston,TX,United States,SELL00400
ORD0004928,23-10-2024,CUST027353,Aarav Mehta,P00036,Smart Light Bulb,Electronics,BrightLux,4,273.55,0.05,83.16,10.8,1133.45,Credit Card,Delivered,Phoenix,AZ,United States,SELL01845
ORD0004929,03-01-2020,CUST021087,Karan Verma,P00034,Desk Organizer,Sports & Outdoors,KiddoFun,2,110.52,0,17.68,14.05,252.77,Debit Card,Delivered,Austin,TX,United States,SELL00355
ORD0004930,16-09-2022,CUST027223,Priya Kapoor,P00043,HDMI Cable 2m,Sports & Outdoors,UrbanStyle,3,156.41,0.3,39.42,8.18,376.06,Cash on Delivery,Delivered,San Diego,CA,United States,SELL01604
ORD0004931,21-03-2024,CUST030632,Sahil Singh,P00020,Office Chair,Home & Kitchen,CoreTech,5,326.4,0.05,124.03,11.65,1686.08,Credit Card,Delivered,Indianapolis,IN,United States,SELL01334
ORD0004932,21-01-2023,CUST024678,Sahil Singh,P00003,Smartphone Case,Toys & Games,Zenith,3,222.52,0.05,50.73,8.61,693.52,Credit Card,Delivered,San Diego,CA,United States,SELL01240
ORD0004933,03-06-2021,CUST025956,Pooja Mehta,P00023,Cookware Set,Sports & Outdoors,Apex,5,313.6,0.05,74.48,2.3,1566.38,UPI,Delivered,San Jose,CA,United Kingdom,SELL00330
ORD0004934,22-12-2023,CUST004039,Simran Gupta,P00033,Puzzle 1000pc,Books,UrbanStyle,5,502.99,0.1,113.17,5.61,2382.24,Debit Card,Delivered,Chicago,IL,India,SELL01863
ORD0004935,07-05-2021,CUST009610,Simran Gupta,P00026,Sunglasses,Home & Kitchen,FitLife,4,5.18,0.05,0.98,2.03,22.69,Net Banking,Delivered,Los Angeles,CA,United States,SELL00503
ORD0004936,12-06-2023,CUST010822,Sunita Reddy,P00043,HDMI Cable 2m,Toys & Games,UrbanStyle,3,42.19,0.2,0,12,113.26,Credit Card,Delivered,Dallas,TX,United States,SELL00207
ORD0004937,11-09-2021,CUST047839,Kabir Joshi,P00042,Projector Mini,Sports & Outdoors,UrbanStyle,4,11.36,0,2.27,5.37,53.08,Credit Card,Delivered,San Francisco,CA,United States,SELL00981
ORD0004938,30-03-2023,CUST000260,Aditya Patel,P00001,Wireless Earbuds,Books,BrightLux,1,294.94,0,23.6,4.96,323.5,Credit Card,Delivered,Austin,TX,United Kingdom,SELL00832
ORD0004939,10-10-2024,CUST016661,Arjun Joshi,P00016,Air Fryer,Books,HomeEase,4,485.38,0.05,332,0.34,2176.78,Debit Card,Shipped,Phoenix,AZ,United States,SELL00690
ORD0004940,10-11-2024,CUST041770,Rohit Singh,P00012,Noise Cancelling Headphones,Electronics,Zenith,2,138.73,0,33.3,3.47,314.23,Credit Card,Delivered,Jacksonville,FL,United States,SELL00392
ORD0004941,26-11-2020,CUST021076,Rohit Sharma,P00012,Noise Cancelling Headphones,Home & Kitchen,Zenith,4,137.02,0.25,32.88,10.45,454.39,Amazon Pay,Delivered,San Antonio,TX,United States,SELL00138
ORD0004942,28-11-2020,CUST004561,Aarav Reddy,P00020,Office Chair,Home & Kitchen,Zenith,3,207.45,0,112.02,3.78,738.15,Net Banking,Delivered,Denver,CO,India,SELL00255
ORD0004943,19-02-2020,CUST040308,Vikas Joshi,P00036,Smart Light Bulb,Clothing,Apex,3,87.48,0,21,0.58,284.02,UPI,Delivered,Dallas,TX,United States,SELL00074
ORD0004944,26-03-2024,CUST036095,Sunita Mehta,P00010,Smartwatch,Home & Kitchen,FitLife,4,22.24,0,4.45,9.67,103.08,Credit Card,Delivered,Seattle,WA,United Kingdom,SELL00652
ORD0004945,12-05-2022,CUST030219,Sunita Patel,P00023,Cookware Set,Home & Kitchen,Zenith,3,371.14,0.2,44.54,6.04,941.32,Debit Card,Delivered,Philadelphia,PA,India,SELL01109
ORD0004946,18-08-2024,CUST046802,Sunita Joshi,P00038,External HDD 2TB,Toys & Games,Zenith,2,573.88,0.05,87.23,8.01,1185.61,Credit Card,Cancelled,Houston,TX,India,SELL00336
ORD0004947,24-02-2024,CUST019319,Priya Kapoor,P00031,Kids Toy Car,Home & Kitchen,KiddoFun,1,539.59,0,64.75,0.83,605.17,Debit Card,Delivered,Columbus,OH,Australia,SELL01664
ORD0004948,24-05-2024,CUST014988,Aditya Mehta,P00013,Action Camera,Clothing,CoreTech,1,18.02,0,0.9,0.04,18.96,Cash on Delivery,Delivered,Columbus,OH,India,SELL01016
ORD0004949,31-08-2024,CUST036127,Vivaan Verma,P00006,Gaming Mouse,Clothing,Apex,3,339.38,0.05,48.36,5.1,1020.69,UPI,Delivered,Los Angeles,CA,Canada,SELL00531
ORD0004950,28-09-2020,CUST047802,Sunita Kapoor,P00048,Wireless Charger,Sports & Outdoors,NexPro,3,136.89,0.2,26.28,10.63,365.45,UPI,Shipped,Phoenix,AZ,United States,SELL00157
ORD0004951,02-08-2021,CUST044752,Mohit Kumar,P00003,Smartphone Case,Toys & Games,CoreTech,1,32.37,0,1.62,5.36,39.35,Net Banking,Delivered,Columbus,OH,India,SELL00420
ORD0004952,29-06-2023,CUST047145,Karan Gupta,P00032,Board Game,Home & Kitchen,NexPro,2,496.06,0.15,42.17,7.99,893.46,Debit Card,Delivered,Philadelphia,PA,India,SELL01277
ORD0004953,13-07-2021,CUST018544,Vikas Reddy,P00013,Action Camera,Books,KiddoFun,4,358.1,0,71.62,7.42,1511.44,UPI,Delivered,Seattle,WA,United States,SELL00119
ORD0004954,26-11-2021,CUST002764,Neha Patel,P00047,Memory Card 128GB,Home & Kitchen,Zenith,1,441.43,0.05,33.55,12.91,465.82,Debit Card,Delivered,Washington,DC,United States,SELL01286
ORD0004955,18-09-2024,CUST014193,Vivaan Mehta,P00030,Dress Shirt,Toys & Games,KiddoFun,1,190.23,0.1,20.54,4.45,196.2,Net Banking,Delivered,Indianapolis,IN,India,SELL01348
ORD0004956,18-01-2023,CUST003277,Karan Kumar,P00018,Vacuum Cleaner,Home & Kitchen,Apex,1,541.78,0.15,55.26,6.34,522.11,Cash on Delivery,Delivered,New York,NY,Canada,SELL01341
ORD0004957,21-03-2021,CUST047743,Sneha Joshi,P00002,Bluetooth Speaker,Books,Zenith,3,347.98,0.1,75.16,12.45,1027.16,UPI,Delivered,Jacksonville,FL,Canada,SELL01054
ORD0004958,13-10-2022,CUST022594,Vivaan Patel,P00005,Laptop Sleeve,Books,CoreTech,3,412.88,0.25,46.45,12.53,987.96,UPI,Delivered,New York,NY,United States,SELL01854
ORD0004959,17-09-2023,CUST030065,Aarav Singh,P00020,Office Chair,Clothing,ReadMore,5,333.05,0.3,58.28,12.06,1236.01,Debit Card,Pending,Jacksonville,FL,United States,SELL01250
ORD0004960,08-03-2023,CUST028431,Pooja Kapoor,P00022,Water Bottle,Clothing,UrbanStyle,1,551.67,0,66.2,13.7,631.57,UPI,Delivered,San Antonio,TX,United States,SELL00023
ORD0004961,22-12-2020,CUST033229,Simran Singh,P00003,Smartphone Case,Toys & Games,Zenith,3,231.07,0,55.46,7.23,755.9,Credit Card,Delivered,San Jose,CA,United States,SELL00861
ORD0004962,12-06-2024,CUST008738,Pooja Kumar,P00021,Backpack,Electronics,UrbanStyle,1,536.96,0.05,91.82,1.82,603.75,Cash on Delivery,Shipped,Chicago,IL,United States,SELL01314
ORD0004963,30-09-2020,CUST047061,Kabir Kapoor,P00009,Portable SSD 1TB,Electronics,KiddoFun,4,363.88,0.1,157.2,5.37,1472.54,UPI,Delivered,Fort Worth,TX,United States,SELL01429
ORD0004964,08-11-2022,CUST004140,Mohit Sharma,P00001,Wireless Earbuds,Toys & Games,Zenith,3,513.21,0.3,129.33,8.44,1215.51,Credit Card,Delivered,Fort Worth,TX,United States,SELL00236
ORD0004965,06-11-2020,CUST014077,Vihaan Verma,P00022,Water Bottle,Clothing,Zenith,1,434.07,0.1,31.25,1.08,422.99,Net Banking,Delivered,Charlotte,NC,United States,SELL00948
ORD0004966,19-05-2022,CUST017743,Sunita Mehta,P00002,Bluetooth Speaker,Clothing,Apex,3,266.88,0.05,60.85,9.7,831.16,Credit Card,Delivered,Columbus,OH,United States,SELL01104
ORD0004967,04-06-2022,CUST028003,Ritika Verma,P00023,Cookware Set,Clothing,HomeEase,2,65.98,0.15,5.61,4.98,122.76,Debit Card,Delivered,Philadelphia,PA,Canada,SELL01487
ORD0004968,02-06-2020,CUST038236,Aman Kumar,P00028,Jeans,Electronics,BrightLux,2,235.59,0.1,0,13.41,437.47,Credit Card,Shipped,Los Angeles,CA,United States,SELL00872
ORD0004969,14-11-2023,CUST011654,Karan Singh,P00027,Winter Jacket,Toys & Games,CoreTech,4,572.35,0,114.47,6.81,2410.68,Credit Card,Cancelled,Washington,DC,United States,SELL01225
ORD0004970,07-07-2023,CUST036325,Karan Gupta,P00050,Novel Bestseller,Clothing,NexPro,5,474.79,0.2,151.93,6.48,2057.57,UPI,Delivered,Denver,CO,United States,SELL01267
ORD0004971,11-09-2021,CUST014120,Priya Reddy,P00030,Dress Shirt,Books,CoreTech,4,49.52,0.1,8.91,14.95,202.13,Amazon Pay,Cancelled,Columbus,OH,United States,SELL01716
ORD0004972,01-06-2022,CUST009478,Sahil Mehta,P00009,Portable SSD 1TB,Electronics,HomeEase,1,31.29,0,1.56,0.31,33.16,Credit Card,Delivered,Fort Worth,TX,United States,SELL00470
ORD0004973,07-03-2022,CUST028747,Ritika Gupta,P00043,HDMI Cable 2m,Electronics,HomeEase,2,47.75,0.1,10.31,9.03,105.29,Cash on Delivery,Delivered,Dallas,TX,India,SELL00259
ORD0004974,13-05-2024,CUST026126,Karan Verma,P00048,Wireless Charger,Sports & Outdoors,HomeEase,3,37.97,0.15,4.84,10.13,111.79,Debit Card,Delivered,Phoenix,AZ,United States,SELL01319
ORD0004975,04-05-2020,CUST008149,Vihaan Kapoor,P00050,Novel Bestseller,Toys & Games,CoreTech,1,575.79,0,28.79,14.4,618.98,Net Banking,Delivered,Los Angeles,CA,United Kingdom,SELL01215
ORD0004976,09-10-2023,CUST030587,Vikas Singh,P00044,Power Bank 20000mAh,Home & Kitchen,Apex,1,452.4,0.1,20.36,14.46,441.98,Debit Card,Returned,Los Angeles,CA,United States,SELL01643
ORD0004977,20-07-2023,CUST045524,Pooja Kumar,P00018,Vacuum Cleaner,Sports & Outdoors,KiddoFun,3,571.06,0,205.58,5.8,1924.56,Debit Card,Delivered,Dallas,TX,United States,SELL00697
ORD0004978,10-09-2021,CUST047405,Sunita Gupta,P00007,Mechanical Keyboard,Electronics,UrbanStyle,4,109.57,0.25,39.45,5.66,373.82,Amazon Pay,Shipped,Charlotte,NC,United States,SELL01521
ORD0004979,01-09-2020,CUST044510,Aarav Singh,P00042,Projector Mini,Toys & Games,HomeEase,4,304.58,0.1,131.58,4.3,1232.37,Credit Card,Shipped,Washington,DC,United States,SELL00844
ORD0004980,27-04-2022,CUST013802,Neha Sharma,P00041,Webcam Full HD,Clothing,KiddoFun,5,369.61,0,332.65,3.68,2184.38,Credit Card,Delivered,San Diego,CA,India,SELL01235
ORD0004981,25-03-2021,CUST027947,Vihaan Verma,P00017,Electric Kettle,Sports & Outdoors,Apex,5,580.59,0,145.15,13.08,3061.18,UPI,Delivered,Austin,TX,United States,SELL00978
ORD0004982,18-07-2022,CUST010726,Karan Reddy,P00043,HDMI Cable 2m,Toys & Games,Zenith,3,300.83,0,108.3,14.97,1025.76,Net Banking,Delivered,Chicago,IL,United States,SELL01004
ORD0004983,24-06-2023,CUST041909,Karan Gupta,P00023,Cookware Set,Home & Kitchen,CoreTech,5,96.16,0.1,21.64,10.85,465.21,Amazon Pay,Shipped,Dallas,TX,United States,SELL01991
ORD0004984,03-06-2021,CUST045723,Karan Singh,P00002,Bluetooth Speaker,Books,Apex,4,459.67,0.2,117.68,3.78,1592.4,Credit Card,Delivered,Houston,TX,United States,SELL01335
ORD0004985,10-03-2023,CUST040312,Mohit Patel,P00003,Smartphone Case,Home & Kitchen,CoreTech,1,47.45,0,2.37,1.62,51.44,Amazon Pay,Delivered,San Diego,CA,India,SELL00878
ORD0004986,27-12-2020,CUST048325,Mohit Singh,P00025,Running Shoes,Clothing,Apex,3,136.52,0.15,41.78,10.56,400.47,Credit Card,Pending,San Diego,CA,United States,SELL00424
ORD0004987,08-01-2020,CUST020549,Rohit Joshi,P00044,Power Bank 20000mAh,Books,FitLife,4,532.56,0.3,119.29,13.9,1624.36,Debit Card,Delivered,Seattle,WA,India,SELL00526
ORD0004988,22-04-2021,CUST047664,Mohit Reddy,P00029,T-Shirt,Toys & Games,Apex,4,574.32,0.1,165.4,10.56,2243.51,Credit Card,Shipped,Denver,CO,United States,SELL01889
ORD0004989,07-10-2023,CUST040952,Vihaan Joshi,P00018,Vacuum Cleaner,Clothing,Zenith,5,584.92,0,233.97,8.33,3166.9,Amazon Pay,Delivered,Seattle,WA,United States,SELL00430
ORD0004990,09-05-2021,CUST038137,Ritika Kumar,P00047,Memory Card 128GB,Clothing,Zenith,4,127.46,0,0,5.66,515.5,Credit Card,Delivered,Los Angeles,CA,United States,SELL01238
ORD0004991,17-06-2024,CUST000232,Mohit Kumar,P00017,Electric Kettle,Home & Kitchen,HomeEase,1,326.59,0,16.33,2.24,345.16,Debit Card,Delivered,Austin,TX,United States,SELL01149
ORD0004992,12-04-2022,CUST036303,Vivaan Singh,P00010,Smartwatch,Electronics,NexPro,1,269.61,0,13.48,9.92,293.01,UPI,Cancelled,Phoenix,AZ,United States,SELL00764
ORD0004993,21-12-2023,CUST034415,Rohit Gupta,P00003,Smartphone Case,Sports & Outdoors,FitLife,1,417.86,0,75.21,14.3,507.37,Cash on Delivery,Delivered,Austin,TX,United States,SELL01825
ORD0004994,28-11-2022,CUST043337,Karan Joshi,P00024,Yoga Mat,Sports & Outdoors,CoreTech,2,293.85,0,70.52,1.56,659.78,Debit Card,Delivered,Los Angeles,CA,United States,SELL00153
ORD0004995,15-08-2021,CUST014191,Kabir Verma,P00012,Noise Cancelling Headphones,Clothing,CoreTech,2,348.09,0,34.81,14.84,745.83,Credit Card,Delivered,Los Angeles,CA,India,SELL01565
ORD0004996,05-07-2020,CUST049945,Mohit Verma,P00042,Projector Mini,Home & Kitchen,HomeEase,1,331.09,0,16.55,5.94,353.58,Debit Card,Returned,San Antonio,TX,United States,SELL00427
ORD0004997,07-06-2024,CUST021640,Priya Verma,P00001,Wireless Earbuds,Clothing,ReadMore,2,115.78,0.2,9.26,10.32,204.83,Credit Card,Shipped,Washington,DC,United States,SELL00200
ORD0004998,11-06-2024,CUST035559,Sunita Verma,P00016,Air Fryer,Sports & Outdoors,NexPro,4,511.97,0.1,147.45,10.08,2000.62,UPI,Delivered,Austin,TX,United States,SELL01505
ORD0004999,23-01-2022,CUST021247,Pooja Verma,P00048,Wireless Charger,Sports & Outdoors,ReadMore,3,52.12,0,7.82,10.28,174.46,Debit Card,Delivered,Phoenix,AZ,United States,SELL00661
